title,url,viewer_url,kogl_type1,parent_docid,mngno,docid,item_title,source_id
"경기도 경성부 중부 종로2정목외16정-001[관철동,인사동,관훈동,낙원동,경운동,운니동] - 운니동 0001",https://theme.archives.go.kr/next/acreage/viewCadastreDetail.do?typesub=Y&type=12&packid=0000508329&docid=0014177160&mngno=BJCA000142&want=0&formType=oldName&rtURL=,https://theme.archives.go.kr/viewer/common/archWebViewer.do?singleData=Y&archiveEventId=0014177160,True,0014177160,BJCA000142,0014177160,운니동 0001,
"경기도 경성부 중부 종로2정목외16정-001[관철동,인사동,관훈동,낙원동,경운동,운니동] - 운니동 0002",https://theme.archives.go.kr/next/acreage/viewCadastreDetail.do?typesub=Y&type=12&packid=0000508329&docid=0049420193&mngno=BJCA000142&want=0&formType=oldName&rtURL=,https://theme.archives.go.kr/viewer/common/archWebViewer.do?singleData=Y&archiveEventId=0049420193,True,0014177160,BJCA000142,0049420193,운니동 0002,
"경기도 경성부 중부 종로2정목외16정-001[관철동,인사동,관훈동,낙원동,경운동,운니동] - 운니동 0003",https://theme.archives.go.kr/next/acreage/viewCadastreDetail.do?typesub=Y&type=12&packid=0000508329&docid=0049420194&mngno=BJCA000142&want=0&formType=oldName&rtURL=,https://theme.archives.go.kr/viewer/common/archWebViewer.do?singleData=Y&archiveEventId=0049420194,True,0014177160,BJCA000142,0049420194,운니동 0003,
"경기도 경성부 중부 종로2정목외16정-001[관철동,인사동,관훈동,낙원동,경운동,운니동] - 운니동 0004",https://theme.archives.go.kr/next/acreage/viewCadastreDetail.do?typesub=Y&type=12&packid=0000508329&docid=0049420195&mngno=BJCA000142&want=0&formType=oldName&rtURL=,https://theme.archives.go.kr/viewer/common/archWebViewer.do?singleData=Y&archiveEventId=0049420195,True,0014177160,BJCA000142,0049420195,운니동 0004,
"경기도 경성부 중부 종로2정목외16정-001[관철동,인사동,관훈동,낙원동,경운동,운니동] - 운니동 0005",https://theme.archives.go.kr/next/acreage/viewCadastreDetail.do?typesub=Y&type=12&packid=0000508329&docid=0049889482&mngno=BJCA000142&want=0&formType=oldName&rtURL=,https://theme.archives.go.kr/viewer/common/archWebViewer.do?singleData=Y&archiveEventId=0049889482,True,0014177160,BJCA000142,0049889482,운니동 0005,
"경기도 경성부 중부 종로2정목외16정-001[관철동,인사동,관훈동,낙원동,경운동,운니동] - 운니동 0006",https://theme.archives.go.kr/next/acreage/viewCadastreDetail.do?typesub=Y&type=12&packid=0000508329&docid=0049420196&mngno=BJCA000142&want=0&formType=oldName&rtURL=,https://theme.archives.go.kr/viewer/common/archWebViewer.do?singleData=Y&archiveEventId=0049420196,True,0014177160,BJCA000142,0049420196,운니동 0006,
"경기도 경성부 중부 종로2정목외16정-001[관철동,인사동,관훈동,낙원동,경운동,운니동] - 운니동 0007",https://theme.archives.go.kr/next/acreage/viewCadastreDetail.do?typesub=Y&type=12&packid=0000508329&docid=0049420197&mngno=BJCA000142&want=0&formType=oldName&rtURL=,https://theme.archives.go.kr/viewer/common/archWebViewer.do?singleData=Y&archiveEventId=0049420197,True,0014177160,BJCA000142,0049420197,운니동 0007,
"경기도 경성부 중부 종로2정목외16정-001[관철동,인사동,관훈동,낙원동,경운동,운니동] - 운니동 0012",https://theme.archives.go.kr/next/acreage/viewCadastreDetail.do?typesub=Y&type=12&packid=0000508329&docid=0049889484&mngno=BJCA000142&want=0&formType=oldName&rtURL=,https://theme.archives.go.kr/viewer/common/archWebViewer.do?singleData=Y&archiveEventId=0049889484,True,0014177160,BJCA000142,0049889484,운니동 0012,
"경기도 경성부 중부 종로2정목외16정-001[관철동,인사동,관훈동,낙원동,경운동,운니동] - 운니동 0013",https://theme.archives.go.kr/next/acreage/viewCadastreDetail.do?typesub=Y&type=12&packid=0000508329&docid=0049420198&mngno=BJCA000142&want=0&formType=oldName&rtURL=,https://theme.archives.go.kr/viewer/common/archWebViewer.do?singleData=Y&archiveEventId=0049420198,True,0014177160,BJCA000142,0049420198,운니동 0013,
"경기도 경성부 중부 종로2정목외16정-001[관철동,인사동,관훈동,낙원동,경운동,운니동] - 운니동 0017",https://theme.archives.go.kr/next/acreage/viewCadastreDetail.do?typesub=Y&type=12&packid=0000508329&docid=0049420199&mngno=BJCA000142&want=0&formType=oldName&rtURL=,https://theme.archives.go.kr/viewer/common/archWebViewer.do?singleData=Y&archiveEventId=0049420199,True,0014177160,BJCA000142,0049420199,운니동 0017,
"경기도 경성부 중부 종로2정목외16정-001[관철동,인사동,관훈동,낙원동,경운동,운니동] - 운니동 0018",https://theme.archives.go.kr/next/acreage/viewCadastreDetail.do?typesub=Y&type=12&packid=0000508329&docid=0049889486&mngno=BJCA000142&want=0&formType=oldName&rtURL=,https://theme.archives.go.kr/viewer/common/archWebViewer.do?singleData=Y&archiveEventId=0049889486,True,0014177160,BJCA000142,0049889486,운니동 0018,
"경기도 경성부 중부 종로2정목외16정-001[관철동,인사동,관훈동,낙원동,경운동,운니동] - 운니동 0019",https://theme.archives.go.kr/next/acreage/viewCadastreDetail.do?typesub=Y&type=12&packid=0000508329&docid=0049420200&mngno=BJCA000142&want=0&formType=oldName&rtURL=,https://theme.archives.go.kr/viewer/common/archWebViewer.do?singleData=Y&archiveEventId=0049420200,True,0014177160,BJCA000142,0049420200,운니동 0019,
"경기도 경성부 중부 종로2정목외16정-001[관철동,인사동,관훈동,낙원동,경운동,운니동] - 운니동 0020",https://theme.archives.go.kr/next/acreage/viewCadastreDetail.do?typesub=Y&type=12&packid=0000508329&docid=0049420201&mngno=BJCA000142&want=0&formType=oldName&rtURL=,https://theme.archives.go.kr/viewer/common/archWebViewer.do?singleData=Y&archiveEventId=0049420201,True,0014177160,BJCA000142,0049420201,운니동 0020,
"경기도 경성부 중부 종로2정목외16정-001[관철동,인사동,관훈동,낙원동,경운동,운니동] - 운니동 0021",https://theme.archives.go.kr/next/acreage/viewCadastreDetail.do?typesub=Y&type=12&packid=0000508329&docid=0049889488&mngno=BJCA000142&want=0&formType=oldName&rtURL=,https://theme.archives.go.kr/viewer/common/archWebViewer.do?singleData=Y&archiveEventId=0049889488,True,0014177160,BJCA000142,0049889488,운니동 0021,
"경기도 경성부 중부 종로2정목외16정-001[관철동,인사동,관훈동,낙원동,경운동,운니동] - 운니동 0022",https://theme.archives.go.kr/next/acreage/viewCadastreDetail.do?typesub=Y&type=12&packid=0000508329&docid=0049420202&mngno=BJCA000142&want=0&formType=oldName&rtURL=,https://theme.archives.go.kr/viewer/common/archWebViewer.do?singleData=Y&archiveEventId=0049420202,True,0014177160,BJCA000142,0049420202,운니동 0022,
"경기도 경성부 중부 종로2정목외16정-001[관철동,인사동,관훈동,낙원동,경운동,운니동] - 운니동 0023",https://theme.archives.go.kr/next/acreage/viewCadastreDetail.do?typesub=Y&type=12&packid=0000508329&docid=0049420203&mngno=BJCA000142&want=0&formType=oldName&rtURL=,https://theme.archives.go.kr/viewer/common/archWebViewer.do?singleData=Y&archiveEventId=0049420203,True,0014177160,BJCA000142,0049420203,운니동 0023,
"경기도 경성부 중부 종로2정목외16정-001[관철동,인사동,관훈동,낙원동,경운동,운니동] - 운니동 0024",https://theme.archives.go.kr/next/acreage/viewCadastreDetail.do?typesub=Y&type=12&packid=0000508329&docid=0049889491&mngno=BJCA000142&want=0&formType=oldName&rtURL=,https://theme.archives.go.kr/viewer/common/archWebViewer.do?singleData=Y&archiveEventId=0049889491,True,0014177160,BJCA000142,0049889491,운니동 0024,
"경기도 경성부 중부 종로2정목외16정-001[관철동,인사동,관훈동,낙원동,경운동,운니동] - 운니동 0025",https://theme.archives.go.kr/next/acreage/viewCadastreDetail.do?typesub=Y&type=12&packid=0000508329&docid=0049420204&mngno=BJCA000142&want=0&formType=oldName&rtURL=,https://theme.archives.go.kr/viewer/common/archWebViewer.do?singleData=Y&archiveEventId=0049420204,True,0014177160,BJCA000142,0049420204,운니동 0025,
"경기도 경성부 중부 종로2정목외16정-001[관철동,인사동,관훈동,낙원동,경운동,운니동] - 운니동 0026",https://theme.archives.go.kr/next/acreage/viewCadastreDetail.do?typesub=Y&type=12&packid=0000508329&docid=0049420205&mngno=BJCA000142&want=0&formType=oldName&rtURL=,https://theme.archives.go.kr/viewer/common/archWebViewer.do?singleData=Y&archiveEventId=0049420205,True,0014177160,BJCA000142,0049420205,운니동 0026,
"경기도 경성부 중부 종로2정목외16정-001[관철동,인사동,관훈동,낙원동,경운동,운니동] - 운니동 0027",https://theme.archives.go.kr/next/acreage/viewCadastreDetail.do?typesub=Y&type=12&packid=0000508329&docid=0049889493&mngno=BJCA000142&want=0&formType=oldName&rtURL=,https://theme.archives.go.kr/viewer/common/archWebViewer.do?singleData=Y&archiveEventId=0049889493,True,0014177160,BJCA000142,0049889493,운니동 0027,
"경기도 경성부 중부 종로2정목외16정-001[관철동,인사동,관훈동,낙원동,경운동,운니동] - 운니동 0028",https://theme.archives.go.kr/next/acreage/viewCadastreDetail.do?typesub=Y&type=12&packid=0000508329&docid=0049420206&mngno=BJCA000142&want=0&formType=oldName&rtURL=,https://theme.archives.go.kr/viewer/common/archWebViewer.do?singleData=Y&archiveEventId=0049420206,True,0014177160,BJCA000142,0049420206,운니동 0028,
"경기도 경성부 중부 종로2정목외16정-001[관철동,인사동,관훈동,낙원동,경운동,운니동] - 운니동 0029",https://theme.archives.go.kr/next/acreage/viewCadastreDetail.do?typesub=Y&type=12&packid=0000508329&docid=0049420207&mngno=BJCA000142&want=0&formType=oldName&rtURL=,https://theme.archives.go.kr/viewer/common/archWebViewer.do?singleData=Y&archiveEventId=0049420207,True,0014177160,BJCA000142,0049420207,운니동 0029,
"경기도 경성부 중부 종로2정목외16정-001[관철동,인사동,관훈동,낙원동,경운동,운니동] - 운니동 0030",https://theme.archives.go.kr/next/acreage/viewCadastreDetail.do?typesub=Y&type=12&packid=0000508329&docid=0049889495&mngno=BJCA000142&want=0&formType=oldName&rtURL=,https://theme.archives.go.kr/viewer/common/archWebViewer.do?singleData=Y&archiveEventId=0049889495,True,0014177160,BJCA000142,0049889495,운니동 0030,
"경기도 경성부 중부 종로2정목외16정-001[관철동,인사동,관훈동,낙원동,경운동,운니동] - 운니동 0031",https://theme.archives.go.kr/next/acreage/viewCadastreDetail.do?typesub=Y&type=12&packid=0000508329&docid=0049420208&mngno=BJCA000142&want=0&formType=oldName&rtURL=,https://theme.archives.go.kr/viewer/common/archWebViewer.do?singleData=Y&archiveEventId=0049420208,True,0014177160,BJCA000142,0049420208,운니동 0031,
"경기도 경성부 중부 종로2정목외16정-001[관철동,인사동,관훈동,낙원동,경운동,운니동] - 운니동 0032",https://theme.archives.go.kr/next/acreage/viewCadastreDetail.do?typesub=Y&type=12&packid=0000508329&docid=0049420209&mngno=BJCA000142&want=0&formType=oldName&rtURL=,https://theme.archives.go.kr/viewer/common/archWebViewer.do?singleData=Y&archiveEventId=0049420209,True,0014177160,BJCA000142,0049420209,운니동 0032,
"경기도 경성부 중부 종로2정목외16정-001[관철동,인사동,관훈동,낙원동,경운동,운니동] - 운니동 0033",https://theme.archives.go.kr/next/acreage/viewCadastreDetail.do?typesub=Y&type=12&packid=0000508329&docid=0049889497&mngno=BJCA000142&want=0&formType=oldName&rtURL=,https://theme.archives.go.kr/viewer/common/archWebViewer.do?singleData=Y&archiveEventId=0049889497,True,0014177160,BJCA000142,0049889497,운니동 0033,
"경기도 경성부 중부 종로2정목외16정-001[관철동,인사동,관훈동,낙원동,경운동,운니동] - 운니동 0034",https://theme.archives.go.kr/next/acreage/viewCadastreDetail.do?typesub=Y&type=12&packid=0000508329&docid=0049420210&mngno=BJCA000142&want=0&formType=oldName&rtURL=,https://theme.archives.go.kr/viewer/common/archWebViewer.do?singleData=Y&archiveEventId=0049420210,True,0014177160,BJCA000142,0049420210,운니동 0034,
"경기도 경성부 중부 종로2정목외16정-001[관철동,인사동,관훈동,낙원동,경운동,운니동] - 운니동 0035",https://theme.archives.go.kr/next/acreage/viewCadastreDetail.do?typesub=Y&type=12&packid=0000508329&docid=0049420211&mngno=BJCA000142&want=0&formType=oldName&rtURL=,https://theme.archives.go.kr/viewer/common/archWebViewer.do?singleData=Y&archiveEventId=0049420211,True,0014177160,BJCA000142,0049420211,운니동 0035,
"경기도 경성부 중부 종로2정목외16정-001[관철동,인사동,관훈동,낙원동,경운동,운니동] - 운니동 0036",https://theme.archives.go.kr/next/acreage/viewCadastreDetail.do?typesub=Y&type=12&packid=0000508329&docid=0049889499&mngno=BJCA000142&want=0&formType=oldName&rtURL=,https://theme.archives.go.kr/viewer/common/archWebViewer.do?singleData=Y&archiveEventId=0049889499,True,0014177160,BJCA000142,0049889499,운니동 0036,
"경기도 경성부 중부 종로2정목외16정-001[관철동,인사동,관훈동,낙원동,경운동,운니동] - 운니동 0037",https://theme.archives.go.kr/next/acreage/viewCadastreDetail.do?typesub=Y&type=12&packid=0000508329&docid=0049420212&mngno=BJCA000142&want=0&formType=oldName&rtURL=,https://theme.archives.go.kr/viewer/common/archWebViewer.do?singleData=Y&archiveEventId=0049420212,True,0014177160,BJCA000142,0049420212,운니동 0037,
"경기도 경성부 중부 종로2정목외16정-001[관철동,인사동,관훈동,낙원동,경운동,운니동] - 운니동 0039",https://theme.archives.go.kr/next/acreage/viewCadastreDetail.do?typesub=Y&type=12&packid=0000508329&docid=0049420214&mngno=BJCA000142&want=0&formType=oldName&rtURL=,https://theme.archives.go.kr/viewer/common/archWebViewer.do?singleData=Y&archiveEventId=0049420214,True,0014177160,BJCA000142,0049420214,운니동 0039,
"경기도 경성부 중부 종로2정목외16정-001[관철동,인사동,관훈동,낙원동,경운동,운니동] - 운니동 0040",https://theme.archives.go.kr/next/acreage/viewCadastreDetail.do?typesub=Y&type=12&packid=0000508329&docid=0049889501&mngno=BJCA000142&want=0&formType=oldName&rtURL=,https://theme.archives.go.kr/viewer/common/archWebViewer.do?singleData=Y&archiveEventId=0049889501,True,0014177160,BJCA000142,0049889501,운니동 0040,
"경기도 경성부 중부 종로2정목외16정-001[관철동,인사동,관훈동,낙원동,경운동,운니동] - 운니동 0041",https://theme.archives.go.kr/next/acreage/viewCadastreDetail.do?typesub=Y&type=12&packid=0000508329&docid=0049420215&mngno=BJCA000142&want=0&formType=oldName&rtURL=,https://theme.archives.go.kr/viewer/common/archWebViewer.do?singleData=Y&archiveEventId=0049420215,True,0014177160,BJCA000142,0049420215,운니동 0041,
"경기도 경성부 중부 종로2정목외16정-001[관철동,인사동,관훈동,낙원동,경운동,운니동] - 운니동 0045",https://theme.archives.go.kr/next/acreage/viewCadastreDetail.do?typesub=Y&type=12&packid=0000508329&docid=0049420216&mngno=BJCA000142&want=0&formType=oldName&rtURL=,https://theme.archives.go.kr/viewer/common/archWebViewer.do?singleData=Y&archiveEventId=0049420216,True,0014177160,BJCA000142,0049420216,운니동 0045,
"경기도 경성부 중부 종로2정목외16정-001[관철동,인사동,관훈동,낙원동,경운동,운니동] - 운니동 0046",https://theme.archives.go.kr/next/acreage/viewCadastreDetail.do?typesub=Y&type=12&packid=0000508329&docid=0049889503&mngno=BJCA000142&want=0&formType=oldName&rtURL=,https://theme.archives.go.kr/viewer/common/archWebViewer.do?singleData=Y&archiveEventId=0049889503,True,0014177160,BJCA000142,0049889503,운니동 0046,
"경기도 경성부 중부 종로2정목외16정-001[관철동,인사동,관훈동,낙원동,경운동,운니동] - 운니동 0047",https://theme.archives.go.kr/next/acreage/viewCadastreDetail.do?typesub=Y&type=12&packid=0000508329&docid=0049420217&mngno=BJCA000142&want=0&formType=oldName&rtURL=,https://theme.archives.go.kr/viewer/common/archWebViewer.do?singleData=Y&archiveEventId=0049420217,True,0014177160,BJCA000142,0049420217,운니동 0047,
"경기도 경성부 중부 종로2정목외16정-001[관철동,인사동,관훈동,낙원동,경운동,운니동] - 운니동 0048",https://theme.archives.go.kr/next/acreage/viewCadastreDetail.do?typesub=Y&type=12&packid=0000508329&docid=0049420218&mngno=BJCA000142&want=0&formType=oldName&rtURL=,https://theme.archives.go.kr/viewer/common/archWebViewer.do?singleData=Y&archiveEventId=0049420218,True,0014177160,BJCA000142,0049420218,운니동 0048,
"경기도 경성부 중부 종로2정목외16정-001[관철동,인사동,관훈동,낙원동,경운동,운니동] - 운니동 0049",https://theme.archives.go.kr/next/acreage/viewCadastreDetail.do?typesub=Y&type=12&packid=0000508329&docid=0049889505&mngno=BJCA000142&want=0&formType=oldName&rtURL=,https://theme.archives.go.kr/viewer/common/archWebViewer.do?singleData=Y&archiveEventId=0049889505,True,0014177160,BJCA000142,0049889505,운니동 0049,
"경기도 경성부 중부 종로2정목외16정-001[관철동,인사동,관훈동,낙원동,경운동,운니동] - 운니동 0050",https://theme.archives.go.kr/next/acreage/viewCadastreDetail.do?typesub=Y&type=12&packid=0000508329&docid=0049420219&mngno=BJCA000142&want=0&formType=oldName&rtURL=,https://theme.archives.go.kr/viewer/common/archWebViewer.do?singleData=Y&archiveEventId=0049420219,True,0014177160,BJCA000142,0049420219,운니동 0050,
"경기도 경성부 중부 종로2정목외16정-001[관철동,인사동,관훈동,낙원동,경운동,운니동] - 운니동 0051",https://theme.archives.go.kr/next/acreage/viewCadastreDetail.do?typesub=Y&type=12&packid=0000508329&docid=0049745772&mngno=BJCA000142&want=0&formType=oldName&rtURL=,https://theme.archives.go.kr/viewer/common/archWebViewer.do?singleData=Y&archiveEventId=0049745772,True,0014177160,BJCA000142,0049745772,운니동 0051,
"경기도 경성부 중부 종로2정목외16정-001[관철동,인사동,관훈동,낙원동,경운동,운니동] - 운니동 0052",https://theme.archives.go.kr/next/acreage/viewCadastreDetail.do?typesub=Y&type=12&packid=0000508329&docid=0049889416&mngno=BJCA000142&want=0&formType=oldName&rtURL=,https://theme.archives.go.kr/viewer/common/archWebViewer.do?singleData=Y&archiveEventId=0049889416,True,0014177160,BJCA000142,0049889416,운니동 0052,
"경기도 경성부 중부 종로2정목외16정-001[관철동,인사동,관훈동,낙원동,경운동,운니동] - 운니동 0053",https://theme.archives.go.kr/next/acreage/viewCadastreDetail.do?typesub=Y&type=12&packid=0000508329&docid=0049420220&mngno=BJCA000142&want=0&formType=oldName&rtURL=,https://theme.archives.go.kr/viewer/common/archWebViewer.do?singleData=Y&archiveEventId=0049420220,True,0014177160,BJCA000142,0049420220,운니동 0053,
"경기도 경성부 중부 종로2정목외16정-001[관철동,인사동,관훈동,낙원동,경운동,운니동] - 운니동 0054",https://theme.archives.go.kr/next/acreage/viewCadastreDetail.do?typesub=Y&type=12&packid=0000508329&docid=0049420221&mngno=BJCA000142&want=0&formType=oldName&rtURL=,https://theme.archives.go.kr/viewer/common/archWebViewer.do?singleData=Y&archiveEventId=0049420221,True,0014177160,BJCA000142,0049420221,운니동 0054,
"경기도 경성부 중부 종로2정목외16정-001[관철동,인사동,관훈동,낙원동,경운동,운니동] - 운니동 0055",https://theme.archives.go.kr/next/acreage/viewCadastreDetail.do?typesub=Y&type=12&packid=0000508329&docid=0049420222&mngno=BJCA000142&want=0&formType=oldName&rtURL=,https://theme.archives.go.kr/viewer/common/archWebViewer.do?singleData=Y&archiveEventId=0049420222,True,0014177160,BJCA000142,0049420222,운니동 0055,
"경기도 경성부 중부 종로2정목외16정-001[관철동,인사동,관훈동,낙원동,경운동,운니동] - 운니동 0056",https://theme.archives.go.kr/next/acreage/viewCadastreDetail.do?typesub=Y&type=12&packid=0000508329&docid=0049889417&mngno=BJCA000142&want=0&formType=oldName&rtURL=,https://theme.archives.go.kr/viewer/common/archWebViewer.do?singleData=Y&archiveEventId=0049889417,True,0014177160,BJCA000142,0049889417,운니동 0056,
"경기도 경성부 중부 종로2정목외16정-001[관철동,인사동,관훈동,낙원동,경운동,운니동] - 운니동 0057",https://theme.archives.go.kr/next/acreage/viewCadastreDetail.do?typesub=Y&type=12&packid=0000508329&docid=0049420224&mngno=BJCA000142&want=0&formType=oldName&rtURL=,https://theme.archives.go.kr/viewer/common/archWebViewer.do?singleData=Y&archiveEventId=0049420224,True,0014177160,BJCA000142,0049420224,운니동 0057,
"경기도 경성부 중부 종로2정목외16정-001[관철동,인사동,관훈동,낙원동,경운동,운니동] - 운니동 0058",https://theme.archives.go.kr/next/acreage/viewCadastreDetail.do?typesub=Y&type=12&packid=0000508329&docid=0049420225&mngno=BJCA000142&want=0&formType=oldName&rtURL=,https://theme.archives.go.kr/viewer/common/archWebViewer.do?singleData=Y&archiveEventId=0049420225,True,0014177160,BJCA000142,0049420225,운니동 0058,
"경기도 경성부 중부 종로2정목외16정-001[관철동,인사동,관훈동,낙원동,경운동,운니동] - 운니동 0059",https://theme.archives.go.kr/next/acreage/viewCadastreDetail.do?typesub=Y&type=12&packid=0000508329&docid=0049889419&mngno=BJCA000142&want=0&formType=oldName&rtURL=,https://theme.archives.go.kr/viewer/common/archWebViewer.do?singleData=Y&archiveEventId=0049889419,True,0014177160,BJCA000142,0049889419,운니동 0059,
"경기도 경성부 중부 종로2정목외16정-001[관철동,인사동,관훈동,낙원동,경운동,운니동] - 운니동 0060",https://theme.archives.go.kr/next/acreage/viewCadastreDetail.do?typesub=Y&type=12&packid=0000508329&docid=0049420226&mngno=BJCA000142&want=0&formType=oldName&rtURL=,https://theme.archives.go.kr/viewer/common/archWebViewer.do?singleData=Y&archiveEventId=0049420226,True,0014177160,BJCA000142,0049420226,운니동 0060,
"경기도 경성부 중부 종로2정목외16정-001[관철동,인사동,관훈동,낙원동,경운동,운니동] - 운니동 0061",https://theme.archives.go.kr/next/acreage/viewCadastreDetail.do?typesub=Y&type=12&packid=0000508329&docid=0049420227&mngno=BJCA000142&want=0&formType=oldName&rtURL=,https://theme.archives.go.kr/viewer/common/archWebViewer.do?singleData=Y&archiveEventId=0049420227,True,0014177160,BJCA000142,0049420227,운니동 0061,
"경기도 경성부 중부 종로2정목외16정-001[관철동,인사동,관훈동,낙원동,경운동,운니동] - 운니동 0062",https://theme.archives.go.kr/next/acreage/viewCadastreDetail.do?typesub=Y&type=12&packid=0000508329&docid=0049889480&mngno=BJCA000142&want=0&formType=oldName&rtURL=,https://theme.archives.go.kr/viewer/common/archWebViewer.do?singleData=Y&archiveEventId=0049889480,True,0014177160,BJCA000142,0049889480,운니동 0062,
"경기도 경성부 중부 종로2정목외16정-002[관철동,인사동,관훈동,낙원동,경운동,운니동] - 낙원동 0119",https://theme.archives.go.kr/next/acreage/viewCadastreDetail.do?typesub=Y&type=12&packid=0000508322&docid=0014177161&mngno=BJCA000143&want=0&formType=oldName&rtURL=,https://theme.archives.go.kr/viewer/common/archWebViewer.do?singleData=Y&archiveEventId=0014177161,True,0014177161,BJCA000143,0014177161,낙원동 0119,
"경기도 경성부 중부 종로2정목외16정-002[관철동,인사동,관훈동,낙원동,경운동,운니동] - 낙원동 0120",https://theme.archives.go.kr/next/acreage/viewCadastreDetail.do?typesub=Y&type=12&packid=0000508322&docid=0050402849&mngno=BJCA000143&want=0&formType=oldName&rtURL=,https://theme.archives.go.kr/viewer/common/archWebViewer.do?singleData=Y&archiveEventId=0050402849,True,0014177161,BJCA000143,0050402849,낙원동 0120,
"경기도 경성부 중부 종로2정목외16정-002[관철동,인사동,관훈동,낙원동,경운동,운니동] - 낙원동 0121",https://theme.archives.go.kr/next/acreage/viewCadastreDetail.do?typesub=Y&type=12&packid=0000508322&docid=0050576796&mngno=BJCA000143&want=0&formType=oldName&rtURL=,https://theme.archives.go.kr/viewer/common/archWebViewer.do?singleData=Y&archiveEventId=0050576796,True,0014177161,BJCA000143,0050576796,낙원동 0121,
"경기도 경성부 중부 종로2정목외16정-002[관철동,인사동,관훈동,낙원동,경운동,운니동] - 낙원동 0122",https://theme.archives.go.kr/next/acreage/viewCadastreDetail.do?typesub=Y&type=12&packid=0000508322&docid=0050402850&mngno=BJCA000143&want=0&formType=oldName&rtURL=,https://theme.archives.go.kr/viewer/common/archWebViewer.do?singleData=Y&archiveEventId=0050402850,True,0014177161,BJCA000143,0050402850,낙원동 0122,
"경기도 경성부 중부 종로2정목외16정-002[관철동,인사동,관훈동,낙원동,경운동,운니동] - 낙원동 0123",https://theme.archives.go.kr/next/acreage/viewCadastreDetail.do?typesub=Y&type=12&packid=0000508322&docid=0050402851&mngno=BJCA000143&want=0&formType=oldName&rtURL=,https://theme.archives.go.kr/viewer/common/archWebViewer.do?singleData=Y&archiveEventId=0050402851,True,0014177161,BJCA000143,0050402851,낙원동 0123,
"경기도 경성부 중부 종로2정목외16정-002[관철동,인사동,관훈동,낙원동,경운동,운니동] - 낙원동 0124",https://theme.archives.go.kr/next/acreage/viewCadastreDetail.do?typesub=Y&type=12&packid=0000508322&docid=0050576797&mngno=BJCA000143&want=0&formType=oldName&rtURL=,https://theme.archives.go.kr/viewer/common/archWebViewer.do?singleData=Y&archiveEventId=0050576797,True,0014177161,BJCA000143,0050576797,낙원동 0124,
"경기도 경성부 중부 종로2정목외16정-002[관철동,인사동,관훈동,낙원동,경운동,운니동] - 낙원동 0125",https://theme.archives.go.kr/next/acreage/viewCadastreDetail.do?typesub=Y&type=12&packid=0000508322&docid=0050402852&mngno=BJCA000143&want=0&formType=oldName&rtURL=,https://theme.archives.go.kr/viewer/common/archWebViewer.do?singleData=Y&archiveEventId=0050402852,True,0014177161,BJCA000143,0050402852,낙원동 0125,
"경기도 경성부 중부 종로2정목외16정-002[관철동,인사동,관훈동,낙원동,경운동,운니동] - 낙원동 0126",https://theme.archives.go.kr/next/acreage/viewCadastreDetail.do?typesub=Y&type=12&packid=0000508322&docid=0050402853&mngno=BJCA000143&want=0&formType=oldName&rtURL=,https://theme.archives.go.kr/viewer/common/archWebViewer.do?singleData=Y&archiveEventId=0050402853,True,0014177161,BJCA000143,0050402853,낙원동 0126,
"경기도 경성부 중부 종로2정목외16정-002[관철동,인사동,관훈동,낙원동,경운동,운니동] - 낙원동 0127",https://theme.archives.go.kr/next/acreage/viewCadastreDetail.do?typesub=Y&type=12&packid=0000508322&docid=0050576798&mngno=BJCA000143&want=0&formType=oldName&rtURL=,https://theme.archives.go.kr/viewer/common/archWebViewer.do?singleData=Y&archiveEventId=0050576798,True,0014177161,BJCA000143,0050576798,낙원동 0127,
"경기도 경성부 중부 종로2정목외16정-002[관철동,인사동,관훈동,낙원동,경운동,운니동] - 낙원동 0128",https://theme.archives.go.kr/next/acreage/viewCadastreDetail.do?typesub=Y&type=12&packid=0000508322&docid=0050402854&mngno=BJCA000143&want=0&formType=oldName&rtURL=,https://theme.archives.go.kr/viewer/common/archWebViewer.do?singleData=Y&archiveEventId=0050402854,True,0014177161,BJCA000143,0050402854,낙원동 0128,
"경기도 경성부 중부 종로2정목외16정-002[관철동,인사동,관훈동,낙원동,경운동,운니동] - 낙원동 0129",https://theme.archives.go.kr/next/acreage/viewCadastreDetail.do?typesub=Y&type=12&packid=0000508322&docid=0050402855&mngno=BJCA000143&want=0&formType=oldName&rtURL=,https://theme.archives.go.kr/viewer/common/archWebViewer.do?singleData=Y&archiveEventId=0050402855,True,0014177161,BJCA000143,0050402855,낙원동 0129,
"경기도 경성부 중부 종로2정목외16정-002[관철동,인사동,관훈동,낙원동,경운동,운니동] - 낙원동 0130",https://theme.archives.go.kr/next/acreage/viewCadastreDetail.do?typesub=Y&type=12&packid=0000508322&docid=0050576799&mngno=BJCA000143&want=0&formType=oldName&rtURL=,https://theme.archives.go.kr/viewer/common/archWebViewer.do?singleData=Y&archiveEventId=0050576799,True,0014177161,BJCA000143,0050576799,낙원동 0130,
"경기도 경성부 중부 종로2정목외16정-002[관철동,인사동,관훈동,낙원동,경운동,운니동] - 낙원동 0131",https://theme.archives.go.kr/next/acreage/viewCadastreDetail.do?typesub=Y&type=12&packid=0000508322&docid=0050402856&mngno=BJCA000143&want=0&formType=oldName&rtURL=,https://theme.archives.go.kr/viewer/common/archWebViewer.do?singleData=Y&archiveEventId=0050402856,True,0014177161,BJCA000143,0050402856,낙원동 0131,
"경기도 경성부 중부 종로2정목외16정-002[관철동,인사동,관훈동,낙원동,경운동,운니동] - 낙원동 0132",https://theme.archives.go.kr/next/acreage/viewCadastreDetail.do?typesub=Y&type=12&packid=0000508322&docid=0050402857&mngno=BJCA000143&want=0&formType=oldName&rtURL=,https://theme.archives.go.kr/viewer/common/archWebViewer.do?singleData=Y&archiveEventId=0050402857,True,0014177161,BJCA000143,0050402857,낙원동 0132,
"경기도 경성부 중부 종로2정목외16정-002[관철동,인사동,관훈동,낙원동,경운동,운니동] - 낙원동 0133",https://theme.archives.go.kr/next/acreage/viewCadastreDetail.do?typesub=Y&type=12&packid=0000508322&docid=0050576795&mngno=BJCA000143&want=0&formType=oldName&rtURL=,https://theme.archives.go.kr/viewer/common/archWebViewer.do?singleData=Y&archiveEventId=0050576795,True,0014177161,BJCA000143,0050576795,낙원동 0133,
"경기도 경성부 중부 종로2정목외16정-003[관철동,인사동,관훈동,낙원동,경운동,운니동] - 낙원동 0148",https://theme.archives.go.kr/next/acreage/viewCadastreDetail.do?typesub=Y&type=12&packid=0000508316&docid=0014177162&mngno=BJCA000144&want=0&formType=oldName&rtURL=,https://theme.archives.go.kr/viewer/common/archWebViewer.do?singleData=Y&archiveEventId=0014177162,True,0014177162,BJCA000144,0014177162,낙원동 0148,
"경기도 경성부 중부 종로2정목외16정-003[관철동,인사동,관훈동,낙원동,경운동,운니동] - 낙원동 0149",https://theme.archives.go.kr/next/acreage/viewCadastreDetail.do?typesub=Y&type=12&packid=0000508316&docid=0049889423&mngno=BJCA000144&want=0&formType=oldName&rtURL=,https://theme.archives.go.kr/viewer/common/archWebViewer.do?singleData=Y&archiveEventId=0049889423,True,0014177162,BJCA000144,0049889423,낙원동 0149,
"경기도 경성부 중부 종로2정목외16정-003[관철동,인사동,관훈동,낙원동,경운동,운니동] - 낙원동 0150",https://theme.archives.go.kr/next/acreage/viewCadastreDetail.do?typesub=Y&type=12&packid=0000508316&docid=0049420253&mngno=BJCA000144&want=0&formType=oldName&rtURL=,https://theme.archives.go.kr/viewer/common/archWebViewer.do?singleData=Y&archiveEventId=0049420253,True,0014177162,BJCA000144,0049420253,낙원동 0150,
"경기도 경성부 중부 종로2정목외16정-003[관철동,인사동,관훈동,낙원동,경운동,운니동] - 낙원동 0151",https://theme.archives.go.kr/next/acreage/viewCadastreDetail.do?typesub=Y&type=12&packid=0000508316&docid=0049420254&mngno=BJCA000144&want=0&formType=oldName&rtURL=,https://theme.archives.go.kr/viewer/common/archWebViewer.do?singleData=Y&archiveEventId=0049420254,True,0014177162,BJCA000144,0049420254,낙원동 0151,
"경기도 경성부 중부 종로2정목외16정-003[관철동,인사동,관훈동,낙원동,경운동,운니동] - 낙원동 0152",https://theme.archives.go.kr/next/acreage/viewCadastreDetail.do?typesub=Y&type=12&packid=0000508316&docid=0049889425&mngno=BJCA000144&want=0&formType=oldName&rtURL=,https://theme.archives.go.kr/viewer/common/archWebViewer.do?singleData=Y&archiveEventId=0049889425,True,0014177162,BJCA000144,0049889425,낙원동 0152,
"경기도 경성부 중부 종로2정목외16정-003[관철동,인사동,관훈동,낙원동,경운동,운니동] - 낙원동 0153",https://theme.archives.go.kr/next/acreage/viewCadastreDetail.do?typesub=Y&type=12&packid=0000508316&docid=0049420255&mngno=BJCA000144&want=0&formType=oldName&rtURL=,https://theme.archives.go.kr/viewer/common/archWebViewer.do?singleData=Y&archiveEventId=0049420255,True,0014177162,BJCA000144,0049420255,낙원동 0153,
"경기도 경성부 중부 종로2정목외16정-003[관철동,인사동,관훈동,낙원동,경운동,운니동] - 낙원동 0154",https://theme.archives.go.kr/next/acreage/viewCadastreDetail.do?typesub=Y&type=12&packid=0000508316&docid=0049420256&mngno=BJCA000144&want=0&formType=oldName&rtURL=,https://theme.archives.go.kr/viewer/common/archWebViewer.do?singleData=Y&archiveEventId=0049420256,True,0014177162,BJCA000144,0049420256,낙원동 0154,
"경기도 경성부 중부 종로2정목외16정-003[관철동,인사동,관훈동,낙원동,경운동,운니동] - 낙원동 0155",https://theme.archives.go.kr/next/acreage/viewCadastreDetail.do?typesub=Y&type=12&packid=0000508316&docid=0049889421&mngno=BJCA000144&want=0&formType=oldName&rtURL=,https://theme.archives.go.kr/viewer/common/archWebViewer.do?singleData=Y&archiveEventId=0049889421,True,0014177162,BJCA000144,0049889421,낙원동 0155,
"경기도 경성부 중부 종로2정목외16정-003[관철동,인사동,관훈동,낙원동,경운동,운니동] - 낙원동 0156",https://theme.archives.go.kr/next/acreage/viewCadastreDetail.do?typesub=Y&type=12&packid=0000508316&docid=0049889427&mngno=BJCA000144&want=0&formType=oldName&rtURL=,https://theme.archives.go.kr/viewer/common/archWebViewer.do?singleData=Y&archiveEventId=0049889427,True,0014177162,BJCA000144,0049889427,낙원동 0156,
"경기도 경성부 중부 종로2정목외16정-003[관철동,인사동,관훈동,낙원동,경운동,운니동] - 낙원동 0157",https://theme.archives.go.kr/next/acreage/viewCadastreDetail.do?typesub=Y&type=12&packid=0000508316&docid=0049420228&mngno=BJCA000144&want=0&formType=oldName&rtURL=,https://theme.archives.go.kr/viewer/common/archWebViewer.do?singleData=Y&archiveEventId=0049420228,True,0014177162,BJCA000144,0049420228,낙원동 0157,
"경기도 경성부 중부 종로2정목외16정-003[관철동,인사동,관훈동,낙원동,경운동,운니동] - 낙원동 0158",https://theme.archives.go.kr/next/acreage/viewCadastreDetail.do?typesub=Y&type=12&packid=0000508316&docid=0049420230&mngno=BJCA000144&want=0&formType=oldName&rtURL=,https://theme.archives.go.kr/viewer/common/archWebViewer.do?singleData=Y&archiveEventId=0049420230,True,0014177162,BJCA000144,0049420230,낙원동 0158,
"경기도 경성부 중부 종로2정목외16정-003[관철동,인사동,관훈동,낙원동,경운동,운니동] - 낙원동 0159",https://theme.archives.go.kr/next/acreage/viewCadastreDetail.do?typesub=Y&type=12&packid=0000508316&docid=0049889429&mngno=BJCA000144&want=0&formType=oldName&rtURL=,https://theme.archives.go.kr/viewer/common/archWebViewer.do?singleData=Y&archiveEventId=0049889429,True,0014177162,BJCA000144,0049889429,낙원동 0159,
"경기도 경성부 중부 종로2정목외16정-003[관철동,인사동,관훈동,낙원동,경운동,운니동] - 낙원동 0160",https://theme.archives.go.kr/next/acreage/viewCadastreDetail.do?typesub=Y&type=12&packid=0000508316&docid=0049420232&mngno=BJCA000144&want=0&formType=oldName&rtURL=,https://theme.archives.go.kr/viewer/common/archWebViewer.do?singleData=Y&archiveEventId=0049420232,True,0014177162,BJCA000144,0049420232,낙원동 0160,
"경기도 경성부 중부 종로2정목외16정-003[관철동,인사동,관훈동,낙원동,경운동,운니동] - 낙원동 0161",https://theme.archives.go.kr/next/acreage/viewCadastreDetail.do?typesub=Y&type=12&packid=0000508316&docid=0049420233&mngno=BJCA000144&want=0&formType=oldName&rtURL=,https://theme.archives.go.kr/viewer/common/archWebViewer.do?singleData=Y&archiveEventId=0049420233,True,0014177162,BJCA000144,0049420233,낙원동 0161,
"경기도 경성부 중부 종로2정목외16정-003[관철동,인사동,관훈동,낙원동,경운동,운니동] - 낙원동 0162",https://theme.archives.go.kr/next/acreage/viewCadastreDetail.do?typesub=Y&type=12&packid=0000508316&docid=0049889431&mngno=BJCA000144&want=0&formType=oldName&rtURL=,https://theme.archives.go.kr/viewer/common/archWebViewer.do?singleData=Y&archiveEventId=0049889431,True,0014177162,BJCA000144,0049889431,낙원동 0162,
"경기도 경성부 중부 종로2정목외16정-003[관철동,인사동,관훈동,낙원동,경운동,운니동] - 낙원동 0163",https://theme.archives.go.kr/next/acreage/viewCadastreDetail.do?typesub=Y&type=12&packid=0000508316&docid=0049889433&mngno=BJCA000144&want=0&formType=oldName&rtURL=,https://theme.archives.go.kr/viewer/common/archWebViewer.do?singleData=Y&archiveEventId=0049889433,True,0014177162,BJCA000144,0049889433,낙원동 0163,
"경기도 경성부 중부 종로2정목외16정-003[관철동,인사동,관훈동,낙원동,경운동,운니동] - 낙원동 0164",https://theme.archives.go.kr/next/acreage/viewCadastreDetail.do?typesub=Y&type=12&packid=0000508316&docid=0049420234&mngno=BJCA000144&want=0&formType=oldName&rtURL=,https://theme.archives.go.kr/viewer/common/archWebViewer.do?singleData=Y&archiveEventId=0049420234,True,0014177162,BJCA000144,0049420234,낙원동 0164,
"경기도 경성부 중부 종로2정목외16정-003[관철동,인사동,관훈동,낙원동,경운동,운니동] - 낙원동 0165",https://theme.archives.go.kr/next/acreage/viewCadastreDetail.do?typesub=Y&type=12&packid=0000508316&docid=0049420236&mngno=BJCA000144&want=0&formType=oldName&rtURL=,https://theme.archives.go.kr/viewer/common/archWebViewer.do?singleData=Y&archiveEventId=0049420236,True,0014177162,BJCA000144,0049420236,낙원동 0165,
"경기도 경성부 중부 종로2정목외16정-003[관철동,인사동,관훈동,낙원동,경운동,운니동] - 낙원동 0166",https://theme.archives.go.kr/next/acreage/viewCadastreDetail.do?typesub=Y&type=12&packid=0000508316&docid=0049889435&mngno=BJCA000144&want=0&formType=oldName&rtURL=,https://theme.archives.go.kr/viewer/common/archWebViewer.do?singleData=Y&archiveEventId=0049889435,True,0014177162,BJCA000144,0049889435,낙원동 0166,
"경기도 경성부 중부 종로2정목외16정-003[관철동,인사동,관훈동,낙원동,경운동,운니동] - 낙원동 0167",https://theme.archives.go.kr/next/acreage/viewCadastreDetail.do?typesub=Y&type=12&packid=0000508316&docid=0049420237&mngno=BJCA000144&want=0&formType=oldName&rtURL=,https://theme.archives.go.kr/viewer/common/archWebViewer.do?singleData=Y&archiveEventId=0049420237,True,0014177162,BJCA000144,0049420237,낙원동 0167,
"경기도 경성부 중부 종로2정목외16정-003[관철동,인사동,관훈동,낙원동,경운동,운니동] - 낙원동 0168",https://theme.archives.go.kr/next/acreage/viewCadastreDetail.do?typesub=Y&type=12&packid=0000508316&docid=0049420238&mngno=BJCA000144&want=0&formType=oldName&rtURL=,https://theme.archives.go.kr/viewer/common/archWebViewer.do?singleData=Y&archiveEventId=0049420238,True,0014177162,BJCA000144,0049420238,낙원동 0168,
"경기도 경성부 중부 종로2정목외16정-003[관철동,인사동,관훈동,낙원동,경운동,운니동] - 낙원동 0169",https://theme.archives.go.kr/next/acreage/viewCadastreDetail.do?typesub=Y&type=12&packid=0000508316&docid=0049889437&mngno=BJCA000144&want=0&formType=oldName&rtURL=,https://theme.archives.go.kr/viewer/common/archWebViewer.do?singleData=Y&archiveEventId=0049889437,True,0014177162,BJCA000144,0049889437,낙원동 0169,
"경기도 경성부 중부 종로2정목외16정-003[관철동,인사동,관훈동,낙원동,경운동,운니동] - 낙원동 0170",https://theme.archives.go.kr/next/acreage/viewCadastreDetail.do?typesub=Y&type=12&packid=0000508316&docid=0049420239&mngno=BJCA000144&want=0&formType=oldName&rtURL=,https://theme.archives.go.kr/viewer/common/archWebViewer.do?singleData=Y&archiveEventId=0049420239,True,0014177162,BJCA000144,0049420239,낙원동 0170,
"경기도 경성부 중부 종로2정목외16정-003[관철동,인사동,관훈동,낙원동,경운동,운니동] - 낙원동 0171",https://theme.archives.go.kr/next/acreage/viewCadastreDetail.do?typesub=Y&type=12&packid=0000508316&docid=0049420240&mngno=BJCA000144&want=0&formType=oldName&rtURL=,https://theme.archives.go.kr/viewer/common/archWebViewer.do?singleData=Y&archiveEventId=0049420240,True,0014177162,BJCA000144,0049420240,낙원동 0171,
"경기도 경성부 중부 종로2정목외16정-003[관철동,인사동,관훈동,낙원동,경운동,운니동] - 낙원동 0172",https://theme.archives.go.kr/next/acreage/viewCadastreDetail.do?typesub=Y&type=12&packid=0000508316&docid=0049889439&mngno=BJCA000144&want=0&formType=oldName&rtURL=,https://theme.archives.go.kr/viewer/common/archWebViewer.do?singleData=Y&archiveEventId=0049889439,True,0014177162,BJCA000144,0049889439,낙원동 0172,
"경기도 경성부 중부 종로2정목외16정-003[관철동,인사동,관훈동,낙원동,경운동,운니동] - 낙원동 0179",https://theme.archives.go.kr/next/acreage/viewCadastreDetail.do?typesub=Y&type=12&packid=0000508316&docid=0049420241&mngno=BJCA000144&want=0&formType=oldName&rtURL=,https://theme.archives.go.kr/viewer/common/archWebViewer.do?singleData=Y&archiveEventId=0049420241,True,0014177162,BJCA000144,0049420241,낙원동 0179,
"경기도 경성부 중부 종로2정목외16정-003[관철동,인사동,관훈동,낙원동,경운동,운니동] - 낙원동 0180",https://theme.archives.go.kr/next/acreage/viewCadastreDetail.do?typesub=Y&type=12&packid=0000508316&docid=0049420242&mngno=BJCA000144&want=0&formType=oldName&rtURL=,https://theme.archives.go.kr/viewer/common/archWebViewer.do?singleData=Y&archiveEventId=0049420242,True,0014177162,BJCA000144,0049420242,낙원동 0180,
"경기도 경성부 중부 종로2정목외16정-003[관철동,인사동,관훈동,낙원동,경운동,운니동] - 낙원동 0181",https://theme.archives.go.kr/next/acreage/viewCadastreDetail.do?typesub=Y&type=12&packid=0000508316&docid=0049889441&mngno=BJCA000144&want=0&formType=oldName&rtURL=,https://theme.archives.go.kr/viewer/common/archWebViewer.do?singleData=Y&archiveEventId=0049889441,True,0014177162,BJCA000144,0049889441,낙원동 0181,
"경기도 경성부 중부 종로2정목외16정-003[관철동,인사동,관훈동,낙원동,경운동,운니동] - 낙원동 0182",https://theme.archives.go.kr/next/acreage/viewCadastreDetail.do?typesub=Y&type=12&packid=0000508316&docid=0049420243&mngno=BJCA000144&want=0&formType=oldName&rtURL=,https://theme.archives.go.kr/viewer/common/archWebViewer.do?singleData=Y&archiveEventId=0049420243,True,0014177162,BJCA000144,0049420243,낙원동 0182,
"경기도 경성부 중부 종로2정목외16정-003[관철동,인사동,관훈동,낙원동,경운동,운니동] - 낙원동 0183",https://theme.archives.go.kr/next/acreage/viewCadastreDetail.do?typesub=Y&type=12&packid=0000508316&docid=0049420244&mngno=BJCA000144&want=0&formType=oldName&rtURL=,https://theme.archives.go.kr/viewer/common/archWebViewer.do?singleData=Y&archiveEventId=0049420244,True,0014177162,BJCA000144,0049420244,낙원동 0183,
"경기도 경성부 중부 종로2정목외16정-003[관철동,인사동,관훈동,낙원동,경운동,운니동] - 낙원동 0184",https://theme.archives.go.kr/next/acreage/viewCadastreDetail.do?typesub=Y&type=12&packid=0000508316&docid=0049420245&mngno=BJCA000144&want=0&formType=oldName&rtURL=,https://theme.archives.go.kr/viewer/common/archWebViewer.do?singleData=Y&archiveEventId=0049420245,True,0014177162,BJCA000144,0049420245,낙원동 0184,
"경기도 경성부 중부 종로2정목외16정-003[관철동,인사동,관훈동,낙원동,경운동,운니동] - 낙원동 0185",https://theme.archives.go.kr/next/acreage/viewCadastreDetail.do?typesub=Y&type=12&packid=0000508316&docid=0049889443&mngno=BJCA000144&want=0&formType=oldName&rtURL=,https://theme.archives.go.kr/viewer/common/archWebViewer.do?singleData=Y&archiveEventId=0049889443,True,0014177162,BJCA000144,0049889443,낙원동 0185,
"경기도 경성부 중부 종로2정목외16정-003[관철동,인사동,관훈동,낙원동,경운동,운니동] - 낙원동 0186",https://theme.archives.go.kr/next/acreage/viewCadastreDetail.do?typesub=Y&type=12&packid=0000508316&docid=0049420246&mngno=BJCA000144&want=0&formType=oldName&rtURL=,https://theme.archives.go.kr/viewer/common/archWebViewer.do?singleData=Y&archiveEventId=0049420246,True,0014177162,BJCA000144,0049420246,낙원동 0186,
"경기도 경성부 중부 종로2정목외16정-003[관철동,인사동,관훈동,낙원동,경운동,운니동] - 낙원동 0187",https://theme.archives.go.kr/next/acreage/viewCadastreDetail.do?typesub=Y&type=12&packid=0000508316&docid=0049420247&mngno=BJCA000144&want=0&formType=oldName&rtURL=,https://theme.archives.go.kr/viewer/common/archWebViewer.do?singleData=Y&archiveEventId=0049420247,True,0014177162,BJCA000144,0049420247,낙원동 0187,
"경기도 경성부 중부 종로2정목외16정-003[관철동,인사동,관훈동,낙원동,경운동,운니동] - 낙원동 0188",https://theme.archives.go.kr/next/acreage/viewCadastreDetail.do?typesub=Y&type=12&packid=0000508316&docid=0049889445&mngno=BJCA000144&want=0&formType=oldName&rtURL=,https://theme.archives.go.kr/viewer/common/archWebViewer.do?singleData=Y&archiveEventId=0049889445,True,0014177162,BJCA000144,0049889445,낙원동 0188,
"경기도 경성부 중부 종로2정목외16정-003[관철동,인사동,관훈동,낙원동,경운동,운니동] - 낙원동 0189",https://theme.archives.go.kr/next/acreage/viewCadastreDetail.do?typesub=Y&type=12&packid=0000508316&docid=0049420248&mngno=BJCA000144&want=0&formType=oldName&rtURL=,https://theme.archives.go.kr/viewer/common/archWebViewer.do?singleData=Y&archiveEventId=0049420248,True,0014177162,BJCA000144,0049420248,낙원동 0189,
"경기도 경성부 중부 종로2정목외16정-003[관철동,인사동,관훈동,낙원동,경운동,운니동] - 낙원동 0190",https://theme.archives.go.kr/next/acreage/viewCadastreDetail.do?typesub=Y&type=12&packid=0000508316&docid=0049420249&mngno=BJCA000144&want=0&formType=oldName&rtURL=,https://theme.archives.go.kr/viewer/common/archWebViewer.do?singleData=Y&archiveEventId=0049420249,True,0014177162,BJCA000144,0049420249,낙원동 0190,
"경기도 경성부 중부 종로2정목외16정-003[관철동,인사동,관훈동,낙원동,경운동,운니동] - 낙원동 0191",https://theme.archives.go.kr/next/acreage/viewCadastreDetail.do?typesub=Y&type=12&packid=0000508316&docid=0049889447&mngno=BJCA000144&want=0&formType=oldName&rtURL=,https://theme.archives.go.kr/viewer/common/archWebViewer.do?singleData=Y&archiveEventId=0049889447,True,0014177162,BJCA000144,0049889447,낙원동 0191,
"경기도 경성부 중부 종로2정목외16정-003[관철동,인사동,관훈동,낙원동,경운동,운니동] - 낙원동 0192",https://theme.archives.go.kr/next/acreage/viewCadastreDetail.do?typesub=Y&type=12&packid=0000508316&docid=0049420250&mngno=BJCA000144&want=0&formType=oldName&rtURL=,https://theme.archives.go.kr/viewer/common/archWebViewer.do?singleData=Y&archiveEventId=0049420250,True,0014177162,BJCA000144,0049420250,낙원동 0192,
"경기도 경성부 중부 종로2정목외16정-003[관철동,인사동,관훈동,낙원동,경운동,운니동] - 낙원동 0193",https://theme.archives.go.kr/next/acreage/viewCadastreDetail.do?typesub=Y&type=12&packid=0000508316&docid=0049420251&mngno=BJCA000144&want=0&formType=oldName&rtURL=,https://theme.archives.go.kr/viewer/common/archWebViewer.do?singleData=Y&archiveEventId=0049420251,True,0014177162,BJCA000144,0049420251,낙원동 0193,
"경기도 경성부 중부 종로2정목외16정-003[관철동,인사동,관훈동,낙원동,경운동,운니동] - 낙원동 0194",https://theme.archives.go.kr/next/acreage/viewCadastreDetail.do?typesub=Y&type=12&packid=0000508316&docid=0049889449&mngno=BJCA000144&want=0&formType=oldName&rtURL=,https://theme.archives.go.kr/viewer/common/archWebViewer.do?singleData=Y&archiveEventId=0049889449,True,0014177162,BJCA000144,0049889449,낙원동 0194,
"경기도 경성부 중부 종로2정목외16정-003[관철동,인사동,관훈동,낙원동,경운동,운니동] - 낙원동 0195",https://theme.archives.go.kr/next/acreage/viewCadastreDetail.do?typesub=Y&type=12&packid=0000508316&docid=0049420252&mngno=BJCA000144&want=0&formType=oldName&rtURL=,https://theme.archives.go.kr/viewer/common/archWebViewer.do?singleData=Y&archiveEventId=0049420252,True,0014177162,BJCA000144,0049420252,낙원동 0195,
"경기도 경성부 중부 종로2정목외16정-003[관철동,인사동,관훈동,낙원동,경운동,운니동] - 낙원동 0196",https://theme.archives.go.kr/next/acreage/viewCadastreDetail.do?typesub=Y&type=12&packid=0000508316&docid=0049745774&mngno=BJCA000144&want=0&formType=oldName&rtURL=,https://theme.archives.go.kr/viewer/common/archWebViewer.do?singleData=Y&archiveEventId=0049745774,True,0014177162,BJCA000144,0049745774,낙원동 0196,
"경기도 경성부 중부 종로2정목외16정-003[관철동,인사동,관훈동,낙원동,경운동,운니동] - 낙원동 0197",https://theme.archives.go.kr/next/acreage/viewCadastreDetail.do?typesub=Y&type=12&packid=0000508316&docid=0049889450&mngno=BJCA000144&want=0&formType=oldName&rtURL=,https://theme.archives.go.kr/viewer/common/archWebViewer.do?singleData=Y&archiveEventId=0049889450,True,0014177162,BJCA000144,0049889450,낙원동 0197,
"경기도 경성부 중부 종로2정목외16정-004[관철동,인사동,관훈동,낙원동,경운동,운니동] - 운니동 0010",https://theme.archives.go.kr/next/acreage/viewCadastreDetail.do?typesub=Y&type=12&packid=0000508317&docid=0014177163&mngno=BJCA000145&want=0&formType=oldName&rtURL=,https://theme.archives.go.kr/viewer/common/archWebViewer.do?singleData=Y&archiveEventId=0014177163,True,0014177163,BJCA000145,0014177163,운니동 0010,
"경기도 경성부 중부 종로2정목외16정-004[관철동,인사동,관훈동,낙원동,경운동,운니동] - 운니동 0011",https://theme.archives.go.kr/next/acreage/viewCadastreDetail.do?typesub=Y&type=12&packid=0000508317&docid=0049889451&mngno=BJCA000145&want=0&formType=oldName&rtURL=,https://theme.archives.go.kr/viewer/common/archWebViewer.do?singleData=Y&archiveEventId=0049889451,True,0014177163,BJCA000145,0049889451,운니동 0011,
"경기도 경성부 중부 종로2정목외16정-004[관철동,인사동,관훈동,낙원동,경운동,운니동] - 운니동 0014",https://theme.archives.go.kr/next/acreage/viewCadastreDetail.do?typesub=Y&type=12&packid=0000508317&docid=0049420257&mngno=BJCA000145&want=0&formType=oldName&rtURL=,https://theme.archives.go.kr/viewer/common/archWebViewer.do?singleData=Y&archiveEventId=0049420257,True,0014177163,BJCA000145,0049420257,운니동 0014,
"경기도 경성부 중부 종로2정목외16정-004[관철동,인사동,관훈동,낙원동,경운동,운니동] - 운니동 0015",https://theme.archives.go.kr/next/acreage/viewCadastreDetail.do?typesub=Y&type=12&packid=0000508317&docid=0049420258&mngno=BJCA000145&want=0&formType=oldName&rtURL=,https://theme.archives.go.kr/viewer/common/archWebViewer.do?singleData=Y&archiveEventId=0049420258,True,0014177163,BJCA000145,0049420258,운니동 0015,
"경기도 경성부 중부 종로2정목외16정-004[관철동,인사동,관훈동,낙원동,경운동,운니동] - 운니동 0016",https://theme.archives.go.kr/next/acreage/viewCadastreDetail.do?typesub=Y&type=12&packid=0000508317&docid=0049889452&mngno=BJCA000145&want=0&formType=oldName&rtURL=,https://theme.archives.go.kr/viewer/common/archWebViewer.do?singleData=Y&archiveEventId=0049889452,True,0014177163,BJCA000145,0049889452,운니동 0016,
"경기도 경성부 중부 종로2정목외16정-004[관철동,인사동,관훈동,낙원동,경운동,운니동] - 운니동 0038",https://theme.archives.go.kr/next/acreage/viewCadastreDetail.do?typesub=Y&type=12&packid=0000508317&docid=0049420259&mngno=BJCA000145&want=0&formType=oldName&rtURL=,https://theme.archives.go.kr/viewer/common/archWebViewer.do?singleData=Y&archiveEventId=0049420259,True,0014177163,BJCA000145,0049420259,운니동 0038,
"경기도 경성부 중부 종로2정목외16정-004[관철동,인사동,관훈동,낙원동,경운동,운니동] - 운니동 0042",https://theme.archives.go.kr/next/acreage/viewCadastreDetail.do?typesub=Y&type=12&packid=0000508317&docid=0049420260&mngno=BJCA000145&want=0&formType=oldName&rtURL=,https://theme.archives.go.kr/viewer/common/archWebViewer.do?singleData=Y&archiveEventId=0049420260,True,0014177163,BJCA000145,0049420260,운니동 0042,
"경기도 경성부 중부 종로2정목외16정-004[관철동,인사동,관훈동,낙원동,경운동,운니동] - 운니동 0043",https://theme.archives.go.kr/next/acreage/viewCadastreDetail.do?typesub=Y&type=12&packid=0000508317&docid=0049889453&mngno=BJCA000145&want=0&formType=oldName&rtURL=,https://theme.archives.go.kr/viewer/common/archWebViewer.do?singleData=Y&archiveEventId=0049889453,True,0014177163,BJCA000145,0049889453,운니동 0043,
"경기도 경성부 중부 종로2정목외16정-004[관철동,인사동,관훈동,낙원동,경운동,운니동] - 운니동 0044",https://theme.archives.go.kr/next/acreage/viewCadastreDetail.do?typesub=Y&type=12&packid=0000508317&docid=0049420262&mngno=BJCA000145&want=0&formType=oldName&rtURL=,https://theme.archives.go.kr/viewer/common/archWebViewer.do?singleData=Y&archiveEventId=0049420262,True,0014177163,BJCA000145,0049420262,운니동 0044,
"경기도 경성부 중부 종로2정목외16정-004[관철동,인사동,관훈동,낙원동,경운동,운니동] - 운니동 0045",https://theme.archives.go.kr/next/acreage/viewCadastreDetail.do?typesub=Y&type=12&packid=0000508317&docid=0049420263&mngno=BJCA000145&want=0&formType=oldName&rtURL=,https://theme.archives.go.kr/viewer/common/archWebViewer.do?singleData=Y&archiveEventId=0049420263,True,0014177163,BJCA000145,0049420263,운니동 0045,
"경기도 경성부 중부 종로2정목외16정-004[관철동,인사동,관훈동,낙원동,경운동,운니동] - 운니동 0077",https://theme.archives.go.kr/next/acreage/viewCadastreDetail.do?typesub=Y&type=12&packid=0000508317&docid=0049889454&mngno=BJCA000145&want=0&formType=oldName&rtURL=,https://theme.archives.go.kr/viewer/common/archWebViewer.do?singleData=Y&archiveEventId=0049889454,True,0014177163,BJCA000145,0049889454,운니동 0077,
"경기도 경성부 중부 종로2정목외16정-004[관철동,인사동,관훈동,낙원동,경운동,운니동] - 운니동 0078",https://theme.archives.go.kr/next/acreage/viewCadastreDetail.do?typesub=Y&type=12&packid=0000508317&docid=0049889455&mngno=BJCA000145&want=0&formType=oldName&rtURL=,https://theme.archives.go.kr/viewer/common/archWebViewer.do?singleData=Y&archiveEventId=0049889455,True,0014177163,BJCA000145,0049889455,운니동 0078,
"경기도 경성부 중부 종로2정목외16정-004[관철동,인사동,관훈동,낙원동,경운동,운니동] - 운니동 0079",https://theme.archives.go.kr/next/acreage/viewCadastreDetail.do?typesub=Y&type=12&packid=0000508317&docid=0049420264&mngno=BJCA000145&want=0&formType=oldName&rtURL=,https://theme.archives.go.kr/viewer/common/archWebViewer.do?singleData=Y&archiveEventId=0049420264,True,0014177163,BJCA000145,0049420264,운니동 0079,
"경기도 경성부 중부 종로2정목외16정-004[관철동,인사동,관훈동,낙원동,경운동,운니동] - 운니동 0080",https://theme.archives.go.kr/next/acreage/viewCadastreDetail.do?typesub=Y&type=12&packid=0000508317&docid=0049420265&mngno=BJCA000145&want=0&formType=oldName&rtURL=,https://theme.archives.go.kr/viewer/common/archWebViewer.do?singleData=Y&archiveEventId=0049420265,True,0014177163,BJCA000145,0049420265,운니동 0080,
"경기도 경성부 중부 종로2정목외16정-004[관철동,인사동,관훈동,낙원동,경운동,운니동] - 운니동 0081",https://theme.archives.go.kr/next/acreage/viewCadastreDetail.do?typesub=Y&type=12&packid=0000508317&docid=0049889456&mngno=BJCA000145&want=0&formType=oldName&rtURL=,https://theme.archives.go.kr/viewer/common/archWebViewer.do?singleData=Y&archiveEventId=0049889456,True,0014177163,BJCA000145,0049889456,운니동 0081,
"경기도 경성부 중부 종로2정목외16정-004[관철동,인사동,관훈동,낙원동,경운동,운니동] - 운니동 0082",https://theme.archives.go.kr/next/acreage/viewCadastreDetail.do?typesub=Y&type=12&packid=0000508317&docid=0049420266&mngno=BJCA000145&want=0&formType=oldName&rtURL=,https://theme.archives.go.kr/viewer/common/archWebViewer.do?singleData=Y&archiveEventId=0049420266,True,0014177163,BJCA000145,0049420266,운니동 0082,
"경기도 경성부 중부 종로2정목외16정-004[관철동,인사동,관훈동,낙원동,경운동,운니동] - 운니동 0083",https://theme.archives.go.kr/next/acreage/viewCadastreDetail.do?typesub=Y&type=12&packid=0000508317&docid=0049420267&mngno=BJCA000145&want=0&formType=oldName&rtURL=,https://theme.archives.go.kr/viewer/common/archWebViewer.do?singleData=Y&archiveEventId=0049420267,True,0014177163,BJCA000145,0049420267,운니동 0083,
"경기도 경성부 중부 종로2정목외16정-004[관철동,인사동,관훈동,낙원동,경운동,운니동] - 운니동 0084",https://theme.archives.go.kr/next/acreage/viewCadastreDetail.do?typesub=Y&type=12&packid=0000508317&docid=0049889364&mngno=BJCA000145&want=0&formType=oldName&rtURL=,https://theme.archives.go.kr/viewer/common/archWebViewer.do?singleData=Y&archiveEventId=0049889364,True,0014177163,BJCA000145,0049889364,운니동 0084,
"경기도 경성부 중부 종로2정목외16정-004[관철동,인사동,관훈동,낙원동,경운동,운니동] - 운니동 0085",https://theme.archives.go.kr/next/acreage/viewCadastreDetail.do?typesub=Y&type=12&packid=0000508317&docid=0049420268&mngno=BJCA000145&want=0&formType=oldName&rtURL=,https://theme.archives.go.kr/viewer/common/archWebViewer.do?singleData=Y&archiveEventId=0049420268,True,0014177163,BJCA000145,0049420268,운니동 0085,
"경기도 경성부 중부 종로2정목외16정-004[관철동,인사동,관훈동,낙원동,경운동,운니동] - 운니동 0086",https://theme.archives.go.kr/next/acreage/viewCadastreDetail.do?typesub=Y&type=12&packid=0000508317&docid=0049420269&mngno=BJCA000145&want=0&formType=oldName&rtURL=,https://theme.archives.go.kr/viewer/common/archWebViewer.do?singleData=Y&archiveEventId=0049420269,True,0014177163,BJCA000145,0049420269,운니동 0086,
"경기도 경성부 중부 종로2정목외16정-004[관철동,인사동,관훈동,낙원동,경운동,운니동] - 운니동 0087",https://theme.archives.go.kr/next/acreage/viewCadastreDetail.do?typesub=Y&type=12&packid=0000508317&docid=0049889366&mngno=BJCA000145&want=0&formType=oldName&rtURL=,https://theme.archives.go.kr/viewer/common/archWebViewer.do?singleData=Y&archiveEventId=0049889366,True,0014177163,BJCA000145,0049889366,운니동 0087,
"경기도 경성부 중부 종로2정목외16정-004[관철동,인사동,관훈동,낙원동,경운동,운니동] - 운니동 0088",https://theme.archives.go.kr/next/acreage/viewCadastreDetail.do?typesub=Y&type=12&packid=0000508317&docid=0049420270&mngno=BJCA000145&want=0&formType=oldName&rtURL=,https://theme.archives.go.kr/viewer/common/archWebViewer.do?singleData=Y&archiveEventId=0049420270,True,0014177163,BJCA000145,0049420270,운니동 0088,
"경기도 경성부 중부 종로2정목외16정-004[관철동,인사동,관훈동,낙원동,경운동,운니동] - 운니동 0089",https://theme.archives.go.kr/next/acreage/viewCadastreDetail.do?typesub=Y&type=12&packid=0000508317&docid=0049420271&mngno=BJCA000145&want=0&formType=oldName&rtURL=,https://theme.archives.go.kr/viewer/common/archWebViewer.do?singleData=Y&archiveEventId=0049420271,True,0014177163,BJCA000145,0049420271,운니동 0089,
"경기도 경성부 중부 종로2정목외16정-004[관철동,인사동,관훈동,낙원동,경운동,운니동] - 운니동 0090",https://theme.archives.go.kr/next/acreage/viewCadastreDetail.do?typesub=Y&type=12&packid=0000508317&docid=0049889368&mngno=BJCA000145&want=0&formType=oldName&rtURL=,https://theme.archives.go.kr/viewer/common/archWebViewer.do?singleData=Y&archiveEventId=0049889368,True,0014177163,BJCA000145,0049889368,운니동 0090,
"경기도 경성부 중부 종로2정목외16정-004[관철동,인사동,관훈동,낙원동,경운동,운니동] - 운니동 0091",https://theme.archives.go.kr/next/acreage/viewCadastreDetail.do?typesub=Y&type=12&packid=0000508317&docid=0049420272&mngno=BJCA000145&want=0&formType=oldName&rtURL=,https://theme.archives.go.kr/viewer/common/archWebViewer.do?singleData=Y&archiveEventId=0049420272,True,0014177163,BJCA000145,0049420272,운니동 0091,
"경기도 경성부 중부 종로2정목외16정-004[관철동,인사동,관훈동,낙원동,경운동,운니동] - 운니동 0092",https://theme.archives.go.kr/next/acreage/viewCadastreDetail.do?typesub=Y&type=12&packid=0000508317&docid=0049420273&mngno=BJCA000145&want=0&formType=oldName&rtURL=,https://theme.archives.go.kr/viewer/common/archWebViewer.do?singleData=Y&archiveEventId=0049420273,True,0014177163,BJCA000145,0049420273,운니동 0092,
"경기도 경성부 중부 종로2정목외16정-004[관철동,인사동,관훈동,낙원동,경운동,운니동] - 운니동 0093",https://theme.archives.go.kr/next/acreage/viewCadastreDetail.do?typesub=Y&type=12&packid=0000508317&docid=0049889370&mngno=BJCA000145&want=0&formType=oldName&rtURL=,https://theme.archives.go.kr/viewer/common/archWebViewer.do?singleData=Y&archiveEventId=0049889370,True,0014177163,BJCA000145,0049889370,운니동 0093,
"경기도 경성부 중부 종로2정목외16정-004[관철동,인사동,관훈동,낙원동,경운동,운니동] - 운니동 0094",https://theme.archives.go.kr/next/acreage/viewCadastreDetail.do?typesub=Y&type=12&packid=0000508317&docid=0049420274&mngno=BJCA000145&want=0&formType=oldName&rtURL=,https://theme.archives.go.kr/viewer/common/archWebViewer.do?singleData=Y&archiveEventId=0049420274,True,0014177163,BJCA000145,0049420274,운니동 0094,
"경기도 경성부 중부 종로2정목외16정-004[관철동,인사동,관훈동,낙원동,경운동,운니동] - 운니동 0095",https://theme.archives.go.kr/next/acreage/viewCadastreDetail.do?typesub=Y&type=12&packid=0000508317&docid=0049420275&mngno=BJCA000145&want=0&formType=oldName&rtURL=,https://theme.archives.go.kr/viewer/common/archWebViewer.do?singleData=Y&archiveEventId=0049420275,True,0014177163,BJCA000145,0049420275,운니동 0095,
"경기도 경성부 중부 종로2정목외16정-004[관철동,인사동,관훈동,낙원동,경운동,운니동] - 운니동 0096",https://theme.archives.go.kr/next/acreage/viewCadastreDetail.do?typesub=Y&type=12&packid=0000508317&docid=0049889372&mngno=BJCA000145&want=0&formType=oldName&rtURL=,https://theme.archives.go.kr/viewer/common/archWebViewer.do?singleData=Y&archiveEventId=0049889372,True,0014177163,BJCA000145,0049889372,운니동 0096,
"경기도 경성부 중부 종로2정목외16정-004[관철동,인사동,관훈동,낙원동,경운동,운니동] - 운니동 0097",https://theme.archives.go.kr/next/acreage/viewCadastreDetail.do?typesub=Y&type=12&packid=0000508317&docid=0049420276&mngno=BJCA000145&want=0&formType=oldName&rtURL=,https://theme.archives.go.kr/viewer/common/archWebViewer.do?singleData=Y&archiveEventId=0049420276,True,0014177163,BJCA000145,0049420276,운니동 0097,
"경기도 경성부 중부 종로2정목외16정-004[관철동,인사동,관훈동,낙원동,경운동,운니동] - 운니동 0098",https://theme.archives.go.kr/next/acreage/viewCadastreDetail.do?typesub=Y&type=12&packid=0000508317&docid=0049420277&mngno=BJCA000145&want=0&formType=oldName&rtURL=,https://theme.archives.go.kr/viewer/common/archWebViewer.do?singleData=Y&archiveEventId=0049420277,True,0014177163,BJCA000145,0049420277,운니동 0098,
"경기도 경성부 중부 종로2정목외16정-004[관철동,인사동,관훈동,낙원동,경운동,운니동] - 운니동 0099",https://theme.archives.go.kr/next/acreage/viewCadastreDetail.do?typesub=Y&type=12&packid=0000508317&docid=0049889374&mngno=BJCA000145&want=0&formType=oldName&rtURL=,https://theme.archives.go.kr/viewer/common/archWebViewer.do?singleData=Y&archiveEventId=0049889374,True,0014177163,BJCA000145,0049889374,운니동 0099,
"경기도 경성부 중부 종로2정목외16정-004[관철동,인사동,관훈동,낙원동,경운동,운니동] - 운니동 0100",https://theme.archives.go.kr/next/acreage/viewCadastreDetail.do?typesub=Y&type=12&packid=0000508317&docid=0049420278&mngno=BJCA000145&want=0&formType=oldName&rtURL=,https://theme.archives.go.kr/viewer/common/archWebViewer.do?singleData=Y&archiveEventId=0049420278,True,0014177163,BJCA000145,0049420278,운니동 0100,
"경기도 경성부 중부 종로2정목외16정-004[관철동,인사동,관훈동,낙원동,경운동,운니동] - 운니동 0101",https://theme.archives.go.kr/next/acreage/viewCadastreDetail.do?typesub=Y&type=12&packid=0000508317&docid=0049420279&mngno=BJCA000145&want=0&formType=oldName&rtURL=,https://theme.archives.go.kr/viewer/common/archWebViewer.do?singleData=Y&archiveEventId=0049420279,True,0014177163,BJCA000145,0049420279,운니동 0101,
"경기도 경성부 중부 종로2정목외16정-004[관철동,인사동,관훈동,낙원동,경운동,운니동] - 운니동 0102",https://theme.archives.go.kr/next/acreage/viewCadastreDetail.do?typesub=Y&type=12&packid=0000508317&docid=0049889376&mngno=BJCA000145&want=0&formType=oldName&rtURL=,https://theme.archives.go.kr/viewer/common/archWebViewer.do?singleData=Y&archiveEventId=0049889376,True,0014177163,BJCA000145,0049889376,운니동 0102,
"경기도 경성부 중부 종로2정목외16정-004[관철동,인사동,관훈동,낙원동,경운동,운니동] - 운니동 0103",https://theme.archives.go.kr/next/acreage/viewCadastreDetail.do?typesub=Y&type=12&packid=0000508317&docid=0049420280&mngno=BJCA000145&want=0&formType=oldName&rtURL=,https://theme.archives.go.kr/viewer/common/archWebViewer.do?singleData=Y&archiveEventId=0049420280,True,0014177163,BJCA000145,0049420280,운니동 0103,
"경기도 경성부 중부 종로2정목외16정-004[관철동,인사동,관훈동,낙원동,경운동,운니동] - 운니동 0104",https://theme.archives.go.kr/next/acreage/viewCadastreDetail.do?typesub=Y&type=12&packid=0000508317&docid=0049745776&mngno=BJCA000145&want=0&formType=oldName&rtURL=,https://theme.archives.go.kr/viewer/common/archWebViewer.do?singleData=Y&archiveEventId=0049745776,True,0014177163,BJCA000145,0049745776,운니동 0104,
"경기도 경성부 중부 종로2정목외16정-004[관철동,인사동,관훈동,낙원동,경운동,운니동] - 운니동 0105",https://theme.archives.go.kr/next/acreage/viewCadastreDetail.do?typesub=Y&type=12&packid=0000508317&docid=0049420281&mngno=BJCA000145&want=0&formType=oldName&rtURL=,https://theme.archives.go.kr/viewer/common/archWebViewer.do?singleData=Y&archiveEventId=0049420281,True,0014177163,BJCA000145,0049420281,운니동 0105,
"경기도 경성부 중부 종로2정목외16정-004[관철동,인사동,관훈동,낙원동,경운동,운니동] - 운니동 0106",https://theme.archives.go.kr/next/acreage/viewCadastreDetail.do?typesub=Y&type=12&packid=0000508317&docid=0049889378&mngno=BJCA000145&want=0&formType=oldName&rtURL=,https://theme.archives.go.kr/viewer/common/archWebViewer.do?singleData=Y&archiveEventId=0049889378,True,0014177163,BJCA000145,0049889378,운니동 0106,
"경기도 경성부 중부 종로2정목외16정-004[관철동,인사동,관훈동,낙원동,경운동,운니동] - 운니동 0107",https://theme.archives.go.kr/next/acreage/viewCadastreDetail.do?typesub=Y&type=12&packid=0000508317&docid=0049420282&mngno=BJCA000145&want=0&formType=oldName&rtURL=,https://theme.archives.go.kr/viewer/common/archWebViewer.do?singleData=Y&archiveEventId=0049420282,True,0014177163,BJCA000145,0049420282,운니동 0107,
"경기도 경성부 중부 종로2정목외16정-004[관철동,인사동,관훈동,낙원동,경운동,운니동] - 운니동 0108",https://theme.archives.go.kr/next/acreage/viewCadastreDetail.do?typesub=Y&type=12&packid=0000508317&docid=0049420283&mngno=BJCA000145&want=0&formType=oldName&rtURL=,https://theme.archives.go.kr/viewer/common/archWebViewer.do?singleData=Y&archiveEventId=0049420283,True,0014177163,BJCA000145,0049420283,운니동 0108,
"경기도 경성부 중부 종로2정목외16정-004[관철동,인사동,관훈동,낙원동,경운동,운니동] - 운니동 0109",https://theme.archives.go.kr/next/acreage/viewCadastreDetail.do?typesub=Y&type=12&packid=0000508317&docid=0049889380&mngno=BJCA000145&want=0&formType=oldName&rtURL=,https://theme.archives.go.kr/viewer/common/archWebViewer.do?singleData=Y&archiveEventId=0049889380,True,0014177163,BJCA000145,0049889380,운니동 0109,
"경기도 경성부 중부 종로2정목외16정-004[관철동,인사동,관훈동,낙원동,경운동,운니동] - 운니동 0110",https://theme.archives.go.kr/next/acreage/viewCadastreDetail.do?typesub=Y&type=12&packid=0000508317&docid=0049420284&mngno=BJCA000145&want=0&formType=oldName&rtURL=,https://theme.archives.go.kr/viewer/common/archWebViewer.do?singleData=Y&archiveEventId=0049420284,True,0014177163,BJCA000145,0049420284,운니동 0110,
"경기도 경성부 중부 종로2정목외16정-004[관철동,인사동,관훈동,낙원동,경운동,운니동] - 운니동 0111",https://theme.archives.go.kr/next/acreage/viewCadastreDetail.do?typesub=Y&type=12&packid=0000508317&docid=0049420285&mngno=BJCA000145&want=0&formType=oldName&rtURL=,https://theme.archives.go.kr/viewer/common/archWebViewer.do?singleData=Y&archiveEventId=0049420285,True,0014177163,BJCA000145,0049420285,운니동 0111,
"경기도 경성부 중부 종로2정목외16정-004[관철동,인사동,관훈동,낙원동,경운동,운니동] - 운니동 0112",https://theme.archives.go.kr/next/acreage/viewCadastreDetail.do?typesub=Y&type=12&packid=0000508317&docid=0049889382&mngno=BJCA000145&want=0&formType=oldName&rtURL=,https://theme.archives.go.kr/viewer/common/archWebViewer.do?singleData=Y&archiveEventId=0049889382,True,0014177163,BJCA000145,0049889382,운니동 0112,
"경기도 경성부 중부 종로2정목외16정-004[관철동,인사동,관훈동,낙원동,경운동,운니동] - 운니동 0114",https://theme.archives.go.kr/next/acreage/viewCadastreDetail.do?typesub=Y&type=12&packid=0000508317&docid=0049420286&mngno=BJCA000145&want=0&formType=oldName&rtURL=,https://theme.archives.go.kr/viewer/common/archWebViewer.do?singleData=Y&archiveEventId=0049420286,True,0014177163,BJCA000145,0049420286,운니동 0114,
"경기도 경성부 중부 종로2정목외16정-005[관철동,인사동,관훈동,낙원동,경운동,운니동] - 경운동 0001",https://theme.archives.go.kr/next/acreage/viewCadastreDetail.do?typesub=Y&type=12&packid=0000508318&docid=0014177164&mngno=BJCA000146&want=0&formType=oldName&rtURL=,https://theme.archives.go.kr/viewer/common/archWebViewer.do?singleData=Y&archiveEventId=0014177164,True,0014177164,BJCA000146,0014177164,경운동 0001,
"경기도 경성부 중부 종로2정목외16정-005[관철동,인사동,관훈동,낙원동,경운동,운니동] - 경운동 0002",https://theme.archives.go.kr/next/acreage/viewCadastreDetail.do?typesub=Y&type=12&packid=0000508318&docid=0050407462&mngno=BJCA000146&want=0&formType=oldName&rtURL=,https://theme.archives.go.kr/viewer/common/archWebViewer.do?singleData=Y&archiveEventId=0050407462,True,0014177164,BJCA000146,0050407462,경운동 0002,
"경기도 경성부 중부 종로2정목외16정-005[관철동,인사동,관훈동,낙원동,경운동,운니동] - 경운동 0003",https://theme.archives.go.kr/next/acreage/viewCadastreDetail.do?typesub=Y&type=12&packid=0000508318&docid=0050407463&mngno=BJCA000146&want=0&formType=oldName&rtURL=,https://theme.archives.go.kr/viewer/common/archWebViewer.do?singleData=Y&archiveEventId=0050407463,True,0014177164,BJCA000146,0050407463,경운동 0003,
"경기도 경성부 중부 종로2정목외16정-005[관철동,인사동,관훈동,낙원동,경운동,운니동] - 경운동 0004",https://theme.archives.go.kr/next/acreage/viewCadastreDetail.do?typesub=Y&type=12&packid=0000508318&docid=0050576802&mngno=BJCA000146&want=0&formType=oldName&rtURL=,https://theme.archives.go.kr/viewer/common/archWebViewer.do?singleData=Y&archiveEventId=0050576802,True,0014177164,BJCA000146,0050576802,경운동 0004,
"경기도 경성부 중부 종로2정목외16정-005[관철동,인사동,관훈동,낙원동,경운동,운니동] - 경운동 0005",https://theme.archives.go.kr/next/acreage/viewCadastreDetail.do?typesub=Y&type=12&packid=0000508318&docid=0050407464&mngno=BJCA000146&want=0&formType=oldName&rtURL=,https://theme.archives.go.kr/viewer/common/archWebViewer.do?singleData=Y&archiveEventId=0050407464,True,0014177164,BJCA000146,0050407464,경운동 0005,
"경기도 경성부 중부 종로2정목외16정-005[관철동,인사동,관훈동,낙원동,경운동,운니동] - 경운동 0006",https://theme.archives.go.kr/next/acreage/viewCadastreDetail.do?typesub=Y&type=12&packid=0000508318&docid=0050407465&mngno=BJCA000146&want=0&formType=oldName&rtURL=,https://theme.archives.go.kr/viewer/common/archWebViewer.do?singleData=Y&archiveEventId=0050407465,True,0014177164,BJCA000146,0050407465,경운동 0006,
"경기도 경성부 중부 종로2정목외16정-005[관철동,인사동,관훈동,낙원동,경운동,운니동] - 경운동 0007",https://theme.archives.go.kr/next/acreage/viewCadastreDetail.do?typesub=Y&type=12&packid=0000508318&docid=0050407466&mngno=BJCA000146&want=0&formType=oldName&rtURL=,https://theme.archives.go.kr/viewer/common/archWebViewer.do?singleData=Y&archiveEventId=0050407466,True,0014177164,BJCA000146,0050407466,경운동 0007,
"경기도 경성부 중부 종로2정목외16정-005[관철동,인사동,관훈동,낙원동,경운동,운니동] - 경운동 0008",https://theme.archives.go.kr/next/acreage/viewCadastreDetail.do?typesub=Y&type=12&packid=0000508318&docid=0050576803&mngno=BJCA000146&want=0&formType=oldName&rtURL=,https://theme.archives.go.kr/viewer/common/archWebViewer.do?singleData=Y&archiveEventId=0050576803,True,0014177164,BJCA000146,0050576803,경운동 0008,
"경기도 경성부 중부 종로2정목외16정-005[관철동,인사동,관훈동,낙원동,경운동,운니동] - 경운동 0009",https://theme.archives.go.kr/next/acreage/viewCadastreDetail.do?typesub=Y&type=12&packid=0000508318&docid=0050407467&mngno=BJCA000146&want=0&formType=oldName&rtURL=,https://theme.archives.go.kr/viewer/common/archWebViewer.do?singleData=Y&archiveEventId=0050407467,True,0014177164,BJCA000146,0050407467,경운동 0009,
"경기도 경성부 중부 종로2정목외16정-005[관철동,인사동,관훈동,낙원동,경운동,운니동] - 경운동 0010",https://theme.archives.go.kr/next/acreage/viewCadastreDetail.do?typesub=Y&type=12&packid=0000508318&docid=0050407468&mngno=BJCA000146&want=0&formType=oldName&rtURL=,https://theme.archives.go.kr/viewer/common/archWebViewer.do?singleData=Y&archiveEventId=0050407468,True,0014177164,BJCA000146,0050407468,경운동 0010,
"경기도 경성부 중부 종로2정목외16정-005[관철동,인사동,관훈동,낙원동,경운동,운니동] - 경운동 0011",https://theme.archives.go.kr/next/acreage/viewCadastreDetail.do?typesub=Y&type=12&packid=0000508318&docid=0050576755&mngno=BJCA000146&want=0&formType=oldName&rtURL=,https://theme.archives.go.kr/viewer/common/archWebViewer.do?singleData=Y&archiveEventId=0050576755,True,0014177164,BJCA000146,0050576755,경운동 0011,
"경기도 경성부 중부 종로2정목외16정-005[관철동,인사동,관훈동,낙원동,경운동,운니동] - 경운동 0012",https://theme.archives.go.kr/next/acreage/viewCadastreDetail.do?typesub=Y&type=12&packid=0000508318&docid=0050407469&mngno=BJCA000146&want=0&formType=oldName&rtURL=,https://theme.archives.go.kr/viewer/common/archWebViewer.do?singleData=Y&archiveEventId=0050407469,True,0014177164,BJCA000146,0050407469,경운동 0012,
"경기도 경성부 중부 종로2정목외16정-005[관철동,인사동,관훈동,낙원동,경운동,운니동] - 경운동 0013",https://theme.archives.go.kr/next/acreage/viewCadastreDetail.do?typesub=Y&type=12&packid=0000508318&docid=0050480132&mngno=BJCA000146&want=0&formType=oldName&rtURL=,https://theme.archives.go.kr/viewer/common/archWebViewer.do?singleData=Y&archiveEventId=0050480132,True,0014177164,BJCA000146,0050480132,경운동 0013,
"경기도 경성부 중부 종로2정목외16정-005[관철동,인사동,관훈동,낙원동,경운동,운니동] - 경운동 0014",https://theme.archives.go.kr/next/acreage/viewCadastreDetail.do?typesub=Y&type=12&packid=0000508318&docid=0050576756&mngno=BJCA000146&want=0&formType=oldName&rtURL=,https://theme.archives.go.kr/viewer/common/archWebViewer.do?singleData=Y&archiveEventId=0050576756,True,0014177164,BJCA000146,0050576756,경운동 0014,
"경기도 경성부 중부 종로2정목외16정-005[관철동,인사동,관훈동,낙원동,경운동,운니동] - 경운동 0015",https://theme.archives.go.kr/next/acreage/viewCadastreDetail.do?typesub=Y&type=12&packid=0000508318&docid=0050407470&mngno=BJCA000146&want=0&formType=oldName&rtURL=,https://theme.archives.go.kr/viewer/common/archWebViewer.do?singleData=Y&archiveEventId=0050407470,True,0014177164,BJCA000146,0050407470,경운동 0015,
"경기도 경성부 중부 종로2정목외16정-005[관철동,인사동,관훈동,낙원동,경운동,운니동] - 경운동 0016",https://theme.archives.go.kr/next/acreage/viewCadastreDetail.do?typesub=Y&type=12&packid=0000508318&docid=0050407471&mngno=BJCA000146&want=0&formType=oldName&rtURL=,https://theme.archives.go.kr/viewer/common/archWebViewer.do?singleData=Y&archiveEventId=0050407471,True,0014177164,BJCA000146,0050407471,경운동 0016,
"경기도 경성부 중부 종로2정목외16정-005[관철동,인사동,관훈동,낙원동,경운동,운니동] - 경운동 0017",https://theme.archives.go.kr/next/acreage/viewCadastreDetail.do?typesub=Y&type=12&packid=0000508318&docid=0050576757&mngno=BJCA000146&want=0&formType=oldName&rtURL=,https://theme.archives.go.kr/viewer/common/archWebViewer.do?singleData=Y&archiveEventId=0050576757,True,0014177164,BJCA000146,0050576757,경운동 0017,
"경기도 경성부 중부 종로2정목외16정-005[관철동,인사동,관훈동,낙원동,경운동,운니동] - 경운동 0018",https://theme.archives.go.kr/next/acreage/viewCadastreDetail.do?typesub=Y&type=12&packid=0000508318&docid=0050407472&mngno=BJCA000146&want=0&formType=oldName&rtURL=,https://theme.archives.go.kr/viewer/common/archWebViewer.do?singleData=Y&archiveEventId=0050407472,True,0014177164,BJCA000146,0050407472,경운동 0018,
"경기도 경성부 중부 종로2정목외16정-005[관철동,인사동,관훈동,낙원동,경운동,운니동] - 경운동 0019",https://theme.archives.go.kr/next/acreage/viewCadastreDetail.do?typesub=Y&type=12&packid=0000508318&docid=0050407473&mngno=BJCA000146&want=0&formType=oldName&rtURL=,https://theme.archives.go.kr/viewer/common/archWebViewer.do?singleData=Y&archiveEventId=0050407473,True,0014177164,BJCA000146,0050407473,경운동 0019,
"경기도 경성부 중부 종로2정목외16정-005[관철동,인사동,관훈동,낙원동,경운동,운니동] - 경운동 0020",https://theme.archives.go.kr/next/acreage/viewCadastreDetail.do?typesub=Y&type=12&packid=0000508318&docid=0050576758&mngno=BJCA000146&want=0&formType=oldName&rtURL=,https://theme.archives.go.kr/viewer/common/archWebViewer.do?singleData=Y&archiveEventId=0050576758,True,0014177164,BJCA000146,0050576758,경운동 0020,
"경기도 경성부 중부 종로2정목외16정-005[관철동,인사동,관훈동,낙원동,경운동,운니동] - 경운동 0021",https://theme.archives.go.kr/next/acreage/viewCadastreDetail.do?typesub=Y&type=12&packid=0000508318&docid=0050407474&mngno=BJCA000146&want=0&formType=oldName&rtURL=,https://theme.archives.go.kr/viewer/common/archWebViewer.do?singleData=Y&archiveEventId=0050407474,True,0014177164,BJCA000146,0050407474,경운동 0021,
"경기도 경성부 중부 종로2정목외16정-005[관철동,인사동,관훈동,낙원동,경운동,운니동] - 경운동 0022",https://theme.archives.go.kr/next/acreage/viewCadastreDetail.do?typesub=Y&type=12&packid=0000508318&docid=0050576759&mngno=BJCA000146&want=0&formType=oldName&rtURL=,https://theme.archives.go.kr/viewer/common/archWebViewer.do?singleData=Y&archiveEventId=0050576759,True,0014177164,BJCA000146,0050576759,경운동 0022,
"경기도 경성부 중부 종로2정목외16정-005[관철동,인사동,관훈동,낙원동,경운동,운니동] - 경운동 0023",https://theme.archives.go.kr/next/acreage/viewCadastreDetail.do?typesub=Y&type=12&packid=0000508318&docid=0050407475&mngno=BJCA000146&want=0&formType=oldName&rtURL=,https://theme.archives.go.kr/viewer/common/archWebViewer.do?singleData=Y&archiveEventId=0050407475,True,0014177164,BJCA000146,0050407475,경운동 0023,
"경기도 경성부 중부 종로2정목외16정-005[관철동,인사동,관훈동,낙원동,경운동,운니동] - 경운동 0024",https://theme.archives.go.kr/next/acreage/viewCadastreDetail.do?typesub=Y&type=12&packid=0000508318&docid=0050407476&mngno=BJCA000146&want=0&formType=oldName&rtURL=,https://theme.archives.go.kr/viewer/common/archWebViewer.do?singleData=Y&archiveEventId=0050407476,True,0014177164,BJCA000146,0050407476,경운동 0024,
"경기도 경성부 중부 종로2정목외16정-005[관철동,인사동,관훈동,낙원동,경운동,운니동] - 경운동 0025-01",https://theme.archives.go.kr/next/acreage/viewCadastreDetail.do?typesub=Y&type=12&packid=0000508318&docid=0050576760&mngno=BJCA000146&want=0&formType=oldName&rtURL=,https://theme.archives.go.kr/viewer/common/archWebViewer.do?singleData=Y&archiveEventId=0050576760,True,0014177164,BJCA000146,0050576760,경운동 0025-01,
"경기도 경성부 중부 종로2정목외16정-005[관철동,인사동,관훈동,낙원동,경운동,운니동] - 경운동 0025-02",https://theme.archives.go.kr/next/acreage/viewCadastreDetail.do?typesub=Y&type=12&packid=0000508318&docid=0050407477&mngno=BJCA000146&want=0&formType=oldName&rtURL=,https://theme.archives.go.kr/viewer/common/archWebViewer.do?singleData=Y&archiveEventId=0050407477,True,0014177164,BJCA000146,0050407477,경운동 0025-02,
"경기도 경성부 중부 종로2정목외16정-005[관철동,인사동,관훈동,낙원동,경운동,운니동] - 경운동 0026",https://theme.archives.go.kr/next/acreage/viewCadastreDetail.do?typesub=Y&type=12&packid=0000508318&docid=0050474586&mngno=BJCA000146&want=0&formType=oldName&rtURL=,https://theme.archives.go.kr/viewer/common/archWebViewer.do?singleData=Y&archiveEventId=0050474586,True,0014177164,BJCA000146,0050474586,경운동 0026,
"경기도 경성부 중부 종로2정목외16정-005[관철동,인사동,관훈동,낙원동,경운동,운니동] - 경운동 0027",https://theme.archives.go.kr/next/acreage/viewCadastreDetail.do?typesub=Y&type=12&packid=0000508318&docid=0050576761&mngno=BJCA000146&want=0&formType=oldName&rtURL=,https://theme.archives.go.kr/viewer/common/archWebViewer.do?singleData=Y&archiveEventId=0050576761,True,0014177164,BJCA000146,0050576761,경운동 0027,
"경기도 경성부 중부 종로2정목외16정-005[관철동,인사동,관훈동,낙원동,경운동,운니동] - 경운동 0028",https://theme.archives.go.kr/next/acreage/viewCadastreDetail.do?typesub=Y&type=12&packid=0000508318&docid=0050407478&mngno=BJCA000146&want=0&formType=oldName&rtURL=,https://theme.archives.go.kr/viewer/common/archWebViewer.do?singleData=Y&archiveEventId=0050407478,True,0014177164,BJCA000146,0050407478,경운동 0028,
"경기도 경성부 중부 종로2정목외16정-005[관철동,인사동,관훈동,낙원동,경운동,운니동] - 경운동 0029",https://theme.archives.go.kr/next/acreage/viewCadastreDetail.do?typesub=Y&type=12&packid=0000508318&docid=0050407479&mngno=BJCA000146&want=0&formType=oldName&rtURL=,https://theme.archives.go.kr/viewer/common/archWebViewer.do?singleData=Y&archiveEventId=0050407479,True,0014177164,BJCA000146,0050407479,경운동 0029,
"경기도 경성부 중부 종로2정목외16정-005[관철동,인사동,관훈동,낙원동,경운동,운니동] - 경운동 0030",https://theme.archives.go.kr/next/acreage/viewCadastreDetail.do?typesub=Y&type=12&packid=0000508318&docid=0050407480&mngno=BJCA000146&want=0&formType=oldName&rtURL=,https://theme.archives.go.kr/viewer/common/archWebViewer.do?singleData=Y&archiveEventId=0050407480,True,0014177164,BJCA000146,0050407480,경운동 0030,
"경기도 경성부 중부 종로2정목외16정-005[관철동,인사동,관훈동,낙원동,경운동,운니동] - 경운동 0031",https://theme.archives.go.kr/next/acreage/viewCadastreDetail.do?typesub=Y&type=12&packid=0000508318&docid=0050576762&mngno=BJCA000146&want=0&formType=oldName&rtURL=,https://theme.archives.go.kr/viewer/common/archWebViewer.do?singleData=Y&archiveEventId=0050576762,True,0014177164,BJCA000146,0050576762,경운동 0031,
"경기도 경성부 중부 종로2정목외16정-005[관철동,인사동,관훈동,낙원동,경운동,운니동] - 경운동 0032",https://theme.archives.go.kr/next/acreage/viewCadastreDetail.do?typesub=Y&type=12&packid=0000508318&docid=0050407481&mngno=BJCA000146&want=0&formType=oldName&rtURL=,https://theme.archives.go.kr/viewer/common/archWebViewer.do?singleData=Y&archiveEventId=0050407481,True,0014177164,BJCA000146,0050407481,경운동 0032,
"경기도 경성부 중부 종로2정목외16정-005[관철동,인사동,관훈동,낙원동,경운동,운니동] - 경운동 0033",https://theme.archives.go.kr/next/acreage/viewCadastreDetail.do?typesub=Y&type=12&packid=0000508318&docid=0050407482&mngno=BJCA000146&want=0&formType=oldName&rtURL=,https://theme.archives.go.kr/viewer/common/archWebViewer.do?singleData=Y&archiveEventId=0050407482,True,0014177164,BJCA000146,0050407482,경운동 0033,
"경기도 경성부 중부 종로2정목외16정-005[관철동,인사동,관훈동,낙원동,경운동,운니동] - 경운동 0034",https://theme.archives.go.kr/next/acreage/viewCadastreDetail.do?typesub=Y&type=12&packid=0000508318&docid=0050576763&mngno=BJCA000146&want=0&formType=oldName&rtURL=,https://theme.archives.go.kr/viewer/common/archWebViewer.do?singleData=Y&archiveEventId=0050576763,True,0014177164,BJCA000146,0050576763,경운동 0034,
"경기도 경성부 중부 종로2정목외16정-005[관철동,인사동,관훈동,낙원동,경운동,운니동] - 경운동 0035",https://theme.archives.go.kr/next/acreage/viewCadastreDetail.do?typesub=Y&type=12&packid=0000508318&docid=0050407483&mngno=BJCA000146&want=0&formType=oldName&rtURL=,https://theme.archives.go.kr/viewer/common/archWebViewer.do?singleData=Y&archiveEventId=0050407483,True,0014177164,BJCA000146,0050407483,경운동 0035,
"경기도 경성부 중부 종로2정목외16정-005[관철동,인사동,관훈동,낙원동,경운동,운니동] - 경운동 0036",https://theme.archives.go.kr/next/acreage/viewCadastreDetail.do?typesub=Y&type=12&packid=0000508318&docid=0050407484&mngno=BJCA000146&want=0&formType=oldName&rtURL=,https://theme.archives.go.kr/viewer/common/archWebViewer.do?singleData=Y&archiveEventId=0050407484,True,0014177164,BJCA000146,0050407484,경운동 0036,
"경기도 경성부 중부 종로2정목외16정-005[관철동,인사동,관훈동,낙원동,경운동,운니동] - 경운동 0037",https://theme.archives.go.kr/next/acreage/viewCadastreDetail.do?typesub=Y&type=12&packid=0000508318&docid=0050576764&mngno=BJCA000146&want=0&formType=oldName&rtURL=,https://theme.archives.go.kr/viewer/common/archWebViewer.do?singleData=Y&archiveEventId=0050576764,True,0014177164,BJCA000146,0050576764,경운동 0037,
"경기도 경성부 중부 종로2정목외16정-005[관철동,인사동,관훈동,낙원동,경운동,운니동] - 경운동 0038",https://theme.archives.go.kr/next/acreage/viewCadastreDetail.do?typesub=Y&type=12&packid=0000508318&docid=0050407485&mngno=BJCA000146&want=0&formType=oldName&rtURL=,https://theme.archives.go.kr/viewer/common/archWebViewer.do?singleData=Y&archiveEventId=0050407485,True,0014177164,BJCA000146,0050407485,경운동 0038,
"경기도 경성부 중부 종로2정목외16정-005[관철동,인사동,관훈동,낙원동,경운동,운니동] - 경운동 0039",https://theme.archives.go.kr/next/acreage/viewCadastreDetail.do?typesub=Y&type=12&packid=0000508318&docid=0050407486&mngno=BJCA000146&want=0&formType=oldName&rtURL=,https://theme.archives.go.kr/viewer/common/archWebViewer.do?singleData=Y&archiveEventId=0050407486,True,0014177164,BJCA000146,0050407486,경운동 0039,
"경기도 경성부 중부 종로2정목외16정-005[관철동,인사동,관훈동,낙원동,경운동,운니동] - 경운동 0040",https://theme.archives.go.kr/next/acreage/viewCadastreDetail.do?typesub=Y&type=12&packid=0000508318&docid=0050576765&mngno=BJCA000146&want=0&formType=oldName&rtURL=,https://theme.archives.go.kr/viewer/common/archWebViewer.do?singleData=Y&archiveEventId=0050576765,True,0014177164,BJCA000146,0050576765,경운동 0040,
"경기도 경성부 중부 종로2정목외16정-005[관철동,인사동,관훈동,낙원동,경운동,운니동] - 경운동 0041",https://theme.archives.go.kr/next/acreage/viewCadastreDetail.do?typesub=Y&type=12&packid=0000508318&docid=0050407487&mngno=BJCA000146&want=0&formType=oldName&rtURL=,https://theme.archives.go.kr/viewer/common/archWebViewer.do?singleData=Y&archiveEventId=0050407487,True,0014177164,BJCA000146,0050407487,경운동 0041,
"경기도 경성부 중부 종로2정목외16정-005[관철동,인사동,관훈동,낙원동,경운동,운니동] - 경운동 0042",https://theme.archives.go.kr/next/acreage/viewCadastreDetail.do?typesub=Y&type=12&packid=0000508318&docid=0050407488&mngno=BJCA000146&want=0&formType=oldName&rtURL=,https://theme.archives.go.kr/viewer/common/archWebViewer.do?singleData=Y&archiveEventId=0050407488,True,0014177164,BJCA000146,0050407488,경운동 0042,
"경기도 경성부 중부 종로2정목외16정-005[관철동,인사동,관훈동,낙원동,경운동,운니동] - 경운동 0043",https://theme.archives.go.kr/next/acreage/viewCadastreDetail.do?typesub=Y&type=12&packid=0000508318&docid=0050576766&mngno=BJCA000146&want=0&formType=oldName&rtURL=,https://theme.archives.go.kr/viewer/common/archWebViewer.do?singleData=Y&archiveEventId=0050576766,True,0014177164,BJCA000146,0050576766,경운동 0043,
"경기도 경성부 중부 종로2정목외16정-005[관철동,인사동,관훈동,낙원동,경운동,운니동] - 경운동 0044",https://theme.archives.go.kr/next/acreage/viewCadastreDetail.do?typesub=Y&type=12&packid=0000508318&docid=0050407489&mngno=BJCA000146&want=0&formType=oldName&rtURL=,https://theme.archives.go.kr/viewer/common/archWebViewer.do?singleData=Y&archiveEventId=0050407489,True,0014177164,BJCA000146,0050407489,경운동 0044,
"경기도 경성부 중부 종로2정목외16정-005[관철동,인사동,관훈동,낙원동,경운동,운니동] - 경운동 0045",https://theme.archives.go.kr/next/acreage/viewCadastreDetail.do?typesub=Y&type=12&packid=0000508318&docid=0050407490&mngno=BJCA000146&want=0&formType=oldName&rtURL=,https://theme.archives.go.kr/viewer/common/archWebViewer.do?singleData=Y&archiveEventId=0050407490,True,0014177164,BJCA000146,0050407490,경운동 0045,
"경기도 경성부 중부 종로2정목외16정-005[관철동,인사동,관훈동,낙원동,경운동,운니동] - 경운동 0048",https://theme.archives.go.kr/next/acreage/viewCadastreDetail.do?typesub=Y&type=12&packid=0000508318&docid=0050576767&mngno=BJCA000146&want=0&formType=oldName&rtURL=,https://theme.archives.go.kr/viewer/common/archWebViewer.do?singleData=Y&archiveEventId=0050576767,True,0014177164,BJCA000146,0050576767,경운동 0048,
"경기도 경성부 중부 종로2정목외16정-005[관철동,인사동,관훈동,낙원동,경운동,운니동] - 경운동 0049",https://theme.archives.go.kr/next/acreage/viewCadastreDetail.do?typesub=Y&type=12&packid=0000508318&docid=0050407491&mngno=BJCA000146&want=0&formType=oldName&rtURL=,https://theme.archives.go.kr/viewer/common/archWebViewer.do?singleData=Y&archiveEventId=0050407491,True,0014177164,BJCA000146,0050407491,경운동 0049,
"경기도 경성부 중부 종로2정목외16정-005[관철동,인사동,관훈동,낙원동,경운동,운니동] - 경운동 0050",https://theme.archives.go.kr/next/acreage/viewCadastreDetail.do?typesub=Y&type=12&packid=0000508318&docid=0050407492&mngno=BJCA000146&want=0&formType=oldName&rtURL=,https://theme.archives.go.kr/viewer/common/archWebViewer.do?singleData=Y&archiveEventId=0050407492,True,0014177164,BJCA000146,0050407492,경운동 0050,
"경기도 경성부 중부 종로2정목외16정-005[관철동,인사동,관훈동,낙원동,경운동,운니동] - 경운동 0051",https://theme.archives.go.kr/next/acreage/viewCadastreDetail.do?typesub=Y&type=12&packid=0000508318&docid=0050576768&mngno=BJCA000146&want=0&formType=oldName&rtURL=,https://theme.archives.go.kr/viewer/common/archWebViewer.do?singleData=Y&archiveEventId=0050576768,True,0014177164,BJCA000146,0050576768,경운동 0051,
"경기도 경성부 중부 종로2정목외16정-005[관철동,인사동,관훈동,낙원동,경운동,운니동] - 경운동 0052",https://theme.archives.go.kr/next/acreage/viewCadastreDetail.do?typesub=Y&type=12&packid=0000508318&docid=0050407493&mngno=BJCA000146&want=0&formType=oldName&rtURL=,https://theme.archives.go.kr/viewer/common/archWebViewer.do?singleData=Y&archiveEventId=0050407493,True,0014177164,BJCA000146,0050407493,경운동 0052,
"경기도 경성부 중부 종로2정목외16정-005[관철동,인사동,관훈동,낙원동,경운동,운니동] - 경운동 0053",https://theme.archives.go.kr/next/acreage/viewCadastreDetail.do?typesub=Y&type=12&packid=0000508318&docid=0050407494&mngno=BJCA000146&want=0&formType=oldName&rtURL=,https://theme.archives.go.kr/viewer/common/archWebViewer.do?singleData=Y&archiveEventId=0050407494,True,0014177164,BJCA000146,0050407494,경운동 0053,
"경기도 경성부 중부 종로2정목외16정-005[관철동,인사동,관훈동,낙원동,경운동,운니동] - 경운동 0054",https://theme.archives.go.kr/next/acreage/viewCadastreDetail.do?typesub=Y&type=12&packid=0000508318&docid=0050576769&mngno=BJCA000146&want=0&formType=oldName&rtURL=,https://theme.archives.go.kr/viewer/common/archWebViewer.do?singleData=Y&archiveEventId=0050576769,True,0014177164,BJCA000146,0050576769,경운동 0054,
"경기도 경성부 중부 종로2정목외16정-005[관철동,인사동,관훈동,낙원동,경운동,운니동] - 경운동 0055",https://theme.archives.go.kr/next/acreage/viewCadastreDetail.do?typesub=Y&type=12&packid=0000508318&docid=0050407495&mngno=BJCA000146&want=0&formType=oldName&rtURL=,https://theme.archives.go.kr/viewer/common/archWebViewer.do?singleData=Y&archiveEventId=0050407495,True,0014177164,BJCA000146,0050407495,경운동 0055,
"경기도 경성부 중부 종로2정목외16정-005[관철동,인사동,관훈동,낙원동,경운동,운니동] - 경운동 0056",https://theme.archives.go.kr/next/acreage/viewCadastreDetail.do?typesub=Y&type=12&packid=0000508318&docid=0050407496&mngno=BJCA000146&want=0&formType=oldName&rtURL=,https://theme.archives.go.kr/viewer/common/archWebViewer.do?singleData=Y&archiveEventId=0050407496,True,0014177164,BJCA000146,0050407496,경운동 0056,
"경기도 경성부 중부 종로2정목외16정-005[관철동,인사동,관훈동,낙원동,경운동,운니동] - 경운동 0057",https://theme.archives.go.kr/next/acreage/viewCadastreDetail.do?typesub=Y&type=12&packid=0000508318&docid=0050576770&mngno=BJCA000146&want=0&formType=oldName&rtURL=,https://theme.archives.go.kr/viewer/common/archWebViewer.do?singleData=Y&archiveEventId=0050576770,True,0014177164,BJCA000146,0050576770,경운동 0057,
"경기도 경성부 중부 종로2정목외16정-005[관철동,인사동,관훈동,낙원동,경운동,운니동] - 경운동 0058",https://theme.archives.go.kr/next/acreage/viewCadastreDetail.do?typesub=Y&type=12&packid=0000508318&docid=0050576800&mngno=BJCA000146&want=0&formType=oldName&rtURL=,https://theme.archives.go.kr/viewer/common/archWebViewer.do?singleData=Y&archiveEventId=0050576800,True,0014177164,BJCA000146,0050576800,경운동 0058,
"경기도 경성부 중부 종로2정목외16정-005[관철동,인사동,관훈동,낙원동,경운동,운니동] - 경운동 0059",https://theme.archives.go.kr/next/acreage/viewCadastreDetail.do?typesub=Y&type=12&packid=0000508318&docid=0050407497&mngno=BJCA000146&want=0&formType=oldName&rtURL=,https://theme.archives.go.kr/viewer/common/archWebViewer.do?singleData=Y&archiveEventId=0050407497,True,0014177164,BJCA000146,0050407497,경운동 0059,
"경기도 경성부 중부 종로2정목외16정-005[관철동,인사동,관훈동,낙원동,경운동,운니동] - 경운동 0060",https://theme.archives.go.kr/next/acreage/viewCadastreDetail.do?typesub=Y&type=12&packid=0000508318&docid=0050407498&mngno=BJCA000146&want=0&formType=oldName&rtURL=,https://theme.archives.go.kr/viewer/common/archWebViewer.do?singleData=Y&archiveEventId=0050407498,True,0014177164,BJCA000146,0050407498,경운동 0060,
"경기도 경성부 중부 종로2정목외16정-005[관철동,인사동,관훈동,낙원동,경운동,운니동] - 경운동 0061",https://theme.archives.go.kr/next/acreage/viewCadastreDetail.do?typesub=Y&type=12&packid=0000508318&docid=0050407499&mngno=BJCA000146&want=0&formType=oldName&rtURL=,https://theme.archives.go.kr/viewer/common/archWebViewer.do?singleData=Y&archiveEventId=0050407499,True,0014177164,BJCA000146,0050407499,경운동 0061,
"경기도 경성부 중부 종로2정목외16정-005[관철동,인사동,관훈동,낙원동,경운동,운니동] - 경운동 0062",https://theme.archives.go.kr/next/acreage/viewCadastreDetail.do?typesub=Y&type=12&packid=0000508318&docid=0050576771&mngno=BJCA000146&want=0&formType=oldName&rtURL=,https://theme.archives.go.kr/viewer/common/archWebViewer.do?singleData=Y&archiveEventId=0050576771,True,0014177164,BJCA000146,0050576771,경운동 0062,
"경기도 경성부 중부 종로2정목외16정-005[관철동,인사동,관훈동,낙원동,경운동,운니동] - 경운동 0063",https://theme.archives.go.kr/next/acreage/viewCadastreDetail.do?typesub=Y&type=12&packid=0000508318&docid=0050407500&mngno=BJCA000146&want=0&formType=oldName&rtURL=,https://theme.archives.go.kr/viewer/common/archWebViewer.do?singleData=Y&archiveEventId=0050407500,True,0014177164,BJCA000146,0050407500,경운동 0063,
"경기도 경성부 중부 종로2정목외16정-005[관철동,인사동,관훈동,낙원동,경운동,운니동] - 경운동 0064",https://theme.archives.go.kr/next/acreage/viewCadastreDetail.do?typesub=Y&type=12&packid=0000508318&docid=0050407501&mngno=BJCA000146&want=0&formType=oldName&rtURL=,https://theme.archives.go.kr/viewer/common/archWebViewer.do?singleData=Y&archiveEventId=0050407501,True,0014177164,BJCA000146,0050407501,경운동 0064,
"경기도 경성부 중부 종로2정목외16정-005[관철동,인사동,관훈동,낙원동,경운동,운니동] - 경운동 0071",https://theme.archives.go.kr/next/acreage/viewCadastreDetail.do?typesub=Y&type=12&packid=0000508318&docid=0050576772&mngno=BJCA000146&want=0&formType=oldName&rtURL=,https://theme.archives.go.kr/viewer/common/archWebViewer.do?singleData=Y&archiveEventId=0050576772,True,0014177164,BJCA000146,0050576772,경운동 0071,
"경기도 경성부 중부 종로2정목외16정-005[관철동,인사동,관훈동,낙원동,경운동,운니동] - 경운동 0072",https://theme.archives.go.kr/next/acreage/viewCadastreDetail.do?typesub=Y&type=12&packid=0000508318&docid=0050407502&mngno=BJCA000146&want=0&formType=oldName&rtURL=,https://theme.archives.go.kr/viewer/common/archWebViewer.do?singleData=Y&archiveEventId=0050407502,True,0014177164,BJCA000146,0050407502,경운동 0072,
"경기도 경성부 중부 종로2정목외16정-005[관철동,인사동,관훈동,낙원동,경운동,운니동] - 경운동 0073",https://theme.archives.go.kr/next/acreage/viewCadastreDetail.do?typesub=Y&type=12&packid=0000508318&docid=0050407503&mngno=BJCA000146&want=0&formType=oldName&rtURL=,https://theme.archives.go.kr/viewer/common/archWebViewer.do?singleData=Y&archiveEventId=0050407503,True,0014177164,BJCA000146,0050407503,경운동 0073,
"경기도 경성부 중부 종로2정목외16정-005[관철동,인사동,관훈동,낙원동,경운동,운니동] - 경운동 0074",https://theme.archives.go.kr/next/acreage/viewCadastreDetail.do?typesub=Y&type=12&packid=0000508318&docid=0050576773&mngno=BJCA000146&want=0&formType=oldName&rtURL=,https://theme.archives.go.kr/viewer/common/archWebViewer.do?singleData=Y&archiveEventId=0050576773,True,0014177164,BJCA000146,0050576773,경운동 0074,
"경기도 경성부 중부 종로2정목외16정-005[관철동,인사동,관훈동,낙원동,경운동,운니동] - 경운동 0075",https://theme.archives.go.kr/next/acreage/viewCadastreDetail.do?typesub=Y&type=12&packid=0000508318&docid=0050576774&mngno=BJCA000146&want=0&formType=oldName&rtURL=,https://theme.archives.go.kr/viewer/common/archWebViewer.do?singleData=Y&archiveEventId=0050576774,True,0014177164,BJCA000146,0050576774,경운동 0075,
"경기도 경성부 중부 종로2정목외16정-005[관철동,인사동,관훈동,낙원동,경운동,운니동] - 경운동 0076",https://theme.archives.go.kr/next/acreage/viewCadastreDetail.do?typesub=Y&type=12&packid=0000508318&docid=0050407504&mngno=BJCA000146&want=0&formType=oldName&rtURL=,https://theme.archives.go.kr/viewer/common/archWebViewer.do?singleData=Y&archiveEventId=0050407504,True,0014177164,BJCA000146,0050407504,경운동 0076,
"경기도 경성부 중부 종로2정목외16정-005[관철동,인사동,관훈동,낙원동,경운동,운니동] - 경운동 0077",https://theme.archives.go.kr/next/acreage/viewCadastreDetail.do?typesub=Y&type=12&packid=0000508318&docid=0050407505&mngno=BJCA000146&want=0&formType=oldName&rtURL=,https://theme.archives.go.kr/viewer/common/archWebViewer.do?singleData=Y&archiveEventId=0050407505,True,0014177164,BJCA000146,0050407505,경운동 0077,
"경기도 경성부 중부 종로2정목외16정-005[관철동,인사동,관훈동,낙원동,경운동,운니동] - 낙원동 0001",https://theme.archives.go.kr/next/acreage/viewCadastreDetail.do?typesub=Y&type=12&packid=0000508318&docid=0050576775&mngno=BJCA000146&want=0&formType=oldName&rtURL=,https://theme.archives.go.kr/viewer/common/archWebViewer.do?singleData=Y&archiveEventId=0050576775,True,0014177164,BJCA000146,0050576775,낙원동 0001,src-0014
"경기도 경성부 중부 종로2정목외16정-005[관철동,인사동,관훈동,낙원동,경운동,운니동] - 낙원동 0002",https://theme.archives.go.kr/next/acreage/viewCadastreDetail.do?typesub=Y&type=12&packid=0000508318&docid=0050407506&mngno=BJCA000146&want=0&formType=oldName&rtURL=,https://theme.archives.go.kr/viewer/common/archWebViewer.do?singleData=Y&archiveEventId=0050407506,True,0014177164,BJCA000146,0050407506,낙원동 0002,
"경기도 경성부 중부 종로2정목외16정-005[관철동,인사동,관훈동,낙원동,경운동,운니동] - 낙원동 0003",https://theme.archives.go.kr/next/acreage/viewCadastreDetail.do?typesub=Y&type=12&packid=0000508318&docid=0050407507&mngno=BJCA000146&want=0&formType=oldName&rtURL=,https://theme.archives.go.kr/viewer/common/archWebViewer.do?singleData=Y&archiveEventId=0050407507,True,0014177164,BJCA000146,0050407507,낙원동 0003,
"경기도 경성부 중부 종로2정목외16정-005[관철동,인사동,관훈동,낙원동,경운동,운니동] - 낙원동 0004",https://theme.archives.go.kr/next/acreage/viewCadastreDetail.do?typesub=Y&type=12&packid=0000508318&docid=0050576776&mngno=BJCA000146&want=0&formType=oldName&rtURL=,https://theme.archives.go.kr/viewer/common/archWebViewer.do?singleData=Y&archiveEventId=0050576776,True,0014177164,BJCA000146,0050576776,낙원동 0004,
"경기도 경성부 중부 종로2정목외16정-005[관철동,인사동,관훈동,낙원동,경운동,운니동] - 낙원동 0005",https://theme.archives.go.kr/next/acreage/viewCadastreDetail.do?typesub=Y&type=12&packid=0000508318&docid=0050407508&mngno=BJCA000146&want=0&formType=oldName&rtURL=,https://theme.archives.go.kr/viewer/common/archWebViewer.do?singleData=Y&archiveEventId=0050407508,True,0014177164,BJCA000146,0050407508,낙원동 0005,
"경기도 경성부 중부 종로2정목외16정-005[관철동,인사동,관훈동,낙원동,경운동,운니동] - 낙원동 0006",https://theme.archives.go.kr/next/acreage/viewCadastreDetail.do?typesub=Y&type=12&packid=0000508318&docid=0050407509&mngno=BJCA000146&want=0&formType=oldName&rtURL=,https://theme.archives.go.kr/viewer/common/archWebViewer.do?singleData=Y&archiveEventId=0050407509,True,0014177164,BJCA000146,0050407509,낙원동 0006,
"경기도 경성부 중부 종로2정목외16정-005[관철동,인사동,관훈동,낙원동,경운동,운니동] - 낙원동 0007",https://theme.archives.go.kr/next/acreage/viewCadastreDetail.do?typesub=Y&type=12&packid=0000508318&docid=0050576777&mngno=BJCA000146&want=0&formType=oldName&rtURL=,https://theme.archives.go.kr/viewer/common/archWebViewer.do?singleData=Y&archiveEventId=0050576777,True,0014177164,BJCA000146,0050576777,낙원동 0007,
"경기도 경성부 중부 종로2정목외16정-005[관철동,인사동,관훈동,낙원동,경운동,운니동] - 낙원동 0008",https://theme.archives.go.kr/next/acreage/viewCadastreDetail.do?typesub=Y&type=12&packid=0000508318&docid=0050407510&mngno=BJCA000146&want=0&formType=oldName&rtURL=,https://theme.archives.go.kr/viewer/common/archWebViewer.do?singleData=Y&archiveEventId=0050407510,True,0014177164,BJCA000146,0050407510,낙원동 0008,
"경기도 경성부 중부 종로2정목외16정-005[관철동,인사동,관훈동,낙원동,경운동,운니동] - 낙원동 0011",https://theme.archives.go.kr/next/acreage/viewCadastreDetail.do?typesub=Y&type=12&packid=0000508318&docid=0050407511&mngno=BJCA000146&want=0&formType=oldName&rtURL=,https://theme.archives.go.kr/viewer/common/archWebViewer.do?singleData=Y&archiveEventId=0050407511,True,0014177164,BJCA000146,0050407511,낙원동 0011,
"경기도 경성부 중부 종로2정목외16정-005[관철동,인사동,관훈동,낙원동,경운동,운니동] - 낙원동 0012",https://theme.archives.go.kr/next/acreage/viewCadastreDetail.do?typesub=Y&type=12&packid=0000508318&docid=0050407512&mngno=BJCA000146&want=0&formType=oldName&rtURL=,https://theme.archives.go.kr/viewer/common/archWebViewer.do?singleData=Y&archiveEventId=0050407512,True,0014177164,BJCA000146,0050407512,낙원동 0012,
"경기도 경성부 중부 종로2정목외16정-005[관철동,인사동,관훈동,낙원동,경운동,운니동] - 낙원동 0013",https://theme.archives.go.kr/next/acreage/viewCadastreDetail.do?typesub=Y&type=12&packid=0000508318&docid=0050576778&mngno=BJCA000146&want=0&formType=oldName&rtURL=,https://theme.archives.go.kr/viewer/common/archWebViewer.do?singleData=Y&archiveEventId=0050576778,True,0014177164,BJCA000146,0050576778,낙원동 0013,
"경기도 경성부 중부 종로2정목외16정-005[관철동,인사동,관훈동,낙원동,경운동,운니동] - 낙원동 0014",https://theme.archives.go.kr/next/acreage/viewCadastreDetail.do?typesub=Y&type=12&packid=0000508318&docid=0050407513&mngno=BJCA000146&want=0&formType=oldName&rtURL=,https://theme.archives.go.kr/viewer/common/archWebViewer.do?singleData=Y&archiveEventId=0050407513,True,0014177164,BJCA000146,0050407513,낙원동 0014,
"경기도 경성부 중부 종로2정목외16정-005[관철동,인사동,관훈동,낙원동,경운동,운니동] - 낙원동 0015",https://theme.archives.go.kr/next/acreage/viewCadastreDetail.do?typesub=Y&type=12&packid=0000508318&docid=0050407514&mngno=BJCA000146&want=0&formType=oldName&rtURL=,https://theme.archives.go.kr/viewer/common/archWebViewer.do?singleData=Y&archiveEventId=0050407514,True,0014177164,BJCA000146,0050407514,낙원동 0015,
"경기도 경성부 중부 종로2정목외16정-005[관철동,인사동,관훈동,낙원동,경운동,운니동] - 낙원동 0016",https://theme.archives.go.kr/next/acreage/viewCadastreDetail.do?typesub=Y&type=12&packid=0000508318&docid=0050576779&mngno=BJCA000146&want=0&formType=oldName&rtURL=,https://theme.archives.go.kr/viewer/common/archWebViewer.do?singleData=Y&archiveEventId=0050576779,True,0014177164,BJCA000146,0050576779,낙원동 0016,
"경기도 경성부 중부 종로2정목외16정-005[관철동,인사동,관훈동,낙원동,경운동,운니동] - 낙원동 0017",https://theme.archives.go.kr/next/acreage/viewCadastreDetail.do?typesub=Y&type=12&packid=0000508318&docid=0050407515&mngno=BJCA000146&want=0&formType=oldName&rtURL=,https://theme.archives.go.kr/viewer/common/archWebViewer.do?singleData=Y&archiveEventId=0050407515,True,0014177164,BJCA000146,0050407515,낙원동 0017,
"경기도 경성부 중부 종로2정목외16정-005[관철동,인사동,관훈동,낙원동,경운동,운니동] - 낙원동 0018",https://theme.archives.go.kr/next/acreage/viewCadastreDetail.do?typesub=Y&type=12&packid=0000508318&docid=0050407516&mngno=BJCA000146&want=0&formType=oldName&rtURL=,https://theme.archives.go.kr/viewer/common/archWebViewer.do?singleData=Y&archiveEventId=0050407516,True,0014177164,BJCA000146,0050407516,낙원동 0018,
"경기도 경성부 중부 종로2정목외16정-005[관철동,인사동,관훈동,낙원동,경운동,운니동] - 낙원동 0019",https://theme.archives.go.kr/next/acreage/viewCadastreDetail.do?typesub=Y&type=12&packid=0000508318&docid=0050576729&mngno=BJCA000146&want=0&formType=oldName&rtURL=,https://theme.archives.go.kr/viewer/common/archWebViewer.do?singleData=Y&archiveEventId=0050576729,True,0014177164,BJCA000146,0050576729,낙원동 0019,
"경기도 경성부 중부 종로2정목외16정-005[관철동,인사동,관훈동,낙원동,경운동,운니동] - 낙원동 0020",https://theme.archives.go.kr/next/acreage/viewCadastreDetail.do?typesub=Y&type=12&packid=0000508318&docid=0050407517&mngno=BJCA000146&want=0&formType=oldName&rtURL=,https://theme.archives.go.kr/viewer/common/archWebViewer.do?singleData=Y&archiveEventId=0050407517,True,0014177164,BJCA000146,0050407517,낙원동 0020,
"경기도 경성부 중부 종로2정목외16정-005[관철동,인사동,관훈동,낙원동,경운동,운니동] - 낙원동 0021",https://theme.archives.go.kr/next/acreage/viewCadastreDetail.do?typesub=Y&type=12&packid=0000508318&docid=0050407518&mngno=BJCA000146&want=0&formType=oldName&rtURL=,https://theme.archives.go.kr/viewer/common/archWebViewer.do?singleData=Y&archiveEventId=0050407518,True,0014177164,BJCA000146,0050407518,낙원동 0021,
"경기도 경성부 중부 종로2정목외16정-005[관철동,인사동,관훈동,낙원동,경운동,운니동] - 낙원동 0022",https://theme.archives.go.kr/next/acreage/viewCadastreDetail.do?typesub=Y&type=12&packid=0000508318&docid=0050576730&mngno=BJCA000146&want=0&formType=oldName&rtURL=,https://theme.archives.go.kr/viewer/common/archWebViewer.do?singleData=Y&archiveEventId=0050576730,True,0014177164,BJCA000146,0050576730,낙원동 0022,
"경기도 경성부 중부 종로2정목외16정-005[관철동,인사동,관훈동,낙원동,경운동,운니동] - 낙원동 0023",https://theme.archives.go.kr/next/acreage/viewCadastreDetail.do?typesub=Y&type=12&packid=0000508318&docid=0050407519&mngno=BJCA000146&want=0&formType=oldName&rtURL=,https://theme.archives.go.kr/viewer/common/archWebViewer.do?singleData=Y&archiveEventId=0050407519,True,0014177164,BJCA000146,0050407519,낙원동 0023,
"경기도 경성부 중부 종로2정목외16정-005[관철동,인사동,관훈동,낙원동,경운동,운니동] - 낙원동 0024",https://theme.archives.go.kr/next/acreage/viewCadastreDetail.do?typesub=Y&type=12&packid=0000508318&docid=0050407520&mngno=BJCA000146&want=0&formType=oldName&rtURL=,https://theme.archives.go.kr/viewer/common/archWebViewer.do?singleData=Y&archiveEventId=0050407520,True,0014177164,BJCA000146,0050407520,낙원동 0024,
"경기도 경성부 중부 종로2정목외16정-005[관철동,인사동,관훈동,낙원동,경운동,운니동] - 낙원동 0025",https://theme.archives.go.kr/next/acreage/viewCadastreDetail.do?typesub=Y&type=12&packid=0000508318&docid=0050576731&mngno=BJCA000146&want=0&formType=oldName&rtURL=,https://theme.archives.go.kr/viewer/common/archWebViewer.do?singleData=Y&archiveEventId=0050576731,True,0014177164,BJCA000146,0050576731,낙원동 0025,
"경기도 경성부 중부 종로2정목외16정-005[관철동,인사동,관훈동,낙원동,경운동,운니동] - 낙원동 0026",https://theme.archives.go.kr/next/acreage/viewCadastreDetail.do?typesub=Y&type=12&packid=0000508318&docid=0050407521&mngno=BJCA000146&want=0&formType=oldName&rtURL=,https://theme.archives.go.kr/viewer/common/archWebViewer.do?singleData=Y&archiveEventId=0050407521,True,0014177164,BJCA000146,0050407521,낙원동 0026,
"경기도 경성부 중부 종로2정목외16정-005[관철동,인사동,관훈동,낙원동,경운동,운니동] - 낙원동 0027",https://theme.archives.go.kr/next/acreage/viewCadastreDetail.do?typesub=Y&type=12&packid=0000508318&docid=0050407522&mngno=BJCA000146&want=0&formType=oldName&rtURL=,https://theme.archives.go.kr/viewer/common/archWebViewer.do?singleData=Y&archiveEventId=0050407522,True,0014177164,BJCA000146,0050407522,낙원동 0027,
"경기도 경성부 중부 종로2정목외16정-005[관철동,인사동,관훈동,낙원동,경운동,운니동] - 낙원동 0028",https://theme.archives.go.kr/next/acreage/viewCadastreDetail.do?typesub=Y&type=12&packid=0000508318&docid=0050576732&mngno=BJCA000146&want=0&formType=oldName&rtURL=,https://theme.archives.go.kr/viewer/common/archWebViewer.do?singleData=Y&archiveEventId=0050576732,True,0014177164,BJCA000146,0050576732,낙원동 0028,
"경기도 경성부 중부 종로2정목외16정-005[관철동,인사동,관훈동,낙원동,경운동,운니동] - 낙원동 0029",https://theme.archives.go.kr/next/acreage/viewCadastreDetail.do?typesub=Y&type=12&packid=0000508318&docid=0050407523&mngno=BJCA000146&want=0&formType=oldName&rtURL=,https://theme.archives.go.kr/viewer/common/archWebViewer.do?singleData=Y&archiveEventId=0050407523,True,0014177164,BJCA000146,0050407523,낙원동 0029,
"경기도 경성부 중부 종로2정목외16정-005[관철동,인사동,관훈동,낙원동,경운동,운니동] - 낙원동 0030",https://theme.archives.go.kr/next/acreage/viewCadastreDetail.do?typesub=Y&type=12&packid=0000508318&docid=0050407524&mngno=BJCA000146&want=0&formType=oldName&rtURL=,https://theme.archives.go.kr/viewer/common/archWebViewer.do?singleData=Y&archiveEventId=0050407524,True,0014177164,BJCA000146,0050407524,낙원동 0030,
"경기도 경성부 중부 종로2정목외16정-005[관철동,인사동,관훈동,낙원동,경운동,운니동] - 낙원동 0031",https://theme.archives.go.kr/next/acreage/viewCadastreDetail.do?typesub=Y&type=12&packid=0000508318&docid=0050576733&mngno=BJCA000146&want=0&formType=oldName&rtURL=,https://theme.archives.go.kr/viewer/common/archWebViewer.do?singleData=Y&archiveEventId=0050576733,True,0014177164,BJCA000146,0050576733,낙원동 0031,
"경기도 경성부 중부 종로2정목외16정-005[관철동,인사동,관훈동,낙원동,경운동,운니동] - 낙원동 0032",https://theme.archives.go.kr/next/acreage/viewCadastreDetail.do?typesub=Y&type=12&packid=0000508318&docid=0050407525&mngno=BJCA000146&want=0&formType=oldName&rtURL=,https://theme.archives.go.kr/viewer/common/archWebViewer.do?singleData=Y&archiveEventId=0050407525,True,0014177164,BJCA000146,0050407525,낙원동 0032,
"경기도 경성부 중부 종로2정목외16정-005[관철동,인사동,관훈동,낙원동,경운동,운니동] - 낙원동 0033",https://theme.archives.go.kr/next/acreage/viewCadastreDetail.do?typesub=Y&type=12&packid=0000508318&docid=0050407526&mngno=BJCA000146&want=0&formType=oldName&rtURL=,https://theme.archives.go.kr/viewer/common/archWebViewer.do?singleData=Y&archiveEventId=0050407526,True,0014177164,BJCA000146,0050407526,낙원동 0033,
"경기도 경성부 중부 종로2정목외16정-005[관철동,인사동,관훈동,낙원동,경운동,운니동] - 낙원동 0034",https://theme.archives.go.kr/next/acreage/viewCadastreDetail.do?typesub=Y&type=12&packid=0000508318&docid=0050576801&mngno=BJCA000146&want=0&formType=oldName&rtURL=,https://theme.archives.go.kr/viewer/common/archWebViewer.do?singleData=Y&archiveEventId=0050576801,True,0014177164,BJCA000146,0050576801,낙원동 0034,
"경기도 경성부 중부 종로2정목외16정-005[관철동,인사동,관훈동,낙원동,경운동,운니동] - 낙원동 0058",https://theme.archives.go.kr/next/acreage/viewCadastreDetail.do?typesub=Y&type=12&packid=0000508318&docid=0050576734&mngno=BJCA000146&want=0&formType=oldName&rtURL=,https://theme.archives.go.kr/viewer/common/archWebViewer.do?singleData=Y&archiveEventId=0050576734,True,0014177164,BJCA000146,0050576734,낙원동 0058,
"경기도 경성부 중부 종로2정목외16정-005[관철동,인사동,관훈동,낙원동,경운동,운니동] - 운니동 0063",https://theme.archives.go.kr/next/acreage/viewCadastreDetail.do?typesub=Y&type=12&packid=0000508318&docid=0050407527&mngno=BJCA000146&want=0&formType=oldName&rtURL=,https://theme.archives.go.kr/viewer/common/archWebViewer.do?singleData=Y&archiveEventId=0050407527,True,0014177164,BJCA000146,0050407527,운니동 0063,
"경기도 경성부 중부 종로2정목외16정-005[관철동,인사동,관훈동,낙원동,경운동,운니동] - 운니동 0064",https://theme.archives.go.kr/next/acreage/viewCadastreDetail.do?typesub=Y&type=12&packid=0000508318&docid=0050407528&mngno=BJCA000146&want=0&formType=oldName&rtURL=,https://theme.archives.go.kr/viewer/common/archWebViewer.do?singleData=Y&archiveEventId=0050407528,True,0014177164,BJCA000146,0050407528,운니동 0064,
"경기도 경성부 중부 종로2정목외16정-005[관철동,인사동,관훈동,낙원동,경운동,운니동] - 운니동 0065",https://theme.archives.go.kr/next/acreage/viewCadastreDetail.do?typesub=Y&type=12&packid=0000508318&docid=0050576735&mngno=BJCA000146&want=0&formType=oldName&rtURL=,https://theme.archives.go.kr/viewer/common/archWebViewer.do?singleData=Y&archiveEventId=0050576735,True,0014177164,BJCA000146,0050576735,운니동 0065,
"경기도 경성부 중부 종로2정목외16정-005[관철동,인사동,관훈동,낙원동,경운동,운니동] - 운니동 0066",https://theme.archives.go.kr/next/acreage/viewCadastreDetail.do?typesub=Y&type=12&packid=0000508318&docid=0050407529&mngno=BJCA000146&want=0&formType=oldName&rtURL=,https://theme.archives.go.kr/viewer/common/archWebViewer.do?singleData=Y&archiveEventId=0050407529,True,0014177164,BJCA000146,0050407529,운니동 0066,
"경기도 경성부 중부 종로2정목외16정-005[관철동,인사동,관훈동,낙원동,경운동,운니동] - 운니동 0067",https://theme.archives.go.kr/next/acreage/viewCadastreDetail.do?typesub=Y&type=12&packid=0000508318&docid=0050407530&mngno=BJCA000146&want=0&formType=oldName&rtURL=,https://theme.archives.go.kr/viewer/common/archWebViewer.do?singleData=Y&archiveEventId=0050407530,True,0014177164,BJCA000146,0050407530,운니동 0067,
"경기도 경성부 중부 종로2정목외16정-005[관철동,인사동,관훈동,낙원동,경운동,운니동] - 운니동 0068",https://theme.archives.go.kr/next/acreage/viewCadastreDetail.do?typesub=Y&type=12&packid=0000508318&docid=0050407531&mngno=BJCA000146&want=0&formType=oldName&rtURL=,https://theme.archives.go.kr/viewer/common/archWebViewer.do?singleData=Y&archiveEventId=0050407531,True,0014177164,BJCA000146,0050407531,운니동 0068,
"경기도 경성부 중부 종로2정목외16정-005[관철동,인사동,관훈동,낙원동,경운동,운니동] - 운니동 0069",https://theme.archives.go.kr/next/acreage/viewCadastreDetail.do?typesub=Y&type=12&packid=0000508318&docid=0050576736&mngno=BJCA000146&want=0&formType=oldName&rtURL=,https://theme.archives.go.kr/viewer/common/archWebViewer.do?singleData=Y&archiveEventId=0050576736,True,0014177164,BJCA000146,0050576736,운니동 0069,
"경기도 경성부 중부 종로2정목외16정-005[관철동,인사동,관훈동,낙원동,경운동,운니동] - 운니동 0070",https://theme.archives.go.kr/next/acreage/viewCadastreDetail.do?typesub=Y&type=12&packid=0000508318&docid=0050407532&mngno=BJCA000146&want=0&formType=oldName&rtURL=,https://theme.archives.go.kr/viewer/common/archWebViewer.do?singleData=Y&archiveEventId=0050407532,True,0014177164,BJCA000146,0050407532,운니동 0070,
"경기도 경성부 중부 종로2정목외16정-005[관철동,인사동,관훈동,낙원동,경운동,운니동] - 운니동 0071",https://theme.archives.go.kr/next/acreage/viewCadastreDetail.do?typesub=Y&type=12&packid=0000508318&docid=0050480133&mngno=BJCA000146&want=0&formType=oldName&rtURL=,https://theme.archives.go.kr/viewer/common/archWebViewer.do?singleData=Y&archiveEventId=0050480133,True,0014177164,BJCA000146,0050480133,운니동 0071,
"경기도 경성부 중부 종로2정목외16정-005[관철동,인사동,관훈동,낙원동,경운동,운니동] - 운니동 0072",https://theme.archives.go.kr/next/acreage/viewCadastreDetail.do?typesub=Y&type=12&packid=0000508318&docid=0050576737&mngno=BJCA000146&want=0&formType=oldName&rtURL=,https://theme.archives.go.kr/viewer/common/archWebViewer.do?singleData=Y&archiveEventId=0050576737,True,0014177164,BJCA000146,0050576737,운니동 0072,
"경기도 경성부 중부 종로2정목외16정-005[관철동,인사동,관훈동,낙원동,경운동,운니동] - 운니동 0073",https://theme.archives.go.kr/next/acreage/viewCadastreDetail.do?typesub=Y&type=12&packid=0000508318&docid=0050407533&mngno=BJCA000146&want=0&formType=oldName&rtURL=,https://theme.archives.go.kr/viewer/common/archWebViewer.do?singleData=Y&archiveEventId=0050407533,True,0014177164,BJCA000146,0050407533,운니동 0073,
"경기도 경성부 중부 종로2정목외16정-005[관철동,인사동,관훈동,낙원동,경운동,운니동] - 운니동 0074",https://theme.archives.go.kr/next/acreage/viewCadastreDetail.do?typesub=Y&type=12&packid=0000508318&docid=0050407534&mngno=BJCA000146&want=0&formType=oldName&rtURL=,https://theme.archives.go.kr/viewer/common/archWebViewer.do?singleData=Y&archiveEventId=0050407534,True,0014177164,BJCA000146,0050407534,운니동 0074,
"경기도 경성부 중부 종로2정목외16정-005[관철동,인사동,관훈동,낙원동,경운동,운니동] - 운니동 0075",https://theme.archives.go.kr/next/acreage/viewCadastreDetail.do?typesub=Y&type=12&packid=0000508318&docid=0050407535&mngno=BJCA000146&want=0&formType=oldName&rtURL=,https://theme.archives.go.kr/viewer/common/archWebViewer.do?singleData=Y&archiveEventId=0050407535,True,0014177164,BJCA000146,0050407535,운니동 0075,
"경기도 경성부 중부 종로2정목외16정-005[관철동,인사동,관훈동,낙원동,경운동,운니동] - 운니동 0076",https://theme.archives.go.kr/next/acreage/viewCadastreDetail.do?typesub=Y&type=12&packid=0000508318&docid=0050407536&mngno=BJCA000146&want=0&formType=oldName&rtURL=,https://theme.archives.go.kr/viewer/common/archWebViewer.do?singleData=Y&archiveEventId=0050407536,True,0014177164,BJCA000146,0050407536,운니동 0076,
"경기도 경성부 중부 종로2정목외16정-005[관철동,인사동,관훈동,낙원동,경운동,운니동] - 운니동 0114",https://theme.archives.go.kr/next/acreage/viewCadastreDetail.do?typesub=Y&type=12&packid=0000508318&docid=0050576738&mngno=BJCA000146&want=0&formType=oldName&rtURL=,https://theme.archives.go.kr/viewer/common/archWebViewer.do?singleData=Y&archiveEventId=0050576738,True,0014177164,BJCA000146,0050576738,운니동 0114,
"경기도 경성부 중부 종로2정목외16정-006[관철동,인사동,관훈동,낙원동,경운동,운니동] - 경운동 0046",https://theme.archives.go.kr/next/acreage/viewCadastreDetail.do?typesub=Y&type=12&packid=0000508319&docid=0014177165&mngno=BJCA000147&want=0&formType=oldName&rtURL=,https://theme.archives.go.kr/viewer/common/archWebViewer.do?singleData=Y&archiveEventId=0014177165,True,0014177165,BJCA000147,0014177165,경운동 0046,src-0015
"경기도 경성부 중부 종로2정목외16정-006[관철동,인사동,관훈동,낙원동,경운동,운니동] - 경운동 0047",https://theme.archives.go.kr/next/acreage/viewCadastreDetail.do?typesub=Y&type=12&packid=0000508319&docid=0050576744&mngno=BJCA000147&want=0&formType=oldName&rtURL=,https://theme.archives.go.kr/viewer/common/archWebViewer.do?singleData=Y&archiveEventId=0050576744,True,0014177165,BJCA000147,0050576744,경운동 0047,
"경기도 경성부 중부 종로2정목외16정-006[관철동,인사동,관훈동,낙원동,경운동,운니동] - 경운동 0064",https://theme.archives.go.kr/next/acreage/viewCadastreDetail.do?typesub=Y&type=12&packid=0000508319&docid=0050407537&mngno=BJCA000147&want=0&formType=oldName&rtURL=,https://theme.archives.go.kr/viewer/common/archWebViewer.do?singleData=Y&archiveEventId=0050407537,True,0014177165,BJCA000147,0050407537,경운동 0064,
"경기도 경성부 중부 종로2정목외16정-006[관철동,인사동,관훈동,낙원동,경운동,운니동] - 낙원동 0009",https://theme.archives.go.kr/next/acreage/viewCadastreDetail.do?typesub=Y&type=12&packid=0000508319&docid=0050407538&mngno=BJCA000147&want=0&formType=oldName&rtURL=,https://theme.archives.go.kr/viewer/common/archWebViewer.do?singleData=Y&archiveEventId=0050407538,True,0014177165,BJCA000147,0050407538,낙원동 0009,
"경기도 경성부 중부 종로2정목외16정-006[관철동,인사동,관훈동,낙원동,경운동,운니동] - 낙원동 0010",https://theme.archives.go.kr/next/acreage/viewCadastreDetail.do?typesub=Y&type=12&packid=0000508319&docid=0050576745&mngno=BJCA000147&want=0&formType=oldName&rtURL=,https://theme.archives.go.kr/viewer/common/archWebViewer.do?singleData=Y&archiveEventId=0050576745,True,0014177165,BJCA000147,0050576745,낙원동 0010,
"경기도 경성부 중부 종로2정목외16정-006[관철동,인사동,관훈동,낙원동,경운동,운니동] - 낙원동 0035",https://theme.archives.go.kr/next/acreage/viewCadastreDetail.do?typesub=Y&type=12&packid=0000508319&docid=0050407539&mngno=BJCA000147&want=0&formType=oldName&rtURL=,https://theme.archives.go.kr/viewer/common/archWebViewer.do?singleData=Y&archiveEventId=0050407539,True,0014177165,BJCA000147,0050407539,낙원동 0035,
"경기도 경성부 중부 종로2정목외16정-006[관철동,인사동,관훈동,낙원동,경운동,운니동] - 낙원동 0036",https://theme.archives.go.kr/next/acreage/viewCadastreDetail.do?typesub=Y&type=12&packid=0000508319&docid=0050407540&mngno=BJCA000147&want=0&formType=oldName&rtURL=,https://theme.archives.go.kr/viewer/common/archWebViewer.do?singleData=Y&archiveEventId=0050407540,True,0014177165,BJCA000147,0050407540,낙원동 0036,
"경기도 경성부 중부 종로2정목외16정-006[관철동,인사동,관훈동,낙원동,경운동,운니동] - 낙원동 0037",https://theme.archives.go.kr/next/acreage/viewCadastreDetail.do?typesub=Y&type=12&packid=0000508319&docid=0050576746&mngno=BJCA000147&want=0&formType=oldName&rtURL=,https://theme.archives.go.kr/viewer/common/archWebViewer.do?singleData=Y&archiveEventId=0050576746,True,0014177165,BJCA000147,0050576746,낙원동 0037,
"경기도 경성부 중부 종로2정목외16정-006[관철동,인사동,관훈동,낙원동,경운동,운니동] - 낙원동 0038",https://theme.archives.go.kr/next/acreage/viewCadastreDetail.do?typesub=Y&type=12&packid=0000508319&docid=0050407541&mngno=BJCA000147&want=0&formType=oldName&rtURL=,https://theme.archives.go.kr/viewer/common/archWebViewer.do?singleData=Y&archiveEventId=0050407541,True,0014177165,BJCA000147,0050407541,낙원동 0038,
"경기도 경성부 중부 종로2정목외16정-006[관철동,인사동,관훈동,낙원동,경운동,운니동] - 낙원동 0039",https://theme.archives.go.kr/next/acreage/viewCadastreDetail.do?typesub=Y&type=12&packid=0000508319&docid=0050407542&mngno=BJCA000147&want=0&formType=oldName&rtURL=,https://theme.archives.go.kr/viewer/common/archWebViewer.do?singleData=Y&archiveEventId=0050407542,True,0014177165,BJCA000147,0050407542,낙원동 0039,
"경기도 경성부 중부 종로2정목외16정-006[관철동,인사동,관훈동,낙원동,경운동,운니동] - 낙원동 0040",https://theme.archives.go.kr/next/acreage/viewCadastreDetail.do?typesub=Y&type=12&packid=0000508319&docid=0050576747&mngno=BJCA000147&want=0&formType=oldName&rtURL=,https://theme.archives.go.kr/viewer/common/archWebViewer.do?singleData=Y&archiveEventId=0050576747,True,0014177165,BJCA000147,0050576747,낙원동 0040,
"경기도 경성부 중부 종로2정목외16정-006[관철동,인사동,관훈동,낙원동,경운동,운니동] - 낙원동 0041",https://theme.archives.go.kr/next/acreage/viewCadastreDetail.do?typesub=Y&type=12&packid=0000508319&docid=0050407543&mngno=BJCA000147&want=0&formType=oldName&rtURL=,https://theme.archives.go.kr/viewer/common/archWebViewer.do?singleData=Y&archiveEventId=0050407543,True,0014177165,BJCA000147,0050407543,낙원동 0041,
"경기도 경성부 중부 종로2정목외16정-006[관철동,인사동,관훈동,낙원동,경운동,운니동] - 낙원동 0042",https://theme.archives.go.kr/next/acreage/viewCadastreDetail.do?typesub=Y&type=12&packid=0000508319&docid=0050407544&mngno=BJCA000147&want=0&formType=oldName&rtURL=,https://theme.archives.go.kr/viewer/common/archWebViewer.do?singleData=Y&archiveEventId=0050407544,True,0014177165,BJCA000147,0050407544,낙원동 0042,
"경기도 경성부 중부 종로2정목외16정-006[관철동,인사동,관훈동,낙원동,경운동,운니동] - 낙원동 0043",https://theme.archives.go.kr/next/acreage/viewCadastreDetail.do?typesub=Y&type=12&packid=0000508319&docid=0050576748&mngno=BJCA000147&want=0&formType=oldName&rtURL=,https://theme.archives.go.kr/viewer/common/archWebViewer.do?singleData=Y&archiveEventId=0050576748,True,0014177165,BJCA000147,0050576748,낙원동 0043,
"경기도 경성부 중부 종로2정목외16정-006[관철동,인사동,관훈동,낙원동,경운동,운니동] - 낙원동 0044",https://theme.archives.go.kr/next/acreage/viewCadastreDetail.do?typesub=Y&type=12&packid=0000508319&docid=0050407545&mngno=BJCA000147&want=0&formType=oldName&rtURL=,https://theme.archives.go.kr/viewer/common/archWebViewer.do?singleData=Y&archiveEventId=0050407545,True,0014177165,BJCA000147,0050407545,낙원동 0044,
"경기도 경성부 중부 종로2정목외16정-006[관철동,인사동,관훈동,낙원동,경운동,운니동] - 낙원동 0045",https://theme.archives.go.kr/next/acreage/viewCadastreDetail.do?typesub=Y&type=12&packid=0000508319&docid=0050407546&mngno=BJCA000147&want=0&formType=oldName&rtURL=,https://theme.archives.go.kr/viewer/common/archWebViewer.do?singleData=Y&archiveEventId=0050407546,True,0014177165,BJCA000147,0050407546,낙원동 0045,
"경기도 경성부 중부 종로2정목외16정-006[관철동,인사동,관훈동,낙원동,경운동,운니동] - 낙원동 0046",https://theme.archives.go.kr/next/acreage/viewCadastreDetail.do?typesub=Y&type=12&packid=0000508319&docid=0050576749&mngno=BJCA000147&want=0&formType=oldName&rtURL=,https://theme.archives.go.kr/viewer/common/archWebViewer.do?singleData=Y&archiveEventId=0050576749,True,0014177165,BJCA000147,0050576749,낙원동 0046,
"경기도 경성부 중부 종로2정목외16정-006[관철동,인사동,관훈동,낙원동,경운동,운니동] - 낙원동 0047",https://theme.archives.go.kr/next/acreage/viewCadastreDetail.do?typesub=Y&type=12&packid=0000508319&docid=0050576739&mngno=BJCA000147&want=0&formType=oldName&rtURL=,https://theme.archives.go.kr/viewer/common/archWebViewer.do?singleData=Y&archiveEventId=0050576739,True,0014177165,BJCA000147,0050576739,낙원동 0047,
"경기도 경성부 중부 종로2정목외16정-006[관철동,인사동,관훈동,낙원동,경운동,운니동] - 낙원동 0048",https://theme.archives.go.kr/next/acreage/viewCadastreDetail.do?typesub=Y&type=12&packid=0000508319&docid=0050407547&mngno=BJCA000147&want=0&formType=oldName&rtURL=,https://theme.archives.go.kr/viewer/common/archWebViewer.do?singleData=Y&archiveEventId=0050407547,True,0014177165,BJCA000147,0050407547,낙원동 0048,
"경기도 경성부 중부 종로2정목외16정-006[관철동,인사동,관훈동,낙원동,경운동,운니동] - 낙원동 0049",https://theme.archives.go.kr/next/acreage/viewCadastreDetail.do?typesub=Y&type=12&packid=0000508319&docid=0050407548&mngno=BJCA000147&want=0&formType=oldName&rtURL=,https://theme.archives.go.kr/viewer/common/archWebViewer.do?singleData=Y&archiveEventId=0050407548,True,0014177165,BJCA000147,0050407548,낙원동 0049,
"경기도 경성부 중부 종로2정목외16정-006[관철동,인사동,관훈동,낙원동,경운동,운니동] - 낙원동 0050",https://theme.archives.go.kr/next/acreage/viewCadastreDetail.do?typesub=Y&type=12&packid=0000508319&docid=0050576750&mngno=BJCA000147&want=0&formType=oldName&rtURL=,https://theme.archives.go.kr/viewer/common/archWebViewer.do?singleData=Y&archiveEventId=0050576750,True,0014177165,BJCA000147,0050576750,낙원동 0050,
"경기도 경성부 중부 종로2정목외16정-006[관철동,인사동,관훈동,낙원동,경운동,운니동] - 낙원동 0051",https://theme.archives.go.kr/next/acreage/viewCadastreDetail.do?typesub=Y&type=12&packid=0000508319&docid=0050480134&mngno=BJCA000147&want=0&formType=oldName&rtURL=,https://theme.archives.go.kr/viewer/common/archWebViewer.do?singleData=Y&archiveEventId=0050480134,True,0014177165,BJCA000147,0050480134,낙원동 0051,
"경기도 경성부 중부 종로2정목외16정-006[관철동,인사동,관훈동,낙원동,경운동,운니동] - 낙원동 0052",https://theme.archives.go.kr/next/acreage/viewCadastreDetail.do?typesub=Y&type=12&packid=0000508319&docid=0050407549&mngno=BJCA000147&want=0&formType=oldName&rtURL=,https://theme.archives.go.kr/viewer/common/archWebViewer.do?singleData=Y&archiveEventId=0050407549,True,0014177165,BJCA000147,0050407549,낙원동 0052,
"경기도 경성부 중부 종로2정목외16정-006[관철동,인사동,관훈동,낙원동,경운동,운니동] - 낙원동 0053",https://theme.archives.go.kr/next/acreage/viewCadastreDetail.do?typesub=Y&type=12&packid=0000508319&docid=0050576751&mngno=BJCA000147&want=0&formType=oldName&rtURL=,https://theme.archives.go.kr/viewer/common/archWebViewer.do?singleData=Y&archiveEventId=0050576751,True,0014177165,BJCA000147,0050576751,낙원동 0053,
"경기도 경성부 중부 종로2정목외16정-006[관철동,인사동,관훈동,낙원동,경운동,운니동] - 낙원동 0054",https://theme.archives.go.kr/next/acreage/viewCadastreDetail.do?typesub=Y&type=12&packid=0000508319&docid=0050407550&mngno=BJCA000147&want=0&formType=oldName&rtURL=,https://theme.archives.go.kr/viewer/common/archWebViewer.do?singleData=Y&archiveEventId=0050407550,True,0014177165,BJCA000147,0050407550,낙원동 0054,
"경기도 경성부 중부 종로2정목외16정-006[관철동,인사동,관훈동,낙원동,경운동,운니동] - 낙원동 0055",https://theme.archives.go.kr/next/acreage/viewCadastreDetail.do?typesub=Y&type=12&packid=0000508319&docid=0050407551&mngno=BJCA000147&want=0&formType=oldName&rtURL=,https://theme.archives.go.kr/viewer/common/archWebViewer.do?singleData=Y&archiveEventId=0050407551,True,0014177165,BJCA000147,0050407551,낙원동 0055,
"경기도 경성부 중부 종로2정목외16정-006[관철동,인사동,관훈동,낙원동,경운동,운니동] - 낙원동 0056",https://theme.archives.go.kr/next/acreage/viewCadastreDetail.do?typesub=Y&type=12&packid=0000508319&docid=0050576752&mngno=BJCA000147&want=0&formType=oldName&rtURL=,https://theme.archives.go.kr/viewer/common/archWebViewer.do?singleData=Y&archiveEventId=0050576752,True,0014177165,BJCA000147,0050576752,낙원동 0056,
"경기도 경성부 중부 종로2정목외16정-006[관철동,인사동,관훈동,낙원동,경운동,운니동] - 낙원동 0057",https://theme.archives.go.kr/next/acreage/viewCadastreDetail.do?typesub=Y&type=12&packid=0000508319&docid=0050407552&mngno=BJCA000147&want=0&formType=oldName&rtURL=,https://theme.archives.go.kr/viewer/common/archWebViewer.do?singleData=Y&archiveEventId=0050407552,True,0014177165,BJCA000147,0050407552,낙원동 0057,
"경기도 경성부 중부 종로2정목외16정-006[관철동,인사동,관훈동,낙원동,경운동,운니동] - 낙원동 0058",https://theme.archives.go.kr/next/acreage/viewCadastreDetail.do?typesub=Y&type=12&packid=0000508319&docid=0050407553&mngno=BJCA000147&want=0&formType=oldName&rtURL=,https://theme.archives.go.kr/viewer/common/archWebViewer.do?singleData=Y&archiveEventId=0050407553,True,0014177165,BJCA000147,0050407553,낙원동 0058,
"경기도 경성부 중부 종로2정목외16정-006[관철동,인사동,관훈동,낙원동,경운동,운니동] - 낙원동 0059",https://theme.archives.go.kr/next/acreage/viewCadastreDetail.do?typesub=Y&type=12&packid=0000508319&docid=0050407554&mngno=BJCA000147&want=0&formType=oldName&rtURL=,https://theme.archives.go.kr/viewer/common/archWebViewer.do?singleData=Y&archiveEventId=0050407554,True,0014177165,BJCA000147,0050407554,낙원동 0059,
"경기도 경성부 중부 종로2정목외16정-006[관철동,인사동,관훈동,낙원동,경운동,운니동] - 낙원동 0060",https://theme.archives.go.kr/next/acreage/viewCadastreDetail.do?typesub=Y&type=12&packid=0000508319&docid=0050576753&mngno=BJCA000147&want=0&formType=oldName&rtURL=,https://theme.archives.go.kr/viewer/common/archWebViewer.do?singleData=Y&archiveEventId=0050576753,True,0014177165,BJCA000147,0050576753,낙원동 0060,
"경기도 경성부 중부 종로2정목외16정-006[관철동,인사동,관훈동,낙원동,경운동,운니동] - 낙원동 0061",https://theme.archives.go.kr/next/acreage/viewCadastreDetail.do?typesub=Y&type=12&packid=0000508319&docid=0050407555&mngno=BJCA000147&want=0&formType=oldName&rtURL=,https://theme.archives.go.kr/viewer/common/archWebViewer.do?singleData=Y&archiveEventId=0050407555,True,0014177165,BJCA000147,0050407555,낙원동 0061,
"경기도 경성부 중부 종로2정목외16정-006[관철동,인사동,관훈동,낙원동,경운동,운니동] - 낙원동 0062",https://theme.archives.go.kr/next/acreage/viewCadastreDetail.do?typesub=Y&type=12&packid=0000508319&docid=0050407556&mngno=BJCA000147&want=0&formType=oldName&rtURL=,https://theme.archives.go.kr/viewer/common/archWebViewer.do?singleData=Y&archiveEventId=0050407556,True,0014177165,BJCA000147,0050407556,낙원동 0062,
"경기도 경성부 중부 종로2정목외16정-006[관철동,인사동,관훈동,낙원동,경운동,운니동] - 낙원동 0063",https://theme.archives.go.kr/next/acreage/viewCadastreDetail.do?typesub=Y&type=12&packid=0000508319&docid=0050576740&mngno=BJCA000147&want=0&formType=oldName&rtURL=,https://theme.archives.go.kr/viewer/common/archWebViewer.do?singleData=Y&archiveEventId=0050576740,True,0014177165,BJCA000147,0050576740,낙원동 0063,
"경기도 경성부 중부 종로2정목외16정-006[관철동,인사동,관훈동,낙원동,경운동,운니동] - 낙원동 0064",https://theme.archives.go.kr/next/acreage/viewCadastreDetail.do?typesub=Y&type=12&packid=0000508319&docid=0050576754&mngno=BJCA000147&want=0&formType=oldName&rtURL=,https://theme.archives.go.kr/viewer/common/archWebViewer.do?singleData=Y&archiveEventId=0050576754,True,0014177165,BJCA000147,0050576754,낙원동 0064,
"경기도 경성부 중부 종로2정목외16정-006[관철동,인사동,관훈동,낙원동,경운동,운니동] - 낙원동 0065",https://theme.archives.go.kr/next/acreage/viewCadastreDetail.do?typesub=Y&type=12&packid=0000508319&docid=0050407557&mngno=BJCA000147&want=0&formType=oldName&rtURL=,https://theme.archives.go.kr/viewer/common/archWebViewer.do?singleData=Y&archiveEventId=0050407557,True,0014177165,BJCA000147,0050407557,낙원동 0065,
"경기도 경성부 중부 종로2정목외16정-006[관철동,인사동,관훈동,낙원동,경운동,운니동] - 낙원동 0066",https://theme.archives.go.kr/next/acreage/viewCadastreDetail.do?typesub=Y&type=12&packid=0000508319&docid=0050407558&mngno=BJCA000147&want=0&formType=oldName&rtURL=,https://theme.archives.go.kr/viewer/common/archWebViewer.do?singleData=Y&archiveEventId=0050407558,True,0014177165,BJCA000147,0050407558,낙원동 0066,
"경기도 경성부 중부 종로2정목외16정-006[관철동,인사동,관훈동,낙원동,경운동,운니동] - 낙원동 0067",https://theme.archives.go.kr/next/acreage/viewCadastreDetail.do?typesub=Y&type=12&packid=0000508319&docid=0050576704&mngno=BJCA000147&want=0&formType=oldName&rtURL=,https://theme.archives.go.kr/viewer/common/archWebViewer.do?singleData=Y&archiveEventId=0050576704,True,0014177165,BJCA000147,0050576704,낙원동 0067,
"경기도 경성부 중부 종로2정목외16정-006[관철동,인사동,관훈동,낙원동,경운동,운니동] - 낙원동 0068",https://theme.archives.go.kr/next/acreage/viewCadastreDetail.do?typesub=Y&type=12&packid=0000508319&docid=0050407559&mngno=BJCA000147&want=0&formType=oldName&rtURL=,https://theme.archives.go.kr/viewer/common/archWebViewer.do?singleData=Y&archiveEventId=0050407559,True,0014177165,BJCA000147,0050407559,낙원동 0068,
"경기도 경성부 중부 종로2정목외16정-006[관철동,인사동,관훈동,낙원동,경운동,운니동] - 낙원동 0069",https://theme.archives.go.kr/next/acreage/viewCadastreDetail.do?typesub=Y&type=12&packid=0000508319&docid=0050407560&mngno=BJCA000147&want=0&formType=oldName&rtURL=,https://theme.archives.go.kr/viewer/common/archWebViewer.do?singleData=Y&archiveEventId=0050407560,True,0014177165,BJCA000147,0050407560,낙원동 0069,
"경기도 경성부 중부 종로2정목외16정-006[관철동,인사동,관훈동,낙원동,경운동,운니동] - 낙원동 0070",https://theme.archives.go.kr/next/acreage/viewCadastreDetail.do?typesub=Y&type=12&packid=0000508319&docid=0050576705&mngno=BJCA000147&want=0&formType=oldName&rtURL=,https://theme.archives.go.kr/viewer/common/archWebViewer.do?singleData=Y&archiveEventId=0050576705,True,0014177165,BJCA000147,0050576705,낙원동 0070,
"경기도 경성부 중부 종로2정목외16정-006[관철동,인사동,관훈동,낙원동,경운동,운니동] - 낙원동 0071",https://theme.archives.go.kr/next/acreage/viewCadastreDetail.do?typesub=Y&type=12&packid=0000508319&docid=0050576706&mngno=BJCA000147&want=0&formType=oldName&rtURL=,https://theme.archives.go.kr/viewer/common/archWebViewer.do?singleData=Y&archiveEventId=0050576706,True,0014177165,BJCA000147,0050576706,낙원동 0071,
"경기도 경성부 중부 종로2정목외16정-006[관철동,인사동,관훈동,낙원동,경운동,운니동] - 낙원동 0072",https://theme.archives.go.kr/next/acreage/viewCadastreDetail.do?typesub=Y&type=12&packid=0000508319&docid=0050407561&mngno=BJCA000147&want=0&formType=oldName&rtURL=,https://theme.archives.go.kr/viewer/common/archWebViewer.do?singleData=Y&archiveEventId=0050407561,True,0014177165,BJCA000147,0050407561,낙원동 0072,
"경기도 경성부 중부 종로2정목외16정-006[관철동,인사동,관훈동,낙원동,경운동,운니동] - 낙원동 0073",https://theme.archives.go.kr/next/acreage/viewCadastreDetail.do?typesub=Y&type=12&packid=0000508319&docid=0050407562&mngno=BJCA000147&want=0&formType=oldName&rtURL=,https://theme.archives.go.kr/viewer/common/archWebViewer.do?singleData=Y&archiveEventId=0050407562,True,0014177165,BJCA000147,0050407562,낙원동 0073,
"경기도 경성부 중부 종로2정목외16정-006[관철동,인사동,관훈동,낙원동,경운동,운니동] - 낙원동 0074",https://theme.archives.go.kr/next/acreage/viewCadastreDetail.do?typesub=Y&type=12&packid=0000508319&docid=0050576707&mngno=BJCA000147&want=0&formType=oldName&rtURL=,https://theme.archives.go.kr/viewer/common/archWebViewer.do?singleData=Y&archiveEventId=0050576707,True,0014177165,BJCA000147,0050576707,낙원동 0074,
"경기도 경성부 중부 종로2정목외16정-006[관철동,인사동,관훈동,낙원동,경운동,운니동] - 낙원동 0075",https://theme.archives.go.kr/next/acreage/viewCadastreDetail.do?typesub=Y&type=12&packid=0000508319&docid=0050407563&mngno=BJCA000147&want=0&formType=oldName&rtURL=,https://theme.archives.go.kr/viewer/common/archWebViewer.do?singleData=Y&archiveEventId=0050407563,True,0014177165,BJCA000147,0050407563,낙원동 0075,
"경기도 경성부 중부 종로2정목외16정-006[관철동,인사동,관훈동,낙원동,경운동,운니동] - 낙원동 0076",https://theme.archives.go.kr/next/acreage/viewCadastreDetail.do?typesub=Y&type=12&packid=0000508319&docid=0050407564&mngno=BJCA000147&want=0&formType=oldName&rtURL=,https://theme.archives.go.kr/viewer/common/archWebViewer.do?singleData=Y&archiveEventId=0050407564,True,0014177165,BJCA000147,0050407564,낙원동 0076,
"경기도 경성부 중부 종로2정목외16정-006[관철동,인사동,관훈동,낙원동,경운동,운니동] - 낙원동 0077",https://theme.archives.go.kr/next/acreage/viewCadastreDetail.do?typesub=Y&type=12&packid=0000508319&docid=0050576708&mngno=BJCA000147&want=0&formType=oldName&rtURL=,https://theme.archives.go.kr/viewer/common/archWebViewer.do?singleData=Y&archiveEventId=0050576708,True,0014177165,BJCA000147,0050576708,낙원동 0077,
"경기도 경성부 중부 종로2정목외16정-006[관철동,인사동,관훈동,낙원동,경운동,운니동] - 낙원동 0078",https://theme.archives.go.kr/next/acreage/viewCadastreDetail.do?typesub=Y&type=12&packid=0000508319&docid=0050474587&mngno=BJCA000147&want=0&formType=oldName&rtURL=,https://theme.archives.go.kr/viewer/common/archWebViewer.do?singleData=Y&archiveEventId=0050474587,True,0014177165,BJCA000147,0050474587,낙원동 0078,
"경기도 경성부 중부 종로2정목외16정-006[관철동,인사동,관훈동,낙원동,경운동,운니동] - 낙원동 0079",https://theme.archives.go.kr/next/acreage/viewCadastreDetail.do?typesub=Y&type=12&packid=0000508319&docid=0050407565&mngno=BJCA000147&want=0&formType=oldName&rtURL=,https://theme.archives.go.kr/viewer/common/archWebViewer.do?singleData=Y&archiveEventId=0050407565,True,0014177165,BJCA000147,0050407565,낙원동 0079,
"경기도 경성부 중부 종로2정목외16정-006[관철동,인사동,관훈동,낙원동,경운동,운니동] - 낙원동 0080",https://theme.archives.go.kr/next/acreage/viewCadastreDetail.do?typesub=Y&type=12&packid=0000508319&docid=0050407566&mngno=BJCA000147&want=0&formType=oldName&rtURL=,https://theme.archives.go.kr/viewer/common/archWebViewer.do?singleData=Y&archiveEventId=0050407566,True,0014177165,BJCA000147,0050407566,낙원동 0080,
"경기도 경성부 중부 종로2정목외16정-006[관철동,인사동,관훈동,낙원동,경운동,운니동] - 낙원동 0081",https://theme.archives.go.kr/next/acreage/viewCadastreDetail.do?typesub=Y&type=12&packid=0000508319&docid=0050576709&mngno=BJCA000147&want=0&formType=oldName&rtURL=,https://theme.archives.go.kr/viewer/common/archWebViewer.do?singleData=Y&archiveEventId=0050576709,True,0014177165,BJCA000147,0050576709,낙원동 0081,
"경기도 경성부 중부 종로2정목외16정-006[관철동,인사동,관훈동,낙원동,경운동,운니동] - 낙원동 0082",https://theme.archives.go.kr/next/acreage/viewCadastreDetail.do?typesub=Y&type=12&packid=0000508319&docid=0050407567&mngno=BJCA000147&want=0&formType=oldName&rtURL=,https://theme.archives.go.kr/viewer/common/archWebViewer.do?singleData=Y&archiveEventId=0050407567,True,0014177165,BJCA000147,0050407567,낙원동 0082,
"경기도 경성부 중부 종로2정목외16정-006[관철동,인사동,관훈동,낙원동,경운동,운니동] - 낙원동 0083",https://theme.archives.go.kr/next/acreage/viewCadastreDetail.do?typesub=Y&type=12&packid=0000508319&docid=0050407568&mngno=BJCA000147&want=0&formType=oldName&rtURL=,https://theme.archives.go.kr/viewer/common/archWebViewer.do?singleData=Y&archiveEventId=0050407568,True,0014177165,BJCA000147,0050407568,낙원동 0083,
"경기도 경성부 중부 종로2정목외16정-006[관철동,인사동,관훈동,낙원동,경운동,운니동] - 낙원동 0084",https://theme.archives.go.kr/next/acreage/viewCadastreDetail.do?typesub=Y&type=12&packid=0000508319&docid=0050576710&mngno=BJCA000147&want=0&formType=oldName&rtURL=,https://theme.archives.go.kr/viewer/common/archWebViewer.do?singleData=Y&archiveEventId=0050576710,True,0014177165,BJCA000147,0050576710,낙원동 0084,
"경기도 경성부 중부 종로2정목외16정-006[관철동,인사동,관훈동,낙원동,경운동,운니동] - 낙원동 0085",https://theme.archives.go.kr/next/acreage/viewCadastreDetail.do?typesub=Y&type=12&packid=0000508319&docid=0050407569&mngno=BJCA000147&want=0&formType=oldName&rtURL=,https://theme.archives.go.kr/viewer/common/archWebViewer.do?singleData=Y&archiveEventId=0050407569,True,0014177165,BJCA000147,0050407569,낙원동 0085,
"경기도 경성부 중부 종로2정목외16정-006[관철동,인사동,관훈동,낙원동,경운동,운니동] - 낙원동 0086",https://theme.archives.go.kr/next/acreage/viewCadastreDetail.do?typesub=Y&type=12&packid=0000508319&docid=0050407570&mngno=BJCA000147&want=0&formType=oldName&rtURL=,https://theme.archives.go.kr/viewer/common/archWebViewer.do?singleData=Y&archiveEventId=0050407570,True,0014177165,BJCA000147,0050407570,낙원동 0086,
"경기도 경성부 중부 종로2정목외16정-006[관철동,인사동,관훈동,낙원동,경운동,운니동] - 낙원동 0087",https://theme.archives.go.kr/next/acreage/viewCadastreDetail.do?typesub=Y&type=12&packid=0000508319&docid=0050576711&mngno=BJCA000147&want=0&formType=oldName&rtURL=,https://theme.archives.go.kr/viewer/common/archWebViewer.do?singleData=Y&archiveEventId=0050576711,True,0014177165,BJCA000147,0050576711,낙원동 0087,
"경기도 경성부 중부 종로2정목외16정-006[관철동,인사동,관훈동,낙원동,경운동,운니동] - 낙원동 0088",https://theme.archives.go.kr/next/acreage/viewCadastreDetail.do?typesub=Y&type=12&packid=0000508319&docid=0050407571&mngno=BJCA000147&want=0&formType=oldName&rtURL=,https://theme.archives.go.kr/viewer/common/archWebViewer.do?singleData=Y&archiveEventId=0050407571,True,0014177165,BJCA000147,0050407571,낙원동 0088,
"경기도 경성부 중부 종로2정목외16정-006[관철동,인사동,관훈동,낙원동,경운동,운니동] - 낙원동 0089",https://theme.archives.go.kr/next/acreage/viewCadastreDetail.do?typesub=Y&type=12&packid=0000508319&docid=0050407572&mngno=BJCA000147&want=0&formType=oldName&rtURL=,https://theme.archives.go.kr/viewer/common/archWebViewer.do?singleData=Y&archiveEventId=0050407572,True,0014177165,BJCA000147,0050407572,낙원동 0089,
"경기도 경성부 중부 종로2정목외16정-006[관철동,인사동,관훈동,낙원동,경운동,운니동] - 낙원동 0090",https://theme.archives.go.kr/next/acreage/viewCadastreDetail.do?typesub=Y&type=12&packid=0000508319&docid=0050576712&mngno=BJCA000147&want=0&formType=oldName&rtURL=,https://theme.archives.go.kr/viewer/common/archWebViewer.do?singleData=Y&archiveEventId=0050576712,True,0014177165,BJCA000147,0050576712,낙원동 0090,
"경기도 경성부 중부 종로2정목외16정-006[관철동,인사동,관훈동,낙원동,경운동,운니동] - 낙원동 0091",https://theme.archives.go.kr/next/acreage/viewCadastreDetail.do?typesub=Y&type=12&packid=0000508319&docid=0050407573&mngno=BJCA000147&want=0&formType=oldName&rtURL=,https://theme.archives.go.kr/viewer/common/archWebViewer.do?singleData=Y&archiveEventId=0050407573,True,0014177165,BJCA000147,0050407573,낙원동 0091,
"경기도 경성부 중부 종로2정목외16정-006[관철동,인사동,관훈동,낙원동,경운동,운니동] - 낙원동 0092",https://theme.archives.go.kr/next/acreage/viewCadastreDetail.do?typesub=Y&type=12&packid=0000508319&docid=0050407574&mngno=BJCA000147&want=0&formType=oldName&rtURL=,https://theme.archives.go.kr/viewer/common/archWebViewer.do?singleData=Y&archiveEventId=0050407574,True,0014177165,BJCA000147,0050407574,낙원동 0092,
"경기도 경성부 중부 종로2정목외16정-006[관철동,인사동,관훈동,낙원동,경운동,운니동] - 낙원동 0093",https://theme.archives.go.kr/next/acreage/viewCadastreDetail.do?typesub=Y&type=12&packid=0000508319&docid=0050576713&mngno=BJCA000147&want=0&formType=oldName&rtURL=,https://theme.archives.go.kr/viewer/common/archWebViewer.do?singleData=Y&archiveEventId=0050576713,True,0014177165,BJCA000147,0050576713,낙원동 0093,
"경기도 경성부 중부 종로2정목외16정-006[관철동,인사동,관훈동,낙원동,경운동,운니동] - 낙원동 0094",https://theme.archives.go.kr/next/acreage/viewCadastreDetail.do?typesub=Y&type=12&packid=0000508319&docid=0050407575&mngno=BJCA000147&want=0&formType=oldName&rtURL=,https://theme.archives.go.kr/viewer/common/archWebViewer.do?singleData=Y&archiveEventId=0050407575,True,0014177165,BJCA000147,0050407575,낙원동 0094,
"경기도 경성부 중부 종로2정목외16정-006[관철동,인사동,관훈동,낙원동,경운동,운니동] - 낙원동 0095",https://theme.archives.go.kr/next/acreage/viewCadastreDetail.do?typesub=Y&type=12&packid=0000508319&docid=0050407576&mngno=BJCA000147&want=0&formType=oldName&rtURL=,https://theme.archives.go.kr/viewer/common/archWebViewer.do?singleData=Y&archiveEventId=0050407576,True,0014177165,BJCA000147,0050407576,낙원동 0095,
"경기도 경성부 중부 종로2정목외16정-006[관철동,인사동,관훈동,낙원동,경운동,운니동] - 낙원동 0096",https://theme.archives.go.kr/next/acreage/viewCadastreDetail.do?typesub=Y&type=12&packid=0000508319&docid=0050576714&mngno=BJCA000147&want=0&formType=oldName&rtURL=,https://theme.archives.go.kr/viewer/common/archWebViewer.do?singleData=Y&archiveEventId=0050576714,True,0014177165,BJCA000147,0050576714,낙원동 0096,
"경기도 경성부 중부 종로2정목외16정-006[관철동,인사동,관훈동,낙원동,경운동,운니동] - 낙원동 0097",https://theme.archives.go.kr/next/acreage/viewCadastreDetail.do?typesub=Y&type=12&packid=0000508319&docid=0050407577&mngno=BJCA000147&want=0&formType=oldName&rtURL=,https://theme.archives.go.kr/viewer/common/archWebViewer.do?singleData=Y&archiveEventId=0050407577,True,0014177165,BJCA000147,0050407577,낙원동 0097,
"경기도 경성부 중부 종로2정목외16정-006[관철동,인사동,관훈동,낙원동,경운동,운니동] - 낙원동 0098",https://theme.archives.go.kr/next/acreage/viewCadastreDetail.do?typesub=Y&type=12&packid=0000508319&docid=0050407578&mngno=BJCA000147&want=0&formType=oldName&rtURL=,https://theme.archives.go.kr/viewer/common/archWebViewer.do?singleData=Y&archiveEventId=0050407578,True,0014177165,BJCA000147,0050407578,낙원동 0098,
"경기도 경성부 중부 종로2정목외16정-006[관철동,인사동,관훈동,낙원동,경운동,운니동] - 낙원동 0099",https://theme.archives.go.kr/next/acreage/viewCadastreDetail.do?typesub=Y&type=12&packid=0000508319&docid=0050576715&mngno=BJCA000147&want=0&formType=oldName&rtURL=,https://theme.archives.go.kr/viewer/common/archWebViewer.do?singleData=Y&archiveEventId=0050576715,True,0014177165,BJCA000147,0050576715,낙원동 0099,
"경기도 경성부 중부 종로2정목외16정-006[관철동,인사동,관훈동,낙원동,경운동,운니동] - 낙원동 0100",https://theme.archives.go.kr/next/acreage/viewCadastreDetail.do?typesub=Y&type=12&packid=0000508319&docid=0050407579&mngno=BJCA000147&want=0&formType=oldName&rtURL=,https://theme.archives.go.kr/viewer/common/archWebViewer.do?singleData=Y&archiveEventId=0050407579,True,0014177165,BJCA000147,0050407579,낙원동 0100,
"경기도 경성부 중부 종로2정목외16정-006[관철동,인사동,관훈동,낙원동,경운동,운니동] - 낙원동 0101",https://theme.archives.go.kr/next/acreage/viewCadastreDetail.do?typesub=Y&type=12&packid=0000508319&docid=0050407580&mngno=BJCA000147&want=0&formType=oldName&rtURL=,https://theme.archives.go.kr/viewer/common/archWebViewer.do?singleData=Y&archiveEventId=0050407580,True,0014177165,BJCA000147,0050407580,낙원동 0101,
"경기도 경성부 중부 종로2정목외16정-006[관철동,인사동,관훈동,낙원동,경운동,운니동] - 낙원동 0102",https://theme.archives.go.kr/next/acreage/viewCadastreDetail.do?typesub=Y&type=12&packid=0000508319&docid=0050576716&mngno=BJCA000147&want=0&formType=oldName&rtURL=,https://theme.archives.go.kr/viewer/common/archWebViewer.do?singleData=Y&archiveEventId=0050576716,True,0014177165,BJCA000147,0050576716,낙원동 0102,
"경기도 경성부 중부 종로2정목외16정-006[관철동,인사동,관훈동,낙원동,경운동,운니동] - 낙원동 0103",https://theme.archives.go.kr/next/acreage/viewCadastreDetail.do?typesub=Y&type=12&packid=0000508319&docid=0050407581&mngno=BJCA000147&want=0&formType=oldName&rtURL=,https://theme.archives.go.kr/viewer/common/archWebViewer.do?singleData=Y&archiveEventId=0050407581,True,0014177165,BJCA000147,0050407581,낙원동 0103,
"경기도 경성부 중부 종로2정목외16정-006[관철동,인사동,관훈동,낙원동,경운동,운니동] - 낙원동 0104",https://theme.archives.go.kr/next/acreage/viewCadastreDetail.do?typesub=Y&type=12&packid=0000508319&docid=0050407582&mngno=BJCA000147&want=0&formType=oldName&rtURL=,https://theme.archives.go.kr/viewer/common/archWebViewer.do?singleData=Y&archiveEventId=0050407582,True,0014177165,BJCA000147,0050407582,낙원동 0104,
"경기도 경성부 중부 종로2정목외16정-006[관철동,인사동,관훈동,낙원동,경운동,운니동] - 낙원동 0105",https://theme.archives.go.kr/next/acreage/viewCadastreDetail.do?typesub=Y&type=12&packid=0000508319&docid=0050576717&mngno=BJCA000147&want=0&formType=oldName&rtURL=,https://theme.archives.go.kr/viewer/common/archWebViewer.do?singleData=Y&archiveEventId=0050576717,True,0014177165,BJCA000147,0050576717,낙원동 0105,
"경기도 경성부 중부 종로2정목외16정-006[관철동,인사동,관훈동,낙원동,경운동,운니동] - 낙원동 0106",https://theme.archives.go.kr/next/acreage/viewCadastreDetail.do?typesub=Y&type=12&packid=0000508319&docid=0050407583&mngno=BJCA000147&want=0&formType=oldName&rtURL=,https://theme.archives.go.kr/viewer/common/archWebViewer.do?singleData=Y&archiveEventId=0050407583,True,0014177165,BJCA000147,0050407583,낙원동 0106,
"경기도 경성부 중부 종로2정목외16정-006[관철동,인사동,관훈동,낙원동,경운동,운니동] - 낙원동 0107",https://theme.archives.go.kr/next/acreage/viewCadastreDetail.do?typesub=Y&type=12&packid=0000508319&docid=0050576741&mngno=BJCA000147&want=0&formType=oldName&rtURL=,https://theme.archives.go.kr/viewer/common/archWebViewer.do?singleData=Y&archiveEventId=0050576741,True,0014177165,BJCA000147,0050576741,낙원동 0107,
"경기도 경성부 중부 종로2정목외16정-006[관철동,인사동,관훈동,낙원동,경운동,운니동] - 낙원동 0108",https://theme.archives.go.kr/next/acreage/viewCadastreDetail.do?typesub=Y&type=12&packid=0000508319&docid=0050407584&mngno=BJCA000147&want=0&formType=oldName&rtURL=,https://theme.archives.go.kr/viewer/common/archWebViewer.do?singleData=Y&archiveEventId=0050407584,True,0014177165,BJCA000147,0050407584,낙원동 0108,
"경기도 경성부 중부 종로2정목외16정-006[관철동,인사동,관훈동,낙원동,경운동,운니동] - 낙원동 0109",https://theme.archives.go.kr/next/acreage/viewCadastreDetail.do?typesub=Y&type=12&packid=0000508319&docid=0050407585&mngno=BJCA000147&want=0&formType=oldName&rtURL=,https://theme.archives.go.kr/viewer/common/archWebViewer.do?singleData=Y&archiveEventId=0050407585,True,0014177165,BJCA000147,0050407585,낙원동 0109,
"경기도 경성부 중부 종로2정목외16정-006[관철동,인사동,관훈동,낙원동,경운동,운니동] - 낙원동 0110",https://theme.archives.go.kr/next/acreage/viewCadastreDetail.do?typesub=Y&type=12&packid=0000508319&docid=0050576718&mngno=BJCA000147&want=0&formType=oldName&rtURL=,https://theme.archives.go.kr/viewer/common/archWebViewer.do?singleData=Y&archiveEventId=0050576718,True,0014177165,BJCA000147,0050576718,낙원동 0110,
"경기도 경성부 중부 종로2정목외16정-006[관철동,인사동,관훈동,낙원동,경운동,운니동] - 낙원동 0111",https://theme.archives.go.kr/next/acreage/viewCadastreDetail.do?typesub=Y&type=12&packid=0000508319&docid=0050407586&mngno=BJCA000147&want=0&formType=oldName&rtURL=,https://theme.archives.go.kr/viewer/common/archWebViewer.do?singleData=Y&archiveEventId=0050407586,True,0014177165,BJCA000147,0050407586,낙원동 0111,
"경기도 경성부 중부 종로2정목외16정-006[관철동,인사동,관훈동,낙원동,경운동,운니동] - 낙원동 0112",https://theme.archives.go.kr/next/acreage/viewCadastreDetail.do?typesub=Y&type=12&packid=0000508319&docid=0050407587&mngno=BJCA000147&want=0&formType=oldName&rtURL=,https://theme.archives.go.kr/viewer/common/archWebViewer.do?singleData=Y&archiveEventId=0050407587,True,0014177165,BJCA000147,0050407587,낙원동 0112,
"경기도 경성부 중부 종로2정목외16정-006[관철동,인사동,관훈동,낙원동,경운동,운니동] - 낙원동 0113",https://theme.archives.go.kr/next/acreage/viewCadastreDetail.do?typesub=Y&type=12&packid=0000508319&docid=0050576719&mngno=BJCA000147&want=0&formType=oldName&rtURL=,https://theme.archives.go.kr/viewer/common/archWebViewer.do?singleData=Y&archiveEventId=0050576719,True,0014177165,BJCA000147,0050576719,낙원동 0113,
"경기도 경성부 중부 종로2정목외16정-006[관철동,인사동,관훈동,낙원동,경운동,운니동] - 낙원동 0114",https://theme.archives.go.kr/next/acreage/viewCadastreDetail.do?typesub=Y&type=12&packid=0000508319&docid=0050407588&mngno=BJCA000147&want=0&formType=oldName&rtURL=,https://theme.archives.go.kr/viewer/common/archWebViewer.do?singleData=Y&archiveEventId=0050407588,True,0014177165,BJCA000147,0050407588,낙원동 0114,
"경기도 경성부 중부 종로2정목외16정-006[관철동,인사동,관훈동,낙원동,경운동,운니동] - 낙원동 0115",https://theme.archives.go.kr/next/acreage/viewCadastreDetail.do?typesub=Y&type=12&packid=0000508319&docid=0050407589&mngno=BJCA000147&want=0&formType=oldName&rtURL=,https://theme.archives.go.kr/viewer/common/archWebViewer.do?singleData=Y&archiveEventId=0050407589,True,0014177165,BJCA000147,0050407589,낙원동 0115,
"경기도 경성부 중부 종로2정목외16정-006[관철동,인사동,관훈동,낙원동,경운동,운니동] - 낙원동 0116",https://theme.archives.go.kr/next/acreage/viewCadastreDetail.do?typesub=Y&type=12&packid=0000508319&docid=0050576720&mngno=BJCA000147&want=0&formType=oldName&rtURL=,https://theme.archives.go.kr/viewer/common/archWebViewer.do?singleData=Y&archiveEventId=0050576720,True,0014177165,BJCA000147,0050576720,낙원동 0116,
"경기도 경성부 중부 종로2정목외16정-006[관철동,인사동,관훈동,낙원동,경운동,운니동] - 낙원동 0117",https://theme.archives.go.kr/next/acreage/viewCadastreDetail.do?typesub=Y&type=12&packid=0000508319&docid=0050576721&mngno=BJCA000147&want=0&formType=oldName&rtURL=,https://theme.archives.go.kr/viewer/common/archWebViewer.do?singleData=Y&archiveEventId=0050576721,True,0014177165,BJCA000147,0050576721,낙원동 0117,
"경기도 경성부 중부 종로2정목외16정-006[관철동,인사동,관훈동,낙원동,경운동,운니동] - 낙원동 0118",https://theme.archives.go.kr/next/acreage/viewCadastreDetail.do?typesub=Y&type=12&packid=0000508319&docid=0050407590&mngno=BJCA000147&want=0&formType=oldName&rtURL=,https://theme.archives.go.kr/viewer/common/archWebViewer.do?singleData=Y&archiveEventId=0050407590,True,0014177165,BJCA000147,0050407590,낙원동 0118,
"경기도 경성부 중부 종로2정목외16정-006[관철동,인사동,관훈동,낙원동,경운동,운니동] - 낙원동 0134",https://theme.archives.go.kr/next/acreage/viewCadastreDetail.do?typesub=Y&type=12&packid=0000508319&docid=0050407591&mngno=BJCA000147&want=0&formType=oldName&rtURL=,https://theme.archives.go.kr/viewer/common/archWebViewer.do?singleData=Y&archiveEventId=0050407591,True,0014177165,BJCA000147,0050407591,낙원동 0134,
"경기도 경성부 중부 종로2정목외16정-006[관철동,인사동,관훈동,낙원동,경운동,운니동] - 낙원동 0135",https://theme.archives.go.kr/next/acreage/viewCadastreDetail.do?typesub=Y&type=12&packid=0000508319&docid=0050576722&mngno=BJCA000147&want=0&formType=oldName&rtURL=,https://theme.archives.go.kr/viewer/common/archWebViewer.do?singleData=Y&archiveEventId=0050576722,True,0014177165,BJCA000147,0050576722,낙원동 0135,
"경기도 경성부 중부 종로2정목외16정-006[관철동,인사동,관훈동,낙원동,경운동,운니동] - 낙원동 0136",https://theme.archives.go.kr/next/acreage/viewCadastreDetail.do?typesub=Y&type=12&packid=0000508319&docid=0050407592&mngno=BJCA000147&want=0&formType=oldName&rtURL=,https://theme.archives.go.kr/viewer/common/archWebViewer.do?singleData=Y&archiveEventId=0050407592,True,0014177165,BJCA000147,0050407592,낙원동 0136,
"경기도 경성부 중부 종로2정목외16정-006[관철동,인사동,관훈동,낙원동,경운동,운니동] - 낙원동 0137",https://theme.archives.go.kr/next/acreage/viewCadastreDetail.do?typesub=Y&type=12&packid=0000508319&docid=0050407593&mngno=BJCA000147&want=0&formType=oldName&rtURL=,https://theme.archives.go.kr/viewer/common/archWebViewer.do?singleData=Y&archiveEventId=0050407593,True,0014177165,BJCA000147,0050407593,낙원동 0137,
"경기도 경성부 중부 종로2정목외16정-006[관철동,인사동,관훈동,낙원동,경운동,운니동] - 낙원동 0138",https://theme.archives.go.kr/next/acreage/viewCadastreDetail.do?typesub=Y&type=12&packid=0000508319&docid=0050576723&mngno=BJCA000147&want=0&formType=oldName&rtURL=,https://theme.archives.go.kr/viewer/common/archWebViewer.do?singleData=Y&archiveEventId=0050576723,True,0014177165,BJCA000147,0050576723,낙원동 0138,
"경기도 경성부 중부 종로2정목외16정-006[관철동,인사동,관훈동,낙원동,경운동,운니동] - 낙원동 0139",https://theme.archives.go.kr/next/acreage/viewCadastreDetail.do?typesub=Y&type=12&packid=0000508319&docid=0050407594&mngno=BJCA000147&want=0&formType=oldName&rtURL=,https://theme.archives.go.kr/viewer/common/archWebViewer.do?singleData=Y&archiveEventId=0050407594,True,0014177165,BJCA000147,0050407594,낙원동 0139,
"경기도 경성부 중부 종로2정목외16정-006[관철동,인사동,관훈동,낙원동,경운동,운니동] - 낙원동 0140",https://theme.archives.go.kr/next/acreage/viewCadastreDetail.do?typesub=Y&type=12&packid=0000508319&docid=0050407595&mngno=BJCA000147&want=0&formType=oldName&rtURL=,https://theme.archives.go.kr/viewer/common/archWebViewer.do?singleData=Y&archiveEventId=0050407595,True,0014177165,BJCA000147,0050407595,낙원동 0140,
"경기도 경성부 중부 종로2정목외16정-006[관철동,인사동,관훈동,낙원동,경운동,운니동] - 낙원동 0226",https://theme.archives.go.kr/next/acreage/viewCadastreDetail.do?typesub=Y&type=12&packid=0000508319&docid=0050576724&mngno=BJCA000147&want=0&formType=oldName&rtURL=,https://theme.archives.go.kr/viewer/common/archWebViewer.do?singleData=Y&archiveEventId=0050576724,True,0014177165,BJCA000147,0050576724,낙원동 0226,
"경기도 경성부 중부 종로2정목외16정-006[관철동,인사동,관훈동,낙원동,경운동,운니동] - 낙원동 0227",https://theme.archives.go.kr/next/acreage/viewCadastreDetail.do?typesub=Y&type=12&packid=0000508319&docid=0050407596&mngno=BJCA000147&want=0&formType=oldName&rtURL=,https://theme.archives.go.kr/viewer/common/archWebViewer.do?singleData=Y&archiveEventId=0050407596,True,0014177165,BJCA000147,0050407596,낙원동 0227,
"경기도 경성부 중부 종로2정목외16정-006[관철동,인사동,관훈동,낙원동,경운동,운니동] - 낙원동 0228",https://theme.archives.go.kr/next/acreage/viewCadastreDetail.do?typesub=Y&type=12&packid=0000508319&docid=0050407597&mngno=BJCA000147&want=0&formType=oldName&rtURL=,https://theme.archives.go.kr/viewer/common/archWebViewer.do?singleData=Y&archiveEventId=0050407597,True,0014177165,BJCA000147,0050407597,낙원동 0228,
"경기도 경성부 중부 종로2정목외16정-006[관철동,인사동,관훈동,낙원동,경운동,운니동] - 낙원동 0229",https://theme.archives.go.kr/next/acreage/viewCadastreDetail.do?typesub=Y&type=12&packid=0000508319&docid=0050576725&mngno=BJCA000147&want=0&formType=oldName&rtURL=,https://theme.archives.go.kr/viewer/common/archWebViewer.do?singleData=Y&archiveEventId=0050576725,True,0014177165,BJCA000147,0050576725,낙원동 0229,
"경기도 경성부 중부 종로2정목외16정-006[관철동,인사동,관훈동,낙원동,경운동,운니동] - 낙원동 0230",https://theme.archives.go.kr/next/acreage/viewCadastreDetail.do?typesub=Y&type=12&packid=0000508319&docid=0050407598&mngno=BJCA000147&want=0&formType=oldName&rtURL=,https://theme.archives.go.kr/viewer/common/archWebViewer.do?singleData=Y&archiveEventId=0050407598,True,0014177165,BJCA000147,0050407598,낙원동 0230,
"경기도 경성부 중부 종로2정목외16정-006[관철동,인사동,관훈동,낙원동,경운동,운니동] - 낙원동 0231",https://theme.archives.go.kr/next/acreage/viewCadastreDetail.do?typesub=Y&type=12&packid=0000508319&docid=0050407599&mngno=BJCA000147&want=0&formType=oldName&rtURL=,https://theme.archives.go.kr/viewer/common/archWebViewer.do?singleData=Y&archiveEventId=0050407599,True,0014177165,BJCA000147,0050407599,낙원동 0231,
"경기도 경성부 중부 종로2정목외16정-006[관철동,인사동,관훈동,낙원동,경운동,운니동] - 낙원동 0232",https://theme.archives.go.kr/next/acreage/viewCadastreDetail.do?typesub=Y&type=12&packid=0000508319&docid=0050576726&mngno=BJCA000147&want=0&formType=oldName&rtURL=,https://theme.archives.go.kr/viewer/common/archWebViewer.do?singleData=Y&archiveEventId=0050576726,True,0014177165,BJCA000147,0050576726,낙원동 0232,
"경기도 경성부 중부 종로2정목외16정-006[관철동,인사동,관훈동,낙원동,경운동,운니동] - 낙원동 0233",https://theme.archives.go.kr/next/acreage/viewCadastreDetail.do?typesub=Y&type=12&packid=0000508319&docid=0050407600&mngno=BJCA000147&want=0&formType=oldName&rtURL=,https://theme.archives.go.kr/viewer/common/archWebViewer.do?singleData=Y&archiveEventId=0050407600,True,0014177165,BJCA000147,0050407600,낙원동 0233,
"경기도 경성부 중부 종로2정목외16정-006[관철동,인사동,관훈동,낙원동,경운동,운니동] - 낙원동 0234",https://theme.archives.go.kr/next/acreage/viewCadastreDetail.do?typesub=Y&type=12&packid=0000508319&docid=0050407601&mngno=BJCA000147&want=0&formType=oldName&rtURL=,https://theme.archives.go.kr/viewer/common/archWebViewer.do?singleData=Y&archiveEventId=0050407601,True,0014177165,BJCA000147,0050407601,낙원동 0234,
"경기도 경성부 중부 종로2정목외16정-006[관철동,인사동,관훈동,낙원동,경운동,운니동] - 낙원동 0235",https://theme.archives.go.kr/next/acreage/viewCadastreDetail.do?typesub=Y&type=12&packid=0000508319&docid=0050407602&mngno=BJCA000147&want=0&formType=oldName&rtURL=,https://theme.archives.go.kr/viewer/common/archWebViewer.do?singleData=Y&archiveEventId=0050407602,True,0014177165,BJCA000147,0050407602,낙원동 0235,
"경기도 경성부 중부 종로2정목외16정-006[관철동,인사동,관훈동,낙원동,경운동,운니동] - 낙원동 0236",https://theme.archives.go.kr/next/acreage/viewCadastreDetail.do?typesub=Y&type=12&packid=0000508319&docid=0050576727&mngno=BJCA000147&want=0&formType=oldName&rtURL=,https://theme.archives.go.kr/viewer/common/archWebViewer.do?singleData=Y&archiveEventId=0050576727,True,0014177165,BJCA000147,0050576727,낙원동 0236,
"경기도 경성부 중부 종로2정목외16정-006[관철동,인사동,관훈동,낙원동,경운동,운니동] - 낙원동 0237",https://theme.archives.go.kr/next/acreage/viewCadastreDetail.do?typesub=Y&type=12&packid=0000508319&docid=0050407603&mngno=BJCA000147&want=0&formType=oldName&rtURL=,https://theme.archives.go.kr/viewer/common/archWebViewer.do?singleData=Y&archiveEventId=0050407603,True,0014177165,BJCA000147,0050407603,낙원동 0237,
"경기도 경성부 중부 종로2정목외16정-006[관철동,인사동,관훈동,낙원동,경운동,운니동] - 낙원동 0238",https://theme.archives.go.kr/next/acreage/viewCadastreDetail.do?typesub=Y&type=12&packid=0000508319&docid=0050407604&mngno=BJCA000147&want=0&formType=oldName&rtURL=,https://theme.archives.go.kr/viewer/common/archWebViewer.do?singleData=Y&archiveEventId=0050407604,True,0014177165,BJCA000147,0050407604,낙원동 0238,
"경기도 경성부 중부 종로2정목외16정-006[관철동,인사동,관훈동,낙원동,경운동,운니동] - 낙원동 0239",https://theme.archives.go.kr/next/acreage/viewCadastreDetail.do?typesub=Y&type=12&packid=0000508319&docid=0050576728&mngno=BJCA000147&want=0&formType=oldName&rtURL=,https://theme.archives.go.kr/viewer/common/archWebViewer.do?singleData=Y&archiveEventId=0050576728,True,0014177165,BJCA000147,0050576728,낙원동 0239,
"경기도 경성부 중부 종로2정목외16정-006[관철동,인사동,관훈동,낙원동,경운동,운니동] - 낙원동 0240",https://theme.archives.go.kr/next/acreage/viewCadastreDetail.do?typesub=Y&type=12&packid=0000508319&docid=0050407605&mngno=BJCA000147&want=0&formType=oldName&rtURL=,https://theme.archives.go.kr/viewer/common/archWebViewer.do?singleData=Y&archiveEventId=0050407605,True,0014177165,BJCA000147,0050407605,낙원동 0240,
"경기도 경성부 중부 종로2정목외16정-006[관철동,인사동,관훈동,낙원동,경운동,운니동] - 낙원동 0241",https://theme.archives.go.kr/next/acreage/viewCadastreDetail.do?typesub=Y&type=12&packid=0000508319&docid=0050407606&mngno=BJCA000147&want=0&formType=oldName&rtURL=,https://theme.archives.go.kr/viewer/common/archWebViewer.do?singleData=Y&archiveEventId=0050407606,True,0014177165,BJCA000147,0050407606,낙원동 0241,
"경기도 경성부 중부 종로2정목외16정-006[관철동,인사동,관훈동,낙원동,경운동,운니동] - 낙원동 0242",https://theme.archives.go.kr/next/acreage/viewCadastreDetail.do?typesub=Y&type=12&packid=0000508319&docid=0050576679&mngno=BJCA000147&want=0&formType=oldName&rtURL=,https://theme.archives.go.kr/viewer/common/archWebViewer.do?singleData=Y&archiveEventId=0050576679,True,0014177165,BJCA000147,0050576679,낙원동 0242,
"경기도 경성부 중부 종로2정목외16정-006[관철동,인사동,관훈동,낙원동,경운동,운니동] - 낙원동 0243",https://theme.archives.go.kr/next/acreage/viewCadastreDetail.do?typesub=Y&type=12&packid=0000508319&docid=0050407607&mngno=BJCA000147&want=0&formType=oldName&rtURL=,https://theme.archives.go.kr/viewer/common/archWebViewer.do?singleData=Y&archiveEventId=0050407607,True,0014177165,BJCA000147,0050407607,낙원동 0243,
"경기도 경성부 중부 종로2정목외16정-006[관철동,인사동,관훈동,낙원동,경운동,운니동] - 낙원동 0244",https://theme.archives.go.kr/next/acreage/viewCadastreDetail.do?typesub=Y&type=12&packid=0000508319&docid=0050407608&mngno=BJCA000147&want=0&formType=oldName&rtURL=,https://theme.archives.go.kr/viewer/common/archWebViewer.do?singleData=Y&archiveEventId=0050407608,True,0014177165,BJCA000147,0050407608,낙원동 0244,
"경기도 경성부 중부 종로2정목외16정-006[관철동,인사동,관훈동,낙원동,경운동,운니동] - 낙원동 0245",https://theme.archives.go.kr/next/acreage/viewCadastreDetail.do?typesub=Y&type=12&packid=0000508319&docid=0050576680&mngno=BJCA000147&want=0&formType=oldName&rtURL=,https://theme.archives.go.kr/viewer/common/archWebViewer.do?singleData=Y&archiveEventId=0050576680,True,0014177165,BJCA000147,0050576680,낙원동 0245,
"경기도 경성부 중부 종로2정목외16정-006[관철동,인사동,관훈동,낙원동,경운동,운니동] - 낙원동 0246",https://theme.archives.go.kr/next/acreage/viewCadastreDetail.do?typesub=Y&type=12&packid=0000508319&docid=0050407609&mngno=BJCA000147&want=0&formType=oldName&rtURL=,https://theme.archives.go.kr/viewer/common/archWebViewer.do?singleData=Y&archiveEventId=0050407609,True,0014177165,BJCA000147,0050407609,낙원동 0246,
"경기도 경성부 중부 종로2정목외16정-006[관철동,인사동,관훈동,낙원동,경운동,운니동] - 낙원동 0247",https://theme.archives.go.kr/next/acreage/viewCadastreDetail.do?typesub=Y&type=12&packid=0000508319&docid=0050407610&mngno=BJCA000147&want=0&formType=oldName&rtURL=,https://theme.archives.go.kr/viewer/common/archWebViewer.do?singleData=Y&archiveEventId=0050407610,True,0014177165,BJCA000147,0050407610,낙원동 0247,
"경기도 경성부 중부 종로2정목외16정-006[관철동,인사동,관훈동,낙원동,경운동,운니동] - 낙원동 0248",https://theme.archives.go.kr/next/acreage/viewCadastreDetail.do?typesub=Y&type=12&packid=0000508319&docid=0050576681&mngno=BJCA000147&want=0&formType=oldName&rtURL=,https://theme.archives.go.kr/viewer/common/archWebViewer.do?singleData=Y&archiveEventId=0050576681,True,0014177165,BJCA000147,0050576681,낙원동 0248,
"경기도 경성부 중부 종로2정목외16정-006[관철동,인사동,관훈동,낙원동,경운동,운니동] - 낙원동 0249",https://theme.archives.go.kr/next/acreage/viewCadastreDetail.do?typesub=Y&type=12&packid=0000508319&docid=0050576742&mngno=BJCA000147&want=0&formType=oldName&rtURL=,https://theme.archives.go.kr/viewer/common/archWebViewer.do?singleData=Y&archiveEventId=0050576742,True,0014177165,BJCA000147,0050576742,낙원동 0249,
"경기도 경성부 중부 종로2정목외16정-006[관철동,인사동,관훈동,낙원동,경운동,운니동] - 낙원동 0250",https://theme.archives.go.kr/next/acreage/viewCadastreDetail.do?typesub=Y&type=12&packid=0000508319&docid=0050407611&mngno=BJCA000147&want=0&formType=oldName&rtURL=,https://theme.archives.go.kr/viewer/common/archWebViewer.do?singleData=Y&archiveEventId=0050407611,True,0014177165,BJCA000147,0050407611,낙원동 0250,
"경기도 경성부 중부 종로2정목외16정-006[관철동,인사동,관훈동,낙원동,경운동,운니동] - 낙원동 0251",https://theme.archives.go.kr/next/acreage/viewCadastreDetail.do?typesub=Y&type=12&packid=0000508319&docid=0050407612&mngno=BJCA000147&want=0&formType=oldName&rtURL=,https://theme.archives.go.kr/viewer/common/archWebViewer.do?singleData=Y&archiveEventId=0050407612,True,0014177165,BJCA000147,0050407612,낙원동 0251,
"경기도 경성부 중부 종로2정목외16정-006[관철동,인사동,관훈동,낙원동,경운동,운니동] - 낙원동 0252",https://theme.archives.go.kr/next/acreage/viewCadastreDetail.do?typesub=Y&type=12&packid=0000508319&docid=0050576682&mngno=BJCA000147&want=0&formType=oldName&rtURL=,https://theme.archives.go.kr/viewer/common/archWebViewer.do?singleData=Y&archiveEventId=0050576682,True,0014177165,BJCA000147,0050576682,낙원동 0252,
"경기도 경성부 중부 종로2정목외16정-006[관철동,인사동,관훈동,낙원동,경운동,운니동] - 낙원동 0253",https://theme.archives.go.kr/next/acreage/viewCadastreDetail.do?typesub=Y&type=12&packid=0000508319&docid=0050407613&mngno=BJCA000147&want=0&formType=oldName&rtURL=,https://theme.archives.go.kr/viewer/common/archWebViewer.do?singleData=Y&archiveEventId=0050407613,True,0014177165,BJCA000147,0050407613,낙원동 0253,
"경기도 경성부 중부 종로2정목외16정-006[관철동,인사동,관훈동,낙원동,경운동,운니동] - 낙원동 0254",https://theme.archives.go.kr/next/acreage/viewCadastreDetail.do?typesub=Y&type=12&packid=0000508319&docid=0050407614&mngno=BJCA000147&want=0&formType=oldName&rtURL=,https://theme.archives.go.kr/viewer/common/archWebViewer.do?singleData=Y&archiveEventId=0050407614,True,0014177165,BJCA000147,0050407614,낙원동 0254,
"경기도 경성부 중부 종로2정목외16정-006[관철동,인사동,관훈동,낙원동,경운동,운니동] - 낙원동 0255",https://theme.archives.go.kr/next/acreage/viewCadastreDetail.do?typesub=Y&type=12&packid=0000508319&docid=0050576683&mngno=BJCA000147&want=0&formType=oldName&rtURL=,https://theme.archives.go.kr/viewer/common/archWebViewer.do?singleData=Y&archiveEventId=0050576683,True,0014177165,BJCA000147,0050576683,낙원동 0255,
"경기도 경성부 중부 종로2정목외16정-006[관철동,인사동,관훈동,낙원동,경운동,운니동] - 낙원동 0256",https://theme.archives.go.kr/next/acreage/viewCadastreDetail.do?typesub=Y&type=12&packid=0000508319&docid=0050480135&mngno=BJCA000147&want=0&formType=oldName&rtURL=,https://theme.archives.go.kr/viewer/common/archWebViewer.do?singleData=Y&archiveEventId=0050480135,True,0014177165,BJCA000147,0050480135,낙원동 0256,
"경기도 경성부 중부 종로2정목외16정-006[관철동,인사동,관훈동,낙원동,경운동,운니동] - 낙원동 0257",https://theme.archives.go.kr/next/acreage/viewCadastreDetail.do?typesub=Y&type=12&packid=0000508319&docid=0050407615&mngno=BJCA000147&want=0&formType=oldName&rtURL=,https://theme.archives.go.kr/viewer/common/archWebViewer.do?singleData=Y&archiveEventId=0050407615,True,0014177165,BJCA000147,0050407615,낙원동 0257,
"경기도 경성부 중부 종로2정목외16정-006[관철동,인사동,관훈동,낙원동,경운동,운니동] - 낙원동 0258",https://theme.archives.go.kr/next/acreage/viewCadastreDetail.do?typesub=Y&type=12&packid=0000508319&docid=0050576684&mngno=BJCA000147&want=0&formType=oldName&rtURL=,https://theme.archives.go.kr/viewer/common/archWebViewer.do?singleData=Y&archiveEventId=0050576684,True,0014177165,BJCA000147,0050576684,낙원동 0258,
"경기도 경성부 중부 종로2정목외16정-006[관철동,인사동,관훈동,낙원동,경운동,운니동] - 낙원동 0259",https://theme.archives.go.kr/next/acreage/viewCadastreDetail.do?typesub=Y&type=12&packid=0000508319&docid=0050407616&mngno=BJCA000147&want=0&formType=oldName&rtURL=,https://theme.archives.go.kr/viewer/common/archWebViewer.do?singleData=Y&archiveEventId=0050407616,True,0014177165,BJCA000147,0050407616,낙원동 0259,
"경기도 경성부 중부 종로2정목외16정-006[관철동,인사동,관훈동,낙원동,경운동,운니동] - 낙원동 0260",https://theme.archives.go.kr/next/acreage/viewCadastreDetail.do?typesub=Y&type=12&packid=0000508319&docid=0050407617&mngno=BJCA000147&want=0&formType=oldName&rtURL=,https://theme.archives.go.kr/viewer/common/archWebViewer.do?singleData=Y&archiveEventId=0050407617,True,0014177165,BJCA000147,0050407617,낙원동 0260,
"경기도 경성부 중부 종로2정목외16정-006[관철동,인사동,관훈동,낙원동,경운동,운니동] - 낙원동 0261",https://theme.archives.go.kr/next/acreage/viewCadastreDetail.do?typesub=Y&type=12&packid=0000508319&docid=0050407618&mngno=BJCA000147&want=0&formType=oldName&rtURL=,https://theme.archives.go.kr/viewer/common/archWebViewer.do?singleData=Y&archiveEventId=0050407618,True,0014177165,BJCA000147,0050407618,낙원동 0261,
"경기도 경성부 중부 종로2정목외16정-006[관철동,인사동,관훈동,낙원동,경운동,운니동] - 낙원동 0262",https://theme.archives.go.kr/next/acreage/viewCadastreDetail.do?typesub=Y&type=12&packid=0000508319&docid=0050576685&mngno=BJCA000147&want=0&formType=oldName&rtURL=,https://theme.archives.go.kr/viewer/common/archWebViewer.do?singleData=Y&archiveEventId=0050576685,True,0014177165,BJCA000147,0050576685,낙원동 0262,
"경기도 경성부 중부 종로2정목외16정-006[관철동,인사동,관훈동,낙원동,경운동,운니동] - 낙원동 0263",https://theme.archives.go.kr/next/acreage/viewCadastreDetail.do?typesub=Y&type=12&packid=0000508319&docid=0050576686&mngno=BJCA000147&want=0&formType=oldName&rtURL=,https://theme.archives.go.kr/viewer/common/archWebViewer.do?singleData=Y&archiveEventId=0050576686,True,0014177165,BJCA000147,0050576686,낙원동 0263,
"경기도 경성부 중부 종로2정목외16정-006[관철동,인사동,관훈동,낙원동,경운동,운니동] - 낙원동 0264",https://theme.archives.go.kr/next/acreage/viewCadastreDetail.do?typesub=Y&type=12&packid=0000508319&docid=0050407619&mngno=BJCA000147&want=0&formType=oldName&rtURL=,https://theme.archives.go.kr/viewer/common/archWebViewer.do?singleData=Y&archiveEventId=0050407619,True,0014177165,BJCA000147,0050407619,낙원동 0264,
"경기도 경성부 중부 종로2정목외16정-006[관철동,인사동,관훈동,낙원동,경운동,운니동] - 낙원동 0265",https://theme.archives.go.kr/next/acreage/viewCadastreDetail.do?typesub=Y&type=12&packid=0000508319&docid=0050407620&mngno=BJCA000147&want=0&formType=oldName&rtURL=,https://theme.archives.go.kr/viewer/common/archWebViewer.do?singleData=Y&archiveEventId=0050407620,True,0014177165,BJCA000147,0050407620,낙원동 0265,
"경기도 경성부 중부 종로2정목외16정-006[관철동,인사동,관훈동,낙원동,경운동,운니동] - 낙원동 0266",https://theme.archives.go.kr/next/acreage/viewCadastreDetail.do?typesub=Y&type=12&packid=0000508319&docid=0050576687&mngno=BJCA000147&want=0&formType=oldName&rtURL=,https://theme.archives.go.kr/viewer/common/archWebViewer.do?singleData=Y&archiveEventId=0050576687,True,0014177165,BJCA000147,0050576687,낙원동 0266,
"경기도 경성부 중부 종로2정목외16정-006[관철동,인사동,관훈동,낙원동,경운동,운니동] - 낙원동 0267",https://theme.archives.go.kr/next/acreage/viewCadastreDetail.do?typesub=Y&type=12&packid=0000508319&docid=0050407621&mngno=BJCA000147&want=0&formType=oldName&rtURL=,https://theme.archives.go.kr/viewer/common/archWebViewer.do?singleData=Y&archiveEventId=0050407621,True,0014177165,BJCA000147,0050407621,낙원동 0267,
"경기도 경성부 중부 종로2정목외16정-006[관철동,인사동,관훈동,낙원동,경운동,운니동] - 낙원동 0268",https://theme.archives.go.kr/next/acreage/viewCadastreDetail.do?typesub=Y&type=12&packid=0000508319&docid=0050407622&mngno=BJCA000147&want=0&formType=oldName&rtURL=,https://theme.archives.go.kr/viewer/common/archWebViewer.do?singleData=Y&archiveEventId=0050407622,True,0014177165,BJCA000147,0050407622,낙원동 0268,
"경기도 경성부 중부 종로2정목외16정-006[관철동,인사동,관훈동,낙원동,경운동,운니동] - 낙원동 0269",https://theme.archives.go.kr/next/acreage/viewCadastreDetail.do?typesub=Y&type=12&packid=0000508319&docid=0050576688&mngno=BJCA000147&want=0&formType=oldName&rtURL=,https://theme.archives.go.kr/viewer/common/archWebViewer.do?singleData=Y&archiveEventId=0050576688,True,0014177165,BJCA000147,0050576688,낙원동 0269,
"경기도 경성부 중부 종로2정목외16정-006[관철동,인사동,관훈동,낙원동,경운동,운니동] - 낙원동 0270",https://theme.archives.go.kr/next/acreage/viewCadastreDetail.do?typesub=Y&type=12&packid=0000508319&docid=0050407623&mngno=BJCA000147&want=0&formType=oldName&rtURL=,https://theme.archives.go.kr/viewer/common/archWebViewer.do?singleData=Y&archiveEventId=0050407623,True,0014177165,BJCA000147,0050407623,낙원동 0270,
"경기도 경성부 중부 종로2정목외16정-006[관철동,인사동,관훈동,낙원동,경운동,운니동] - 낙원동 0271",https://theme.archives.go.kr/next/acreage/viewCadastreDetail.do?typesub=Y&type=12&packid=0000508319&docid=0050407624&mngno=BJCA000147&want=0&formType=oldName&rtURL=,https://theme.archives.go.kr/viewer/common/archWebViewer.do?singleData=Y&archiveEventId=0050407624,True,0014177165,BJCA000147,0050407624,낙원동 0271,
"경기도 경성부 중부 종로2정목외16정-006[관철동,인사동,관훈동,낙원동,경운동,운니동] - 낙원동 0272",https://theme.archives.go.kr/next/acreage/viewCadastreDetail.do?typesub=Y&type=12&packid=0000508319&docid=0050576689&mngno=BJCA000147&want=0&formType=oldName&rtURL=,https://theme.archives.go.kr/viewer/common/archWebViewer.do?singleData=Y&archiveEventId=0050576689,True,0014177165,BJCA000147,0050576689,낙원동 0272,
"경기도 경성부 중부 종로2정목외16정-006[관철동,인사동,관훈동,낙원동,경운동,운니동] - 낙원동 0273",https://theme.archives.go.kr/next/acreage/viewCadastreDetail.do?typesub=Y&type=12&packid=0000508319&docid=0050407625&mngno=BJCA000147&want=0&formType=oldName&rtURL=,https://theme.archives.go.kr/viewer/common/archWebViewer.do?singleData=Y&archiveEventId=0050407625,True,0014177165,BJCA000147,0050407625,낙원동 0273,
"경기도 경성부 중부 종로2정목외16정-006[관철동,인사동,관훈동,낙원동,경운동,운니동] - 낙원동 0274",https://theme.archives.go.kr/next/acreage/viewCadastreDetail.do?typesub=Y&type=12&packid=0000508319&docid=0050407626&mngno=BJCA000147&want=0&formType=oldName&rtURL=,https://theme.archives.go.kr/viewer/common/archWebViewer.do?singleData=Y&archiveEventId=0050407626,True,0014177165,BJCA000147,0050407626,낙원동 0274,
"경기도 경성부 중부 종로2정목외16정-006[관철동,인사동,관훈동,낙원동,경운동,운니동] - 낙원동 0275",https://theme.archives.go.kr/next/acreage/viewCadastreDetail.do?typesub=Y&type=12&packid=0000508319&docid=0050576690&mngno=BJCA000147&want=0&formType=oldName&rtURL=,https://theme.archives.go.kr/viewer/common/archWebViewer.do?singleData=Y&archiveEventId=0050576690,True,0014177165,BJCA000147,0050576690,낙원동 0275,
"경기도 경성부 중부 종로2정목외16정-006[관철동,인사동,관훈동,낙원동,경운동,운니동] - 낙원동 0276",https://theme.archives.go.kr/next/acreage/viewCadastreDetail.do?typesub=Y&type=12&packid=0000508319&docid=0050407627&mngno=BJCA000147&want=0&formType=oldName&rtURL=,https://theme.archives.go.kr/viewer/common/archWebViewer.do?singleData=Y&archiveEventId=0050407627,True,0014177165,BJCA000147,0050407627,낙원동 0276,
"경기도 경성부 중부 종로2정목외16정-006[관철동,인사동,관훈동,낙원동,경운동,운니동] - 낙원동 0277",https://theme.archives.go.kr/next/acreage/viewCadastreDetail.do?typesub=Y&type=12&packid=0000508319&docid=0050407628&mngno=BJCA000147&want=0&formType=oldName&rtURL=,https://theme.archives.go.kr/viewer/common/archWebViewer.do?singleData=Y&archiveEventId=0050407628,True,0014177165,BJCA000147,0050407628,낙원동 0277,
"경기도 경성부 중부 종로2정목외16정-006[관철동,인사동,관훈동,낙원동,경운동,운니동] - 낙원동 0278",https://theme.archives.go.kr/next/acreage/viewCadastreDetail.do?typesub=Y&type=12&packid=0000508319&docid=0050576691&mngno=BJCA000147&want=0&formType=oldName&rtURL=,https://theme.archives.go.kr/viewer/common/archWebViewer.do?singleData=Y&archiveEventId=0050576691,True,0014177165,BJCA000147,0050576691,낙원동 0278,
"경기도 경성부 중부 종로2정목외16정-006[관철동,인사동,관훈동,낙원동,경운동,운니동] - 낙원동 0279",https://theme.archives.go.kr/next/acreage/viewCadastreDetail.do?typesub=Y&type=12&packid=0000508319&docid=0050407629&mngno=BJCA000147&want=0&formType=oldName&rtURL=,https://theme.archives.go.kr/viewer/common/archWebViewer.do?singleData=Y&archiveEventId=0050407629,True,0014177165,BJCA000147,0050407629,낙원동 0279,
"경기도 경성부 중부 종로2정목외16정-006[관철동,인사동,관훈동,낙원동,경운동,운니동] - 낙원동 0280",https://theme.archives.go.kr/next/acreage/viewCadastreDetail.do?typesub=Y&type=12&packid=0000508319&docid=0050407630&mngno=BJCA000147&want=0&formType=oldName&rtURL=,https://theme.archives.go.kr/viewer/common/archWebViewer.do?singleData=Y&archiveEventId=0050407630,True,0014177165,BJCA000147,0050407630,낙원동 0280,
"경기도 경성부 중부 종로2정목외16정-006[관철동,인사동,관훈동,낙원동,경운동,운니동] - 낙원동 0281",https://theme.archives.go.kr/next/acreage/viewCadastreDetail.do?typesub=Y&type=12&packid=0000508319&docid=0050576692&mngno=BJCA000147&want=0&formType=oldName&rtURL=,https://theme.archives.go.kr/viewer/common/archWebViewer.do?singleData=Y&archiveEventId=0050576692,True,0014177165,BJCA000147,0050576692,낙원동 0281,
"경기도 경성부 중부 종로2정목외16정-006[관철동,인사동,관훈동,낙원동,경운동,운니동] - 낙원동 0282",https://theme.archives.go.kr/next/acreage/viewCadastreDetail.do?typesub=Y&type=12&packid=0000508319&docid=0050407631&mngno=BJCA000147&want=0&formType=oldName&rtURL=,https://theme.archives.go.kr/viewer/common/archWebViewer.do?singleData=Y&archiveEventId=0050407631,True,0014177165,BJCA000147,0050407631,낙원동 0282,
"경기도 경성부 중부 종로2정목외16정-006[관철동,인사동,관훈동,낙원동,경운동,운니동] - 낙원동 0283",https://theme.archives.go.kr/next/acreage/viewCadastreDetail.do?typesub=Y&type=12&packid=0000508319&docid=0050407632&mngno=BJCA000147&want=0&formType=oldName&rtURL=,https://theme.archives.go.kr/viewer/common/archWebViewer.do?singleData=Y&archiveEventId=0050407632,True,0014177165,BJCA000147,0050407632,낙원동 0283,
"경기도 경성부 중부 종로2정목외16정-006[관철동,인사동,관훈동,낙원동,경운동,운니동] - 낙원동 0284",https://theme.archives.go.kr/next/acreage/viewCadastreDetail.do?typesub=Y&type=12&packid=0000508319&docid=0050407633&mngno=BJCA000147&want=0&formType=oldName&rtURL=,https://theme.archives.go.kr/viewer/common/archWebViewer.do?singleData=Y&archiveEventId=0050407633,True,0014177165,BJCA000147,0050407633,낙원동 0284,
"경기도 경성부 중부 종로2정목외16정-006[관철동,인사동,관훈동,낙원동,경운동,운니동] - 낙원동 0285",https://theme.archives.go.kr/next/acreage/viewCadastreDetail.do?typesub=Y&type=12&packid=0000508319&docid=0050576693&mngno=BJCA000147&want=0&formType=oldName&rtURL=,https://theme.archives.go.kr/viewer/common/archWebViewer.do?singleData=Y&archiveEventId=0050576693,True,0014177165,BJCA000147,0050576693,낙원동 0285,
"경기도 경성부 중부 종로2정목외16정-006[관철동,인사동,관훈동,낙원동,경운동,운니동] - 낙원동 0286",https://theme.archives.go.kr/next/acreage/viewCadastreDetail.do?typesub=Y&type=12&packid=0000508319&docid=0050407634&mngno=BJCA000147&want=0&formType=oldName&rtURL=,https://theme.archives.go.kr/viewer/common/archWebViewer.do?singleData=Y&archiveEventId=0050407634,True,0014177165,BJCA000147,0050407634,낙원동 0286,
"경기도 경성부 중부 종로2정목외16정-006[관철동,인사동,관훈동,낙원동,경운동,운니동] - 낙원동 0287",https://theme.archives.go.kr/next/acreage/viewCadastreDetail.do?typesub=Y&type=12&packid=0000508319&docid=0050407635&mngno=BJCA000147&want=0&formType=oldName&rtURL=,https://theme.archives.go.kr/viewer/common/archWebViewer.do?singleData=Y&archiveEventId=0050407635,True,0014177165,BJCA000147,0050407635,낙원동 0287,
"경기도 경성부 중부 종로2정목외16정-006[관철동,인사동,관훈동,낙원동,경운동,운니동] - 낙원동 0288",https://theme.archives.go.kr/next/acreage/viewCadastreDetail.do?typesub=Y&type=12&packid=0000508319&docid=0050576694&mngno=BJCA000147&want=0&formType=oldName&rtURL=,https://theme.archives.go.kr/viewer/common/archWebViewer.do?singleData=Y&archiveEventId=0050576694,True,0014177165,BJCA000147,0050576694,낙원동 0288,
"경기도 경성부 중부 종로2정목외16정-006[관철동,인사동,관훈동,낙원동,경운동,운니동] - 낙원동 0289",https://theme.archives.go.kr/next/acreage/viewCadastreDetail.do?typesub=Y&type=12&packid=0000508319&docid=0050407636&mngno=BJCA000147&want=0&formType=oldName&rtURL=,https://theme.archives.go.kr/viewer/common/archWebViewer.do?singleData=Y&archiveEventId=0050407636,True,0014177165,BJCA000147,0050407636,낙원동 0289,
"경기도 경성부 중부 종로2정목외16정-006[관철동,인사동,관훈동,낙원동,경운동,운니동] - 낙원동 0292",https://theme.archives.go.kr/next/acreage/viewCadastreDetail.do?typesub=Y&type=12&packid=0000508319&docid=0050407637&mngno=BJCA000147&want=0&formType=oldName&rtURL=,https://theme.archives.go.kr/viewer/common/archWebViewer.do?singleData=Y&archiveEventId=0050407637,True,0014177165,BJCA000147,0050407637,낙원동 0292,
"경기도 경성부 중부 종로2정목외16정-006[관철동,인사동,관훈동,낙원동,경운동,운니동] - 낙원동 0293",https://theme.archives.go.kr/next/acreage/viewCadastreDetail.do?typesub=Y&type=12&packid=0000508319&docid=0050576695&mngno=BJCA000147&want=0&formType=oldName&rtURL=,https://theme.archives.go.kr/viewer/common/archWebViewer.do?singleData=Y&archiveEventId=0050576695,True,0014177165,BJCA000147,0050576695,낙원동 0293,
"경기도 경성부 중부 종로2정목외16정-006[관철동,인사동,관훈동,낙원동,경운동,운니동] - 인사동 0007",https://theme.archives.go.kr/next/acreage/viewCadastreDetail.do?typesub=Y&type=12&packid=0000508319&docid=0050407638&mngno=BJCA000147&want=0&formType=oldName&rtURL=,https://theme.archives.go.kr/viewer/common/archWebViewer.do?singleData=Y&archiveEventId=0050407638,True,0014177165,BJCA000147,0050407638,인사동 0007,
"경기도 경성부 중부 종로2정목외16정-006[관철동,인사동,관훈동,낙원동,경운동,운니동] - 인사동 0008",https://theme.archives.go.kr/next/acreage/viewCadastreDetail.do?typesub=Y&type=12&packid=0000508319&docid=0050407639&mngno=BJCA000147&want=0&formType=oldName&rtURL=,https://theme.archives.go.kr/viewer/common/archWebViewer.do?singleData=Y&archiveEventId=0050407639,True,0014177165,BJCA000147,0050407639,인사동 0008,
"경기도 경성부 중부 종로2정목외16정-006[관철동,인사동,관훈동,낙원동,경운동,운니동] - 인사동 0009",https://theme.archives.go.kr/next/acreage/viewCadastreDetail.do?typesub=Y&type=12&packid=0000508319&docid=0050576743&mngno=BJCA000147&want=0&formType=oldName&rtURL=,https://theme.archives.go.kr/viewer/common/archWebViewer.do?singleData=Y&archiveEventId=0050576743,True,0014177165,BJCA000147,0050576743,인사동 0009,
"경기도 경성부 중부 종로2정목외16정-006[관철동,인사동,관훈동,낙원동,경운동,운니동] - 인사동 0010",https://theme.archives.go.kr/next/acreage/viewCadastreDetail.do?typesub=Y&type=12&packid=0000508319&docid=0050576696&mngno=BJCA000147&want=0&formType=oldName&rtURL=,https://theme.archives.go.kr/viewer/common/archWebViewer.do?singleData=Y&archiveEventId=0050576696,True,0014177165,BJCA000147,0050576696,인사동 0010,
"경기도 경성부 중부 종로2정목외16정-006[관철동,인사동,관훈동,낙원동,경운동,운니동] - 인사동 0016",https://theme.archives.go.kr/next/acreage/viewCadastreDetail.do?typesub=Y&type=12&packid=0000508319&docid=0050407640&mngno=BJCA000147&want=0&formType=oldName&rtURL=,https://theme.archives.go.kr/viewer/common/archWebViewer.do?singleData=Y&archiveEventId=0050407640,True,0014177165,BJCA000147,0050407640,인사동 0016,
"경기도 경성부 중부 종로2정목외16정-006[관철동,인사동,관훈동,낙원동,경운동,운니동] - 인사동 0017",https://theme.archives.go.kr/next/acreage/viewCadastreDetail.do?typesub=Y&type=12&packid=0000508319&docid=0050407641&mngno=BJCA000147&want=0&formType=oldName&rtURL=,https://theme.archives.go.kr/viewer/common/archWebViewer.do?singleData=Y&archiveEventId=0050407641,True,0014177165,BJCA000147,0050407641,인사동 0017,
"경기도 경성부 중부 종로2정목외16정-006[관철동,인사동,관훈동,낙원동,경운동,운니동] - 인사동 0019",https://theme.archives.go.kr/next/acreage/viewCadastreDetail.do?typesub=Y&type=12&packid=0000508319&docid=0050576697&mngno=BJCA000147&want=0&formType=oldName&rtURL=,https://theme.archives.go.kr/viewer/common/archWebViewer.do?singleData=Y&archiveEventId=0050576697,True,0014177165,BJCA000147,0050576697,인사동 0019,
"경기도 경성부 중부 종로2정목외16정-006[관철동,인사동,관훈동,낙원동,경운동,운니동] - 인사동 0024",https://theme.archives.go.kr/next/acreage/viewCadastreDetail.do?typesub=Y&type=12&packid=0000508319&docid=0050480136&mngno=BJCA000147&want=0&formType=oldName&rtURL=,https://theme.archives.go.kr/viewer/common/archWebViewer.do?singleData=Y&archiveEventId=0050480136,True,0014177165,BJCA000147,0050480136,인사동 0024,
"경기도 경성부 중부 종로2정목외16정-006[관철동,인사동,관훈동,낙원동,경운동,운니동] - 인사동 0025",https://theme.archives.go.kr/next/acreage/viewCadastreDetail.do?typesub=Y&type=12&packid=0000508319&docid=0050407642&mngno=BJCA000147&want=0&formType=oldName&rtURL=,https://theme.archives.go.kr/viewer/common/archWebViewer.do?singleData=Y&archiveEventId=0050407642,True,0014177165,BJCA000147,0050407642,인사동 0025,
"경기도 경성부 중부 종로2정목외16정-006[관철동,인사동,관훈동,낙원동,경운동,운니동] - 인사동 0026",https://theme.archives.go.kr/next/acreage/viewCadastreDetail.do?typesub=Y&type=12&packid=0000508319&docid=0050576698&mngno=BJCA000147&want=0&formType=oldName&rtURL=,https://theme.archives.go.kr/viewer/common/archWebViewer.do?singleData=Y&archiveEventId=0050576698,True,0014177165,BJCA000147,0050576698,인사동 0026,
"경기도 경성부 중부 종로2정목외16정-006[관철동,인사동,관훈동,낙원동,경운동,운니동] - 인사동 0028",https://theme.archives.go.kr/next/acreage/viewCadastreDetail.do?typesub=Y&type=12&packid=0000508319&docid=0050407643&mngno=BJCA000147&want=0&formType=oldName&rtURL=,https://theme.archives.go.kr/viewer/common/archWebViewer.do?singleData=Y&archiveEventId=0050407643,True,0014177165,BJCA000147,0050407643,인사동 0028,
"경기도 경성부 중부 종로2정목외16정-006[관철동,인사동,관훈동,낙원동,경운동,운니동] - 인사동 0029",https://theme.archives.go.kr/next/acreage/viewCadastreDetail.do?typesub=Y&type=12&packid=0000508319&docid=0050407644&mngno=BJCA000147&want=0&formType=oldName&rtURL=,https://theme.archives.go.kr/viewer/common/archWebViewer.do?singleData=Y&archiveEventId=0050407644,True,0014177165,BJCA000147,0050407644,인사동 0029,
"경기도 경성부 중부 종로2정목외16정-006[관철동,인사동,관훈동,낙원동,경운동,운니동] - 인사동 0030",https://theme.archives.go.kr/next/acreage/viewCadastreDetail.do?typesub=Y&type=12&packid=0000508319&docid=0050576699&mngno=BJCA000147&want=0&formType=oldName&rtURL=,https://theme.archives.go.kr/viewer/common/archWebViewer.do?singleData=Y&archiveEventId=0050576699,True,0014177165,BJCA000147,0050576699,인사동 0030,
"경기도 경성부 중부 종로2정목외16정-006[관철동,인사동,관훈동,낙원동,경운동,운니동] - 인사동 0031",https://theme.archives.go.kr/next/acreage/viewCadastreDetail.do?typesub=Y&type=12&packid=0000508319&docid=0050407645&mngno=BJCA000147&want=0&formType=oldName&rtURL=,https://theme.archives.go.kr/viewer/common/archWebViewer.do?singleData=Y&archiveEventId=0050407645,True,0014177165,BJCA000147,0050407645,인사동 0031,
"경기도 경성부 중부 종로2정목외16정-006[관철동,인사동,관훈동,낙원동,경운동,운니동] - 인사동 0032",https://theme.archives.go.kr/next/acreage/viewCadastreDetail.do?typesub=Y&type=12&packid=0000508319&docid=0050407646&mngno=BJCA000147&want=0&formType=oldName&rtURL=,https://theme.archives.go.kr/viewer/common/archWebViewer.do?singleData=Y&archiveEventId=0050407646,True,0014177165,BJCA000147,0050407646,인사동 0032,
"경기도 경성부 중부 종로2정목외16정-006[관철동,인사동,관훈동,낙원동,경운동,운니동] - 인사동 0033",https://theme.archives.go.kr/next/acreage/viewCadastreDetail.do?typesub=Y&type=12&packid=0000508319&docid=0050576700&mngno=BJCA000147&want=0&formType=oldName&rtURL=,https://theme.archives.go.kr/viewer/common/archWebViewer.do?singleData=Y&archiveEventId=0050576700,True,0014177165,BJCA000147,0050576700,인사동 0033,
"경기도 경성부 중부 종로2정목외16정-006[관철동,인사동,관훈동,낙원동,경운동,운니동] - 인사동 0034",https://theme.archives.go.kr/next/acreage/viewCadastreDetail.do?typesub=Y&type=12&packid=0000508319&docid=0050407647&mngno=BJCA000147&want=0&formType=oldName&rtURL=,https://theme.archives.go.kr/viewer/common/archWebViewer.do?singleData=Y&archiveEventId=0050407647,True,0014177165,BJCA000147,0050407647,인사동 0034,
"경기도 경성부 중부 종로2정목외16정-006[관철동,인사동,관훈동,낙원동,경운동,운니동] - 인사동 0035",https://theme.archives.go.kr/next/acreage/viewCadastreDetail.do?typesub=Y&type=12&packid=0000508319&docid=0050407648&mngno=BJCA000147&want=0&formType=oldName&rtURL=,https://theme.archives.go.kr/viewer/common/archWebViewer.do?singleData=Y&archiveEventId=0050407648,True,0014177165,BJCA000147,0050407648,인사동 0035,
"경기도 경성부 중부 종로2정목외16정-006[관철동,인사동,관훈동,낙원동,경운동,운니동] - 인사동 0036",https://theme.archives.go.kr/next/acreage/viewCadastreDetail.do?typesub=Y&type=12&packid=0000508319&docid=0050407649&mngno=BJCA000147&want=0&formType=oldName&rtURL=,https://theme.archives.go.kr/viewer/common/archWebViewer.do?singleData=Y&archiveEventId=0050407649,True,0014177165,BJCA000147,0050407649,인사동 0036,
"경기도 경성부 중부 종로2정목외16정-006[관철동,인사동,관훈동,낙원동,경운동,운니동] - 인사동 0037",https://theme.archives.go.kr/next/acreage/viewCadastreDetail.do?typesub=Y&type=12&packid=0000508319&docid=0050407650&mngno=BJCA000147&want=0&formType=oldName&rtURL=,https://theme.archives.go.kr/viewer/common/archWebViewer.do?singleData=Y&archiveEventId=0050407650,True,0014177165,BJCA000147,0050407650,인사동 0037,
"경기도 경성부 중부 종로2정목외16정-006[관철동,인사동,관훈동,낙원동,경운동,운니동] - 인사동 0038",https://theme.archives.go.kr/next/acreage/viewCadastreDetail.do?typesub=Y&type=12&packid=0000508319&docid=0050576701&mngno=BJCA000147&want=0&formType=oldName&rtURL=,https://theme.archives.go.kr/viewer/common/archWebViewer.do?singleData=Y&archiveEventId=0050576701,True,0014177165,BJCA000147,0050576701,인사동 0038,
"경기도 경성부 중부 종로2정목외16정-006[관철동,인사동,관훈동,낙원동,경운동,운니동] - 인사동 0039",https://theme.archives.go.kr/next/acreage/viewCadastreDetail.do?typesub=Y&type=12&packid=0000508319&docid=0050407651&mngno=BJCA000147&want=0&formType=oldName&rtURL=,https://theme.archives.go.kr/viewer/common/archWebViewer.do?singleData=Y&archiveEventId=0050407651,True,0014177165,BJCA000147,0050407651,인사동 0039,
"경기도 경성부 중부 종로2정목외16정-006[관철동,인사동,관훈동,낙원동,경운동,운니동] - 인사동 0040",https://theme.archives.go.kr/next/acreage/viewCadastreDetail.do?typesub=Y&type=12&packid=0000508319&docid=0050407652&mngno=BJCA000147&want=0&formType=oldName&rtURL=,https://theme.archives.go.kr/viewer/common/archWebViewer.do?singleData=Y&archiveEventId=0050407652,True,0014177165,BJCA000147,0050407652,인사동 0040,
"경기도 경성부 중부 종로2정목외16정-006[관철동,인사동,관훈동,낙원동,경운동,운니동] - 인사동 0041",https://theme.archives.go.kr/next/acreage/viewCadastreDetail.do?typesub=Y&type=12&packid=0000508319&docid=0050407653&mngno=BJCA000147&want=0&formType=oldName&rtURL=,https://theme.archives.go.kr/viewer/common/archWebViewer.do?singleData=Y&archiveEventId=0050407653,True,0014177165,BJCA000147,0050407653,인사동 0041,
"경기도 경성부 중부 종로2정목외16정-006[관철동,인사동,관훈동,낙원동,경운동,운니동] - 인사동 0042",https://theme.archives.go.kr/next/acreage/viewCadastreDetail.do?typesub=Y&type=12&packid=0000508319&docid=0050576702&mngno=BJCA000147&want=0&formType=oldName&rtURL=,https://theme.archives.go.kr/viewer/common/archWebViewer.do?singleData=Y&archiveEventId=0050576702,True,0014177165,BJCA000147,0050576702,인사동 0042,
"경기도 경성부 중부 종로2정목외16정-007[관철동,인사동,관훈동,낙원동,경운동,운니동] - 낙원동 0141",https://theme.archives.go.kr/next/acreage/viewCadastreDetail.do?typesub=Y&type=12&packid=0000508320&docid=0014177166&mngno=BJCA000148&want=0&formType=oldName&rtURL=,https://theme.archives.go.kr/viewer/common/archWebViewer.do?singleData=Y&archiveEventId=0014177166,True,0049420287,BJCA000148,0014177166,낙원동 0141,
"경기도 경성부 중부 종로2정목외16정-007[관철동,인사동,관훈동,낙원동,경운동,운니동] - 낙원동 0142",https://theme.archives.go.kr/next/acreage/viewCadastreDetail.do?typesub=Y&type=12&packid=0000508320&docid=0049420347&mngno=BJCA000148&want=0&formType=oldName&rtURL=,https://theme.archives.go.kr/viewer/common/archWebViewer.do?singleData=Y&archiveEventId=0049420347,True,0049420287,BJCA000148,0049420347,낙원동 0142,
"경기도 경성부 중부 종로2정목외16정-007[관철동,인사동,관훈동,낙원동,경운동,운니동] - 낙원동 0143",https://theme.archives.go.kr/next/acreage/viewCadastreDetail.do?typesub=Y&type=12&packid=0000508320&docid=0049889394&mngno=BJCA000148&want=0&formType=oldName&rtURL=,https://theme.archives.go.kr/viewer/common/archWebViewer.do?singleData=Y&archiveEventId=0049889394,True,0049420287,BJCA000148,0049889394,낙원동 0143,
"경기도 경성부 중부 종로2정목외16정-007[관철동,인사동,관훈동,낙원동,경운동,운니동] - 낙원동 0144",https://theme.archives.go.kr/next/acreage/viewCadastreDetail.do?typesub=Y&type=12&packid=0000508320&docid=0049420348&mngno=BJCA000148&want=0&formType=oldName&rtURL=,https://theme.archives.go.kr/viewer/common/archWebViewer.do?singleData=Y&archiveEventId=0049420348,True,0049420287,BJCA000148,0049420348,낙원동 0144,
"경기도 경성부 중부 종로2정목외16정-007[관철동,인사동,관훈동,낙원동,경운동,운니동] - 낙원동 0145",https://theme.archives.go.kr/next/acreage/viewCadastreDetail.do?typesub=Y&type=12&packid=0000508320&docid=0049420349&mngno=BJCA000148&want=0&formType=oldName&rtURL=,https://theme.archives.go.kr/viewer/common/archWebViewer.do?singleData=Y&archiveEventId=0049420349,True,0049420287,BJCA000148,0049420349,낙원동 0145,
"경기도 경성부 중부 종로2정목외16정-007[관철동,인사동,관훈동,낙원동,경운동,운니동] - 낙원동 0146",https://theme.archives.go.kr/next/acreage/viewCadastreDetail.do?typesub=Y&type=12&packid=0000508320&docid=0049889396&mngno=BJCA000148&want=0&formType=oldName&rtURL=,https://theme.archives.go.kr/viewer/common/archWebViewer.do?singleData=Y&archiveEventId=0049889396,True,0049420287,BJCA000148,0049889396,낙원동 0146,
"경기도 경성부 중부 종로2정목외16정-007[관철동,인사동,관훈동,낙원동,경운동,운니동] - 낙원동 0147",https://theme.archives.go.kr/next/acreage/viewCadastreDetail.do?typesub=Y&type=12&packid=0000508320&docid=0049420350&mngno=BJCA000148&want=0&formType=oldName&rtURL=,https://theme.archives.go.kr/viewer/common/archWebViewer.do?singleData=Y&archiveEventId=0049420350,True,0049420287,BJCA000148,0049420350,낙원동 0147,
"경기도 경성부 중부 종로2정목외16정-007[관철동,인사동,관훈동,낙원동,경운동,운니동] - 낙원동 0173",https://theme.archives.go.kr/next/acreage/viewCadastreDetail.do?typesub=Y&type=12&packid=0000508320&docid=0049420351&mngno=BJCA000148&want=0&formType=oldName&rtURL=,https://theme.archives.go.kr/viewer/common/archWebViewer.do?singleData=Y&archiveEventId=0049420351,True,0049420287,BJCA000148,0049420351,낙원동 0173,
"경기도 경성부 중부 종로2정목외16정-007[관철동,인사동,관훈동,낙원동,경운동,운니동] - 낙원동 0174",https://theme.archives.go.kr/next/acreage/viewCadastreDetail.do?typesub=Y&type=12&packid=0000508320&docid=0049889398&mngno=BJCA000148&want=0&formType=oldName&rtURL=,https://theme.archives.go.kr/viewer/common/archWebViewer.do?singleData=Y&archiveEventId=0049889398,True,0049420287,BJCA000148,0049889398,낙원동 0174,
"경기도 경성부 중부 종로2정목외16정-007[관철동,인사동,관훈동,낙원동,경운동,운니동] - 낙원동 0175",https://theme.archives.go.kr/next/acreage/viewCadastreDetail.do?typesub=Y&type=12&packid=0000508320&docid=0049420352&mngno=BJCA000148&want=0&formType=oldName&rtURL=,https://theme.archives.go.kr/viewer/common/archWebViewer.do?singleData=Y&archiveEventId=0049420352,True,0049420287,BJCA000148,0049420352,낙원동 0175,
"경기도 경성부 중부 종로2정목외16정-007[관철동,인사동,관훈동,낙원동,경운동,운니동] - 낙원동 0176",https://theme.archives.go.kr/next/acreage/viewCadastreDetail.do?typesub=Y&type=12&packid=0000508320&docid=0049420354&mngno=BJCA000148&want=0&formType=oldName&rtURL=,https://theme.archives.go.kr/viewer/common/archWebViewer.do?singleData=Y&archiveEventId=0049420354,True,0049420287,BJCA000148,0049420354,낙원동 0176,
"경기도 경성부 중부 종로2정목외16정-007[관철동,인사동,관훈동,낙원동,경운동,운니동] - 낙원동 0177",https://theme.archives.go.kr/next/acreage/viewCadastreDetail.do?typesub=Y&type=12&packid=0000508320&docid=0049889400&mngno=BJCA000148&want=0&formType=oldName&rtURL=,https://theme.archives.go.kr/viewer/common/archWebViewer.do?singleData=Y&archiveEventId=0049889400,True,0049420287,BJCA000148,0049889400,낙원동 0177,
"경기도 경성부 중부 종로2정목외16정-007[관철동,인사동,관훈동,낙원동,경운동,운니동] - 낙원동 0178",https://theme.archives.go.kr/next/acreage/viewCadastreDetail.do?typesub=Y&type=12&packid=0000508320&docid=0049731598&mngno=BJCA000148&want=0&formType=oldName&rtURL=,https://theme.archives.go.kr/viewer/common/archWebViewer.do?singleData=Y&archiveEventId=0049731598,True,0049420287,BJCA000148,0049731598,낙원동 0178,
"경기도 경성부 중부 종로2정목외16정-007[관철동,인사동,관훈동,낙원동,경운동,운니동] - 낙원동 0198",https://theme.archives.go.kr/next/acreage/viewCadastreDetail.do?typesub=Y&type=12&packid=0000508320&docid=0049420355&mngno=BJCA000148&want=0&formType=oldName&rtURL=,https://theme.archives.go.kr/viewer/common/archWebViewer.do?singleData=Y&archiveEventId=0049420355,True,0049420287,BJCA000148,0049420355,낙원동 0198,
"경기도 경성부 중부 종로2정목외16정-007[관철동,인사동,관훈동,낙원동,경운동,운니동] - 낙원동 0199",https://theme.archives.go.kr/next/acreage/viewCadastreDetail.do?typesub=Y&type=12&packid=0000508320&docid=0049889402&mngno=BJCA000148&want=0&formType=oldName&rtURL=,https://theme.archives.go.kr/viewer/common/archWebViewer.do?singleData=Y&archiveEventId=0049889402,True,0049420287,BJCA000148,0049889402,낙원동 0199,
"경기도 경성부 중부 종로2정목외16정-007[관철동,인사동,관훈동,낙원동,경운동,운니동] - 낙원동 0200",https://theme.archives.go.kr/next/acreage/viewCadastreDetail.do?typesub=Y&type=12&packid=0000508320&docid=0049420356&mngno=BJCA000148&want=0&formType=oldName&rtURL=,https://theme.archives.go.kr/viewer/common/archWebViewer.do?singleData=Y&archiveEventId=0049420356,True,0049420287,BJCA000148,0049420356,낙원동 0200,
"경기도 경성부 중부 종로2정목외16정-007[관철동,인사동,관훈동,낙원동,경운동,운니동] - 낙원동 0201",https://theme.archives.go.kr/next/acreage/viewCadastreDetail.do?typesub=Y&type=12&packid=0000508320&docid=0049420357&mngno=BJCA000148&want=0&formType=oldName&rtURL=,https://theme.archives.go.kr/viewer/common/archWebViewer.do?singleData=Y&archiveEventId=0049420357,True,0049420287,BJCA000148,0049420357,낙원동 0201,
"경기도 경성부 중부 종로2정목외16정-007[관철동,인사동,관훈동,낙원동,경운동,운니동] - 낙원동 0202",https://theme.archives.go.kr/next/acreage/viewCadastreDetail.do?typesub=Y&type=12&packid=0000508320&docid=0049889404&mngno=BJCA000148&want=0&formType=oldName&rtURL=,https://theme.archives.go.kr/viewer/common/archWebViewer.do?singleData=Y&archiveEventId=0049889404,True,0049420287,BJCA000148,0049889404,낙원동 0202,
"경기도 경성부 중부 종로2정목외16정-007[관철동,인사동,관훈동,낙원동,경운동,운니동] - 낙원동 0203",https://theme.archives.go.kr/next/acreage/viewCadastreDetail.do?typesub=Y&type=12&packid=0000508320&docid=0049420358&mngno=BJCA000148&want=0&formType=oldName&rtURL=,https://theme.archives.go.kr/viewer/common/archWebViewer.do?singleData=Y&archiveEventId=0049420358,True,0049420287,BJCA000148,0049420358,낙원동 0203,
"경기도 경성부 중부 종로2정목외16정-007[관철동,인사동,관훈동,낙원동,경운동,운니동] - 낙원동 0204",https://theme.archives.go.kr/next/acreage/viewCadastreDetail.do?typesub=Y&type=12&packid=0000508320&docid=0049420359&mngno=BJCA000148&want=0&formType=oldName&rtURL=,https://theme.archives.go.kr/viewer/common/archWebViewer.do?singleData=Y&archiveEventId=0049420359,True,0049420287,BJCA000148,0049420359,낙원동 0204,
"경기도 경성부 중부 종로2정목외16정-007[관철동,인사동,관훈동,낙원동,경운동,운니동] - 낙원동 0205",https://theme.archives.go.kr/next/acreage/viewCadastreDetail.do?typesub=Y&type=12&packid=0000508320&docid=0049420360&mngno=BJCA000148&want=0&formType=oldName&rtURL=,https://theme.archives.go.kr/viewer/common/archWebViewer.do?singleData=Y&archiveEventId=0049420360,True,0049420287,BJCA000148,0049420360,낙원동 0205,
"경기도 경성부 중부 종로2정목외16정-007[관철동,인사동,관훈동,낙원동,경운동,운니동] - 낙원동 0206",https://theme.archives.go.kr/next/acreage/viewCadastreDetail.do?typesub=Y&type=12&packid=0000508320&docid=0049889406&mngno=BJCA000148&want=0&formType=oldName&rtURL=,https://theme.archives.go.kr/viewer/common/archWebViewer.do?singleData=Y&archiveEventId=0049889406,True,0049420287,BJCA000148,0049889406,낙원동 0206,
"경기도 경성부 중부 종로2정목외16정-007[관철동,인사동,관훈동,낙원동,경운동,운니동] - 낙원동 0207",https://theme.archives.go.kr/next/acreage/viewCadastreDetail.do?typesub=Y&type=12&packid=0000508320&docid=0049420361&mngno=BJCA000148&want=0&formType=oldName&rtURL=,https://theme.archives.go.kr/viewer/common/archWebViewer.do?singleData=Y&archiveEventId=0049420361,True,0049420287,BJCA000148,0049420361,낙원동 0207,
"경기도 경성부 중부 종로2정목외16정-007[관철동,인사동,관훈동,낙원동,경운동,운니동] - 낙원동 0208",https://theme.archives.go.kr/next/acreage/viewCadastreDetail.do?typesub=Y&type=12&packid=0000508320&docid=0049420362&mngno=BJCA000148&want=0&formType=oldName&rtURL=,https://theme.archives.go.kr/viewer/common/archWebViewer.do?singleData=Y&archiveEventId=0049420362,True,0049420287,BJCA000148,0049420362,낙원동 0208,
"경기도 경성부 중부 종로2정목외16정-007[관철동,인사동,관훈동,낙원동,경운동,운니동] - 낙원동 0209",https://theme.archives.go.kr/next/acreage/viewCadastreDetail.do?typesub=Y&type=12&packid=0000508320&docid=0049889408&mngno=BJCA000148&want=0&formType=oldName&rtURL=,https://theme.archives.go.kr/viewer/common/archWebViewer.do?singleData=Y&archiveEventId=0049889408,True,0049420287,BJCA000148,0049889408,낙원동 0209,
"경기도 경성부 중부 종로2정목외16정-007[관철동,인사동,관훈동,낙원동,경운동,운니동] - 낙원동 0210",https://theme.archives.go.kr/next/acreage/viewCadastreDetail.do?typesub=Y&type=12&packid=0000508320&docid=0049420363&mngno=BJCA000148&want=0&formType=oldName&rtURL=,https://theme.archives.go.kr/viewer/common/archWebViewer.do?singleData=Y&archiveEventId=0049420363,True,0049420287,BJCA000148,0049420363,낙원동 0210,
"경기도 경성부 중부 종로2정목외16정-007[관철동,인사동,관훈동,낙원동,경운동,운니동] - 낙원동 0211",https://theme.archives.go.kr/next/acreage/viewCadastreDetail.do?typesub=Y&type=12&packid=0000508320&docid=0049420364&mngno=BJCA000148&want=0&formType=oldName&rtURL=,https://theme.archives.go.kr/viewer/common/archWebViewer.do?singleData=Y&archiveEventId=0049420364,True,0049420287,BJCA000148,0049420364,낙원동 0211,
"경기도 경성부 중부 종로2정목외16정-007[관철동,인사동,관훈동,낙원동,경운동,운니동] - 낙원동 0212",https://theme.archives.go.kr/next/acreage/viewCadastreDetail.do?typesub=Y&type=12&packid=0000508320&docid=0049889410&mngno=BJCA000148&want=0&formType=oldName&rtURL=,https://theme.archives.go.kr/viewer/common/archWebViewer.do?singleData=Y&archiveEventId=0049889410,True,0049420287,BJCA000148,0049889410,낙원동 0212,
"경기도 경성부 중부 종로2정목외16정-007[관철동,인사동,관훈동,낙원동,경운동,운니동] - 낙원동 0213-01",https://theme.archives.go.kr/next/acreage/viewCadastreDetail.do?typesub=Y&type=12&packid=0000508320&docid=0049420365&mngno=BJCA000148&want=0&formType=oldName&rtURL=,https://theme.archives.go.kr/viewer/common/archWebViewer.do?singleData=Y&archiveEventId=0049420365,True,0049420287,BJCA000148,0049420365,낙원동 0213-01,
"경기도 경성부 중부 종로2정목외16정-007[관철동,인사동,관훈동,낙원동,경운동,운니동] - 낙원동 0213-02",https://theme.archives.go.kr/next/acreage/viewCadastreDetail.do?typesub=Y&type=12&packid=0000508320&docid=0049420366&mngno=BJCA000148&want=0&formType=oldName&rtURL=,https://theme.archives.go.kr/viewer/common/archWebViewer.do?singleData=Y&archiveEventId=0049420366,True,0049420287,BJCA000148,0049420366,낙원동 0213-02,
"경기도 경성부 중부 종로2정목외16정-007[관철동,인사동,관훈동,낙원동,경운동,운니동] - 낙원동 0213-03",https://theme.archives.go.kr/next/acreage/viewCadastreDetail.do?typesub=Y&type=12&packid=0000508320&docid=0049889412&mngno=BJCA000148&want=0&formType=oldName&rtURL=,https://theme.archives.go.kr/viewer/common/archWebViewer.do?singleData=Y&archiveEventId=0049889412,True,0049420287,BJCA000148,0049889412,낙원동 0213-03,
"경기도 경성부 중부 종로2정목외16정-007[관철동,인사동,관훈동,낙원동,경운동,운니동] - 낙원동 0214",https://theme.archives.go.kr/next/acreage/viewCadastreDetail.do?typesub=Y&type=12&packid=0000508320&docid=0049420367&mngno=BJCA000148&want=0&formType=oldName&rtURL=,https://theme.archives.go.kr/viewer/common/archWebViewer.do?singleData=Y&archiveEventId=0049420367,True,0049420287,BJCA000148,0049420367,낙원동 0214,
"경기도 경성부 중부 종로2정목외16정-007[관철동,인사동,관훈동,낙원동,경운동,운니동] - 낙원동 0215",https://theme.archives.go.kr/next/acreage/viewCadastreDetail.do?typesub=Y&type=12&packid=0000508320&docid=0049420368&mngno=BJCA000148&want=0&formType=oldName&rtURL=,https://theme.archives.go.kr/viewer/common/archWebViewer.do?singleData=Y&archiveEventId=0049420368,True,0049420287,BJCA000148,0049420368,낙원동 0215,
"경기도 경성부 중부 종로2정목외16정-007[관철동,인사동,관훈동,낙원동,경운동,운니동] - 낙원동 0216",https://theme.archives.go.kr/next/acreage/viewCadastreDetail.do?typesub=Y&type=12&packid=0000508320&docid=0049889414&mngno=BJCA000148&want=0&formType=oldName&rtURL=,https://theme.archives.go.kr/viewer/common/archWebViewer.do?singleData=Y&archiveEventId=0049889414,True,0049420287,BJCA000148,0049889414,낙원동 0216,
"경기도 경성부 중부 종로2정목외16정-007[관철동,인사동,관훈동,낙원동,경운동,운니동] - 낙원동 0217",https://theme.archives.go.kr/next/acreage/viewCadastreDetail.do?typesub=Y&type=12&packid=0000508320&docid=0049420369&mngno=BJCA000148&want=0&formType=oldName&rtURL=,https://theme.archives.go.kr/viewer/common/archWebViewer.do?singleData=Y&archiveEventId=0049420369,True,0049420287,BJCA000148,0049420369,낙원동 0217,
"경기도 경성부 중부 종로2정목외16정-007[관철동,인사동,관훈동,낙원동,경운동,운니동] - 낙원동 0218",https://theme.archives.go.kr/next/acreage/viewCadastreDetail.do?typesub=Y&type=12&packid=0000508320&docid=0049420370&mngno=BJCA000148&want=0&formType=oldName&rtURL=,https://theme.archives.go.kr/viewer/common/archWebViewer.do?singleData=Y&archiveEventId=0049420370,True,0049420287,BJCA000148,0049420370,낙원동 0218,
"경기도 경성부 중부 종로2정목외16정-007[관철동,인사동,관훈동,낙원동,경운동,운니동] - 낙원동 0219",https://theme.archives.go.kr/next/acreage/viewCadastreDetail.do?typesub=Y&type=12&packid=0000508320&docid=0049889314&mngno=BJCA000148&want=0&formType=oldName&rtURL=,https://theme.archives.go.kr/viewer/common/archWebViewer.do?singleData=Y&archiveEventId=0049889314,True,0049420287,BJCA000148,0049889314,낙원동 0219,
"경기도 경성부 중부 종로2정목외16정-007[관철동,인사동,관훈동,낙원동,경운동,운니동] - 낙원동 0220",https://theme.archives.go.kr/next/acreage/viewCadastreDetail.do?typesub=Y&type=12&packid=0000508320&docid=0049420371&mngno=BJCA000148&want=0&formType=oldName&rtURL=,https://theme.archives.go.kr/viewer/common/archWebViewer.do?singleData=Y&archiveEventId=0049420371,True,0049420287,BJCA000148,0049420371,낙원동 0220,
"경기도 경성부 중부 종로2정목외16정-007[관철동,인사동,관훈동,낙원동,경운동,운니동] - 낙원동 0221",https://theme.archives.go.kr/next/acreage/viewCadastreDetail.do?typesub=Y&type=12&packid=0000508320&docid=0049420372&mngno=BJCA000148&want=0&formType=oldName&rtURL=,https://theme.archives.go.kr/viewer/common/archWebViewer.do?singleData=Y&archiveEventId=0049420372,True,0049420287,BJCA000148,0049420372,낙원동 0221,
"경기도 경성부 중부 종로2정목외16정-007[관철동,인사동,관훈동,낙원동,경운동,운니동] - 낙원동 0222",https://theme.archives.go.kr/next/acreage/viewCadastreDetail.do?typesub=Y&type=12&packid=0000508320&docid=0049889316&mngno=BJCA000148&want=0&formType=oldName&rtURL=,https://theme.archives.go.kr/viewer/common/archWebViewer.do?singleData=Y&archiveEventId=0049889316,True,0049420287,BJCA000148,0049889316,낙원동 0222,
"경기도 경성부 중부 종로2정목외16정-007[관철동,인사동,관훈동,낙원동,경운동,운니동] - 낙원동 0223",https://theme.archives.go.kr/next/acreage/viewCadastreDetail.do?typesub=Y&type=12&packid=0000508320&docid=0049420373&mngno=BJCA000148&want=0&formType=oldName&rtURL=,https://theme.archives.go.kr/viewer/common/archWebViewer.do?singleData=Y&archiveEventId=0049420373,True,0049420287,BJCA000148,0049420373,낙원동 0223,
"경기도 경성부 중부 종로2정목외16정-007[관철동,인사동,관훈동,낙원동,경운동,운니동] - 낙원동 0224",https://theme.archives.go.kr/next/acreage/viewCadastreDetail.do?typesub=Y&type=12&packid=0000508320&docid=0049420374&mngno=BJCA000148&want=0&formType=oldName&rtURL=,https://theme.archives.go.kr/viewer/common/archWebViewer.do?singleData=Y&archiveEventId=0049420374,True,0049420287,BJCA000148,0049420374,낙원동 0224,
"경기도 경성부 중부 종로2정목외16정-007[관철동,인사동,관훈동,낙원동,경운동,운니동] - 낙원동 0225",https://theme.archives.go.kr/next/acreage/viewCadastreDetail.do?typesub=Y&type=12&packid=0000508320&docid=0049889318&mngno=BJCA000148&want=0&formType=oldName&rtURL=,https://theme.archives.go.kr/viewer/common/archWebViewer.do?singleData=Y&archiveEventId=0049889318,True,0049420287,BJCA000148,0049889318,낙원동 0225,
"경기도 경성부 중부 종로2정목외16정-007[관철동,인사동,관훈동,낙원동,경운동,운니동] - 낙원동 0290",https://theme.archives.go.kr/next/acreage/viewCadastreDetail.do?typesub=Y&type=12&packid=0000508320&docid=0049889384&mngno=BJCA000148&want=0&formType=oldName&rtURL=,https://theme.archives.go.kr/viewer/common/archWebViewer.do?singleData=Y&archiveEventId=0049889384,True,0049420287,BJCA000148,0049889384,낙원동 0290,
"경기도 경성부 중부 종로2정목외16정-007[관철동,인사동,관훈동,낙원동,경운동,운니동] - 낙원동 0291",https://theme.archives.go.kr/next/acreage/viewCadastreDetail.do?typesub=Y&type=12&packid=0000508320&docid=0049420375&mngno=BJCA000148&want=0&formType=oldName&rtURL=,https://theme.archives.go.kr/viewer/common/archWebViewer.do?singleData=Y&archiveEventId=0049420375,True,0049420287,BJCA000148,0049420375,낙원동 0291,
"경기도 경성부 중부 종로2정목외16정-007[관철동,인사동,관훈동,낙원동,경운동,운니동] - 낙원동 0294",https://theme.archives.go.kr/next/acreage/viewCadastreDetail.do?typesub=Y&type=12&packid=0000508320&docid=0049420376&mngno=BJCA000148&want=0&formType=oldName&rtURL=,https://theme.archives.go.kr/viewer/common/archWebViewer.do?singleData=Y&archiveEventId=0049420376,True,0049420287,BJCA000148,0049420376,낙원동 0294,
"경기도 경성부 중부 종로2정목외16정-007[관철동,인사동,관훈동,낙원동,경운동,운니동] - 낙원동 0295",https://theme.archives.go.kr/next/acreage/viewCadastreDetail.do?typesub=Y&type=12&packid=0000508320&docid=0049420377&mngno=BJCA000148&want=0&formType=oldName&rtURL=,https://theme.archives.go.kr/viewer/common/archWebViewer.do?singleData=Y&archiveEventId=0049420377,True,0049420287,BJCA000148,0049420377,낙원동 0295,
"경기도 경성부 중부 종로2정목외16정-007[관철동,인사동,관훈동,낙원동,경운동,운니동] - 낙원동 0296",https://theme.archives.go.kr/next/acreage/viewCadastreDetail.do?typesub=Y&type=12&packid=0000508320&docid=0049889320&mngno=BJCA000148&want=0&formType=oldName&rtURL=,https://theme.archives.go.kr/viewer/common/archWebViewer.do?singleData=Y&archiveEventId=0049889320,True,0049420287,BJCA000148,0049889320,낙원동 0296,
"경기도 경성부 중부 종로2정목외16정-007[관철동,인사동,관훈동,낙원동,경운동,운니동] - 낙원동 0297",https://theme.archives.go.kr/next/acreage/viewCadastreDetail.do?typesub=Y&type=12&packid=0000508320&docid=0049420378&mngno=BJCA000148&want=0&formType=oldName&rtURL=,https://theme.archives.go.kr/viewer/common/archWebViewer.do?singleData=Y&archiveEventId=0049420378,True,0049420287,BJCA000148,0049420378,낙원동 0297,
"경기도 경성부 중부 종로2정목외16정-007[관철동,인사동,관훈동,낙원동,경운동,운니동] - 낙원동 0298",https://theme.archives.go.kr/next/acreage/viewCadastreDetail.do?typesub=Y&type=12&packid=0000508320&docid=0049420379&mngno=BJCA000148&want=0&formType=oldName&rtURL=,https://theme.archives.go.kr/viewer/common/archWebViewer.do?singleData=Y&archiveEventId=0049420379,True,0049420287,BJCA000148,0049420379,낙원동 0298,
"경기도 경성부 중부 종로2정목외16정-007[관철동,인사동,관훈동,낙원동,경운동,운니동] - 낙원동 0299",https://theme.archives.go.kr/next/acreage/viewCadastreDetail.do?typesub=Y&type=12&packid=0000508320&docid=0049889322&mngno=BJCA000148&want=0&formType=oldName&rtURL=,https://theme.archives.go.kr/viewer/common/archWebViewer.do?singleData=Y&archiveEventId=0049889322,True,0049420287,BJCA000148,0049889322,낙원동 0299,
"경기도 경성부 중부 종로2정목외16정-007[관철동,인사동,관훈동,낙원동,경운동,운니동] - 낙원동 0300",https://theme.archives.go.kr/next/acreage/viewCadastreDetail.do?typesub=Y&type=12&packid=0000508320&docid=0049420380&mngno=BJCA000148&want=0&formType=oldName&rtURL=,https://theme.archives.go.kr/viewer/common/archWebViewer.do?singleData=Y&archiveEventId=0049420380,True,0049420287,BJCA000148,0049420380,낙원동 0300,
"경기도 경성부 중부 종로2정목외16정-007[관철동,인사동,관훈동,낙원동,경운동,운니동] - 낙원동 0301",https://theme.archives.go.kr/next/acreage/viewCadastreDetail.do?typesub=Y&type=12&packid=0000508320&docid=0049420381&mngno=BJCA000148&want=0&formType=oldName&rtURL=,https://theme.archives.go.kr/viewer/common/archWebViewer.do?singleData=Y&archiveEventId=0049420381,True,0049420287,BJCA000148,0049420381,낙원동 0301,
"경기도 경성부 중부 종로2정목외16정-007[관철동,인사동,관훈동,낙원동,경운동,운니동] - 낙원동 0302",https://theme.archives.go.kr/next/acreage/viewCadastreDetail.do?typesub=Y&type=12&packid=0000508320&docid=0049889324&mngno=BJCA000148&want=0&formType=oldName&rtURL=,https://theme.archives.go.kr/viewer/common/archWebViewer.do?singleData=Y&archiveEventId=0049889324,True,0049420287,BJCA000148,0049889324,낙원동 0302,
"경기도 경성부 중부 종로2정목외16정-007[관철동,인사동,관훈동,낙원동,경운동,운니동] - 낙원동 0303",https://theme.archives.go.kr/next/acreage/viewCadastreDetail.do?typesub=Y&type=12&packid=0000508320&docid=0049420382&mngno=BJCA000148&want=0&formType=oldName&rtURL=,https://theme.archives.go.kr/viewer/common/archWebViewer.do?singleData=Y&archiveEventId=0049420382,True,0049420287,BJCA000148,0049420382,낙원동 0303,
"경기도 경성부 중부 종로2정목외16정-007[관철동,인사동,관훈동,낙원동,경운동,운니동] - 인사동 0043",https://theme.archives.go.kr/next/acreage/viewCadastreDetail.do?typesub=Y&type=12&packid=0000508320&docid=0049889326&mngno=BJCA000148&want=0&formType=oldName&rtURL=,https://theme.archives.go.kr/viewer/common/archWebViewer.do?singleData=Y&archiveEventId=0049889326,True,0049420287,BJCA000148,0049889326,인사동 0043,
"경기도 경성부 중부 종로2정목외16정-007[관철동,인사동,관훈동,낙원동,경운동,운니동] - 인사동 0044",https://theme.archives.go.kr/next/acreage/viewCadastreDetail.do?typesub=Y&type=12&packid=0000508320&docid=0049420383&mngno=BJCA000148&want=0&formType=oldName&rtURL=,https://theme.archives.go.kr/viewer/common/archWebViewer.do?singleData=Y&archiveEventId=0049420383,True,0049420287,BJCA000148,0049420383,인사동 0044,
"경기도 경성부 중부 종로2정목외16정-007[관철동,인사동,관훈동,낙원동,경운동,운니동] - 인사동 0045",https://theme.archives.go.kr/next/acreage/viewCadastreDetail.do?typesub=Y&type=12&packid=0000508320&docid=0049420384&mngno=BJCA000148&want=0&formType=oldName&rtURL=,https://theme.archives.go.kr/viewer/common/archWebViewer.do?singleData=Y&archiveEventId=0049420384,True,0049420287,BJCA000148,0049420384,인사동 0045,
"경기도 경성부 중부 종로2정목외16정-007[관철동,인사동,관훈동,낙원동,경운동,운니동] - 인사동 0046",https://theme.archives.go.kr/next/acreage/viewCadastreDetail.do?typesub=Y&type=12&packid=0000508320&docid=0049889328&mngno=BJCA000148&want=0&formType=oldName&rtURL=,https://theme.archives.go.kr/viewer/common/archWebViewer.do?singleData=Y&archiveEventId=0049889328,True,0049420287,BJCA000148,0049889328,인사동 0046,
"경기도 경성부 중부 종로2정목외16정-007[관철동,인사동,관훈동,낙원동,경운동,운니동] - 인사동 0047",https://theme.archives.go.kr/next/acreage/viewCadastreDetail.do?typesub=Y&type=12&packid=0000508320&docid=0049420385&mngno=BJCA000148&want=0&formType=oldName&rtURL=,https://theme.archives.go.kr/viewer/common/archWebViewer.do?singleData=Y&archiveEventId=0049420385,True,0049420287,BJCA000148,0049420385,인사동 0047,
"경기도 경성부 중부 종로2정목외16정-007[관철동,인사동,관훈동,낙원동,경운동,운니동] - 인사동 0048",https://theme.archives.go.kr/next/acreage/viewCadastreDetail.do?typesub=Y&type=12&packid=0000508320&docid=0049420386&mngno=BJCA000148&want=0&formType=oldName&rtURL=,https://theme.archives.go.kr/viewer/common/archWebViewer.do?singleData=Y&archiveEventId=0049420386,True,0049420287,BJCA000148,0049420386,인사동 0048,
"경기도 경성부 중부 종로2정목외16정-007[관철동,인사동,관훈동,낙원동,경운동,운니동] - 인사동 0049",https://theme.archives.go.kr/next/acreage/viewCadastreDetail.do?typesub=Y&type=12&packid=0000508320&docid=0049889330&mngno=BJCA000148&want=0&formType=oldName&rtURL=,https://theme.archives.go.kr/viewer/common/archWebViewer.do?singleData=Y&archiveEventId=0049889330,True,0049420287,BJCA000148,0049889330,인사동 0049,
"경기도 경성부 중부 종로2정목외16정-007[관철동,인사동,관훈동,낙원동,경운동,운니동] - 인사동 0050",https://theme.archives.go.kr/next/acreage/viewCadastreDetail.do?typesub=Y&type=12&packid=0000508320&docid=0049420387&mngno=BJCA000148&want=0&formType=oldName&rtURL=,https://theme.archives.go.kr/viewer/common/archWebViewer.do?singleData=Y&archiveEventId=0049420387,True,0049420287,BJCA000148,0049420387,인사동 0050,
"경기도 경성부 중부 종로2정목외16정-007[관철동,인사동,관훈동,낙원동,경운동,운니동] - 인사동 0051",https://theme.archives.go.kr/next/acreage/viewCadastreDetail.do?typesub=Y&type=12&packid=0000508320&docid=0049420287&mngno=BJCA000148&want=0&formType=oldName&rtURL=,https://theme.archives.go.kr/viewer/common/archWebViewer.do?singleData=Y&archiveEventId=0049420287,True,0049420287,BJCA000148,0049420287,인사동 0051,
"경기도 경성부 중부 종로2정목외16정-007[관철동,인사동,관훈동,낙원동,경운동,운니동] - 인사동 0052",https://theme.archives.go.kr/next/acreage/viewCadastreDetail.do?typesub=Y&type=12&packid=0000508320&docid=0049889332&mngno=BJCA000148&want=0&formType=oldName&rtURL=,https://theme.archives.go.kr/viewer/common/archWebViewer.do?singleData=Y&archiveEventId=0049889332,True,0049420287,BJCA000148,0049889332,인사동 0052,
"경기도 경성부 중부 종로2정목외16정-007[관철동,인사동,관훈동,낙원동,경운동,운니동] - 인사동 0053",https://theme.archives.go.kr/next/acreage/viewCadastreDetail.do?typesub=Y&type=12&packid=0000508320&docid=0049420288&mngno=BJCA000148&want=0&formType=oldName&rtURL=,https://theme.archives.go.kr/viewer/common/archWebViewer.do?singleData=Y&archiveEventId=0049420288,True,0049420287,BJCA000148,0049420288,인사동 0053,
"경기도 경성부 중부 종로2정목외16정-007[관철동,인사동,관훈동,낙원동,경운동,운니동] - 인사동 0054",https://theme.archives.go.kr/next/acreage/viewCadastreDetail.do?typesub=Y&type=12&packid=0000508320&docid=0049420289&mngno=BJCA000148&want=0&formType=oldName&rtURL=,https://theme.archives.go.kr/viewer/common/archWebViewer.do?singleData=Y&archiveEventId=0049420289,True,0049420287,BJCA000148,0049420289,인사동 0054,
"경기도 경성부 중부 종로2정목외16정-007[관철동,인사동,관훈동,낙원동,경운동,운니동] - 인사동 0055",https://theme.archives.go.kr/next/acreage/viewCadastreDetail.do?typesub=Y&type=12&packid=0000508320&docid=0049889334&mngno=BJCA000148&want=0&formType=oldName&rtURL=,https://theme.archives.go.kr/viewer/common/archWebViewer.do?singleData=Y&archiveEventId=0049889334,True,0049420287,BJCA000148,0049889334,인사동 0055,
"경기도 경성부 중부 종로2정목외16정-007[관철동,인사동,관훈동,낙원동,경운동,운니동] - 인사동 0056",https://theme.archives.go.kr/next/acreage/viewCadastreDetail.do?typesub=Y&type=12&packid=0000508320&docid=0049420290&mngno=BJCA000148&want=0&formType=oldName&rtURL=,https://theme.archives.go.kr/viewer/common/archWebViewer.do?singleData=Y&archiveEventId=0049420290,True,0049420287,BJCA000148,0049420290,인사동 0056,
"경기도 경성부 중부 종로2정목외16정-007[관철동,인사동,관훈동,낙원동,경운동,운니동] - 인사동 0057",https://theme.archives.go.kr/next/acreage/viewCadastreDetail.do?typesub=Y&type=12&packid=0000508320&docid=0049420291&mngno=BJCA000148&want=0&formType=oldName&rtURL=,https://theme.archives.go.kr/viewer/common/archWebViewer.do?singleData=Y&archiveEventId=0049420291,True,0049420287,BJCA000148,0049420291,인사동 0057,
"경기도 경성부 중부 종로2정목외16정-007[관철동,인사동,관훈동,낙원동,경운동,운니동] - 인사동 0058",https://theme.archives.go.kr/next/acreage/viewCadastreDetail.do?typesub=Y&type=12&packid=0000508320&docid=0049889336&mngno=BJCA000148&want=0&formType=oldName&rtURL=,https://theme.archives.go.kr/viewer/common/archWebViewer.do?singleData=Y&archiveEventId=0049889336,True,0049420287,BJCA000148,0049889336,인사동 0058,
"경기도 경성부 중부 종로2정목외16정-007[관철동,인사동,관훈동,낙원동,경운동,운니동] - 인사동 0059",https://theme.archives.go.kr/next/acreage/viewCadastreDetail.do?typesub=Y&type=12&packid=0000508320&docid=0049889386&mngno=BJCA000148&want=0&formType=oldName&rtURL=,https://theme.archives.go.kr/viewer/common/archWebViewer.do?singleData=Y&archiveEventId=0049889386,True,0049420287,BJCA000148,0049889386,인사동 0059,
"경기도 경성부 중부 종로2정목외16정-007[관철동,인사동,관훈동,낙원동,경운동,운니동] - 인사동 0060",https://theme.archives.go.kr/next/acreage/viewCadastreDetail.do?typesub=Y&type=12&packid=0000508320&docid=0049889338&mngno=BJCA000148&want=0&formType=oldName&rtURL=,https://theme.archives.go.kr/viewer/common/archWebViewer.do?singleData=Y&archiveEventId=0049889338,True,0049420287,BJCA000148,0049889338,인사동 0060,
"경기도 경성부 중부 종로2정목외16정-007[관철동,인사동,관훈동,낙원동,경운동,운니동] - 인사동 0061",https://theme.archives.go.kr/next/acreage/viewCadastreDetail.do?typesub=Y&type=12&packid=0000508320&docid=0049420292&mngno=BJCA000148&want=0&formType=oldName&rtURL=,https://theme.archives.go.kr/viewer/common/archWebViewer.do?singleData=Y&archiveEventId=0049420292,True,0049420287,BJCA000148,0049420292,인사동 0061,
"경기도 경성부 중부 종로2정목외16정-007[관철동,인사동,관훈동,낙원동,경운동,운니동] - 인사동 0062",https://theme.archives.go.kr/next/acreage/viewCadastreDetail.do?typesub=Y&type=12&packid=0000508320&docid=0049420293&mngno=BJCA000148&want=0&formType=oldName&rtURL=,https://theme.archives.go.kr/viewer/common/archWebViewer.do?singleData=Y&archiveEventId=0049420293,True,0049420287,BJCA000148,0049420293,인사동 0062,
"경기도 경성부 중부 종로2정목외16정-007[관철동,인사동,관훈동,낙원동,경운동,운니동] - 인사동 0063",https://theme.archives.go.kr/next/acreage/viewCadastreDetail.do?typesub=Y&type=12&packid=0000508320&docid=0049889340&mngno=BJCA000148&want=0&formType=oldName&rtURL=,https://theme.archives.go.kr/viewer/common/archWebViewer.do?singleData=Y&archiveEventId=0049889340,True,0049420287,BJCA000148,0049889340,인사동 0063,
"경기도 경성부 중부 종로2정목외16정-007[관철동,인사동,관훈동,낙원동,경운동,운니동] - 인사동 0064",https://theme.archives.go.kr/next/acreage/viewCadastreDetail.do?typesub=Y&type=12&packid=0000508320&docid=0049420294&mngno=BJCA000148&want=0&formType=oldName&rtURL=,https://theme.archives.go.kr/viewer/common/archWebViewer.do?singleData=Y&archiveEventId=0049420294,True,0049420287,BJCA000148,0049420294,인사동 0064,
"경기도 경성부 중부 종로2정목외16정-007[관철동,인사동,관훈동,낙원동,경운동,운니동] - 인사동 0065",https://theme.archives.go.kr/next/acreage/viewCadastreDetail.do?typesub=Y&type=12&packid=0000508320&docid=0049420295&mngno=BJCA000148&want=0&formType=oldName&rtURL=,https://theme.archives.go.kr/viewer/common/archWebViewer.do?singleData=Y&archiveEventId=0049420295,True,0049420287,BJCA000148,0049420295,인사동 0065,
"경기도 경성부 중부 종로2정목외16정-007[관철동,인사동,관훈동,낙원동,경운동,운니동] - 인사동 0066",https://theme.archives.go.kr/next/acreage/viewCadastreDetail.do?typesub=Y&type=12&packid=0000508320&docid=0049889342&mngno=BJCA000148&want=0&formType=oldName&rtURL=,https://theme.archives.go.kr/viewer/common/archWebViewer.do?singleData=Y&archiveEventId=0049889342,True,0049420287,BJCA000148,0049889342,인사동 0066,
"경기도 경성부 중부 종로2정목외16정-007[관철동,인사동,관훈동,낙원동,경운동,운니동] - 인사동 0067",https://theme.archives.go.kr/next/acreage/viewCadastreDetail.do?typesub=Y&type=12&packid=0000508320&docid=0049420296&mngno=BJCA000148&want=0&formType=oldName&rtURL=,https://theme.archives.go.kr/viewer/common/archWebViewer.do?singleData=Y&archiveEventId=0049420296,True,0049420287,BJCA000148,0049420296,인사동 0067,
"경기도 경성부 중부 종로2정목외16정-007[관철동,인사동,관훈동,낙원동,경운동,운니동] - 인사동 0068",https://theme.archives.go.kr/next/acreage/viewCadastreDetail.do?typesub=Y&type=12&packid=0000508320&docid=0049420297&mngno=BJCA000148&want=0&formType=oldName&rtURL=,https://theme.archives.go.kr/viewer/common/archWebViewer.do?singleData=Y&archiveEventId=0049420297,True,0049420287,BJCA000148,0049420297,인사동 0068,
"경기도 경성부 중부 종로2정목외16정-007[관철동,인사동,관훈동,낙원동,경운동,운니동] - 인사동 0069",https://theme.archives.go.kr/next/acreage/viewCadastreDetail.do?typesub=Y&type=12&packid=0000508320&docid=0049889344&mngno=BJCA000148&want=0&formType=oldName&rtURL=,https://theme.archives.go.kr/viewer/common/archWebViewer.do?singleData=Y&archiveEventId=0049889344,True,0049420287,BJCA000148,0049889344,인사동 0069,
"경기도 경성부 중부 종로2정목외16정-007[관철동,인사동,관훈동,낙원동,경운동,운니동] - 인사동 0070",https://theme.archives.go.kr/next/acreage/viewCadastreDetail.do?typesub=Y&type=12&packid=0000508320&docid=0049420298&mngno=BJCA000148&want=0&formType=oldName&rtURL=,https://theme.archives.go.kr/viewer/common/archWebViewer.do?singleData=Y&archiveEventId=0049420298,True,0049420287,BJCA000148,0049420298,인사동 0070,
"경기도 경성부 중부 종로2정목외16정-007[관철동,인사동,관훈동,낙원동,경운동,운니동] - 인사동 0071",https://theme.archives.go.kr/next/acreage/viewCadastreDetail.do?typesub=Y&type=12&packid=0000508320&docid=0049420299&mngno=BJCA000148&want=0&formType=oldName&rtURL=,https://theme.archives.go.kr/viewer/common/archWebViewer.do?singleData=Y&archiveEventId=0049420299,True,0049420287,BJCA000148,0049420299,인사동 0071,
"경기도 경성부 중부 종로2정목외16정-007[관철동,인사동,관훈동,낙원동,경운동,운니동] - 인사동 0072",https://theme.archives.go.kr/next/acreage/viewCadastreDetail.do?typesub=Y&type=12&packid=0000508320&docid=0049889346&mngno=BJCA000148&want=0&formType=oldName&rtURL=,https://theme.archives.go.kr/viewer/common/archWebViewer.do?singleData=Y&archiveEventId=0049889346,True,0049420287,BJCA000148,0049889346,인사동 0072,
"경기도 경성부 중부 종로2정목외16정-007[관철동,인사동,관훈동,낙원동,경운동,운니동] - 인사동 0073",https://theme.archives.go.kr/next/acreage/viewCadastreDetail.do?typesub=Y&type=12&packid=0000508320&docid=0049420300&mngno=BJCA000148&want=0&formType=oldName&rtURL=,https://theme.archives.go.kr/viewer/common/archWebViewer.do?singleData=Y&archiveEventId=0049420300,True,0049420287,BJCA000148,0049420300,인사동 0073,
"경기도 경성부 중부 종로2정목외16정-007[관철동,인사동,관훈동,낙원동,경운동,운니동] - 인사동 0074",https://theme.archives.go.kr/next/acreage/viewCadastreDetail.do?typesub=Y&type=12&packid=0000508320&docid=0049420301&mngno=BJCA000148&want=0&formType=oldName&rtURL=,https://theme.archives.go.kr/viewer/common/archWebViewer.do?singleData=Y&archiveEventId=0049420301,True,0049420287,BJCA000148,0049420301,인사동 0074,
"경기도 경성부 중부 종로2정목외16정-007[관철동,인사동,관훈동,낙원동,경운동,운니동] - 인사동 0075",https://theme.archives.go.kr/next/acreage/viewCadastreDetail.do?typesub=Y&type=12&packid=0000508320&docid=0049420302&mngno=BJCA000148&want=0&formType=oldName&rtURL=,https://theme.archives.go.kr/viewer/common/archWebViewer.do?singleData=Y&archiveEventId=0049420302,True,0049420287,BJCA000148,0049420302,인사동 0075,
"경기도 경성부 중부 종로2정목외16정-007[관철동,인사동,관훈동,낙원동,경운동,운니동] - 인사동 0076",https://theme.archives.go.kr/next/acreage/viewCadastreDetail.do?typesub=Y&type=12&packid=0000508320&docid=0049889348&mngno=BJCA000148&want=0&formType=oldName&rtURL=,https://theme.archives.go.kr/viewer/common/archWebViewer.do?singleData=Y&archiveEventId=0049889348,True,0049420287,BJCA000148,0049889348,인사동 0076,
"경기도 경성부 중부 종로2정목외16정-007[관철동,인사동,관훈동,낙원동,경운동,운니동] - 인사동 0077",https://theme.archives.go.kr/next/acreage/viewCadastreDetail.do?typesub=Y&type=12&packid=0000508320&docid=0049420304&mngno=BJCA000148&want=0&formType=oldName&rtURL=,https://theme.archives.go.kr/viewer/common/archWebViewer.do?singleData=Y&archiveEventId=0049420304,True,0049420287,BJCA000148,0049420304,인사동 0077,
"경기도 경성부 중부 종로2정목외16정-007[관철동,인사동,관훈동,낙원동,경운동,운니동] - 인사동 0078",https://theme.archives.go.kr/next/acreage/viewCadastreDetail.do?typesub=Y&type=12&packid=0000508320&docid=0049420305&mngno=BJCA000148&want=0&formType=oldName&rtURL=,https://theme.archives.go.kr/viewer/common/archWebViewer.do?singleData=Y&archiveEventId=0049420305,True,0049420287,BJCA000148,0049420305,인사동 0078,
"경기도 경성부 중부 종로2정목외16정-007[관철동,인사동,관훈동,낙원동,경운동,운니동] - 인사동 0079",https://theme.archives.go.kr/next/acreage/viewCadastreDetail.do?typesub=Y&type=12&packid=0000508320&docid=0049889350&mngno=BJCA000148&want=0&formType=oldName&rtURL=,https://theme.archives.go.kr/viewer/common/archWebViewer.do?singleData=Y&archiveEventId=0049889350,True,0049420287,BJCA000148,0049889350,인사동 0079,
"경기도 경성부 중부 종로2정목외16정-007[관철동,인사동,관훈동,낙원동,경운동,운니동] - 인사동 0080",https://theme.archives.go.kr/next/acreage/viewCadastreDetail.do?typesub=Y&type=12&packid=0000508320&docid=0049420306&mngno=BJCA000148&want=0&formType=oldName&rtURL=,https://theme.archives.go.kr/viewer/common/archWebViewer.do?singleData=Y&archiveEventId=0049420306,True,0049420287,BJCA000148,0049420306,인사동 0080,
"경기도 경성부 중부 종로2정목외16정-007[관철동,인사동,관훈동,낙원동,경운동,운니동] - 인사동 0081",https://theme.archives.go.kr/next/acreage/viewCadastreDetail.do?typesub=Y&type=12&packid=0000508320&docid=0049420307&mngno=BJCA000148&want=0&formType=oldName&rtURL=,https://theme.archives.go.kr/viewer/common/archWebViewer.do?singleData=Y&archiveEventId=0049420307,True,0049420287,BJCA000148,0049420307,인사동 0081,
"경기도 경성부 중부 종로2정목외16정-007[관철동,인사동,관훈동,낙원동,경운동,운니동] - 인사동 0082",https://theme.archives.go.kr/next/acreage/viewCadastreDetail.do?typesub=Y&type=12&packid=0000508320&docid=0049889352&mngno=BJCA000148&want=0&formType=oldName&rtURL=,https://theme.archives.go.kr/viewer/common/archWebViewer.do?singleData=Y&archiveEventId=0049889352,True,0049420287,BJCA000148,0049889352,인사동 0082,
"경기도 경성부 중부 종로2정목외16정-007[관철동,인사동,관훈동,낙원동,경운동,운니동] - 인사동 0083",https://theme.archives.go.kr/next/acreage/viewCadastreDetail.do?typesub=Y&type=12&packid=0000508320&docid=0049420308&mngno=BJCA000148&want=0&formType=oldName&rtURL=,https://theme.archives.go.kr/viewer/common/archWebViewer.do?singleData=Y&archiveEventId=0049420308,True,0049420287,BJCA000148,0049420308,인사동 0083,
"경기도 경성부 중부 종로2정목외16정-007[관철동,인사동,관훈동,낙원동,경운동,운니동] - 인사동 0104",https://theme.archives.go.kr/next/acreage/viewCadastreDetail.do?typesub=Y&type=12&packid=0000508320&docid=0049420309&mngno=BJCA000148&want=0&formType=oldName&rtURL=,https://theme.archives.go.kr/viewer/common/archWebViewer.do?singleData=Y&archiveEventId=0049420309,True,0049420287,BJCA000148,0049420309,인사동 0104,
"경기도 경성부 중부 종로2정목외16정-007[관철동,인사동,관훈동,낙원동,경운동,운니동] - 인사동 0105",https://theme.archives.go.kr/next/acreage/viewCadastreDetail.do?typesub=Y&type=12&packid=0000508320&docid=0049889354&mngno=BJCA000148&want=0&formType=oldName&rtURL=,https://theme.archives.go.kr/viewer/common/archWebViewer.do?singleData=Y&archiveEventId=0049889354,True,0049420287,BJCA000148,0049889354,인사동 0105,
"경기도 경성부 중부 종로2정목외16정-007[관철동,인사동,관훈동,낙원동,경운동,운니동] - 인사동 0106",https://theme.archives.go.kr/next/acreage/viewCadastreDetail.do?typesub=Y&type=12&packid=0000508320&docid=0049420310&mngno=BJCA000148&want=0&formType=oldName&rtURL=,https://theme.archives.go.kr/viewer/common/archWebViewer.do?singleData=Y&archiveEventId=0049420310,True,0049420287,BJCA000148,0049420310,인사동 0106,
"경기도 경성부 중부 종로2정목외16정-007[관철동,인사동,관훈동,낙원동,경운동,운니동] - 인사동 0107",https://theme.archives.go.kr/next/acreage/viewCadastreDetail.do?typesub=Y&type=12&packid=0000508320&docid=0049420311&mngno=BJCA000148&want=0&formType=oldName&rtURL=,https://theme.archives.go.kr/viewer/common/archWebViewer.do?singleData=Y&archiveEventId=0049420311,True,0049420287,BJCA000148,0049420311,인사동 0107,
"경기도 경성부 중부 종로2정목외16정-007[관철동,인사동,관훈동,낙원동,경운동,운니동] - 인사동 0108",https://theme.archives.go.kr/next/acreage/viewCadastreDetail.do?typesub=Y&type=12&packid=0000508320&docid=0049889356&mngno=BJCA000148&want=0&formType=oldName&rtURL=,https://theme.archives.go.kr/viewer/common/archWebViewer.do?singleData=Y&archiveEventId=0049889356,True,0049420287,BJCA000148,0049889356,인사동 0108,
"경기도 경성부 중부 종로2정목외16정-007[관철동,인사동,관훈동,낙원동,경운동,운니동] - 인사동 0109",https://theme.archives.go.kr/next/acreage/viewCadastreDetail.do?typesub=Y&type=12&packid=0000508320&docid=0049420312&mngno=BJCA000148&want=0&formType=oldName&rtURL=,https://theme.archives.go.kr/viewer/common/archWebViewer.do?singleData=Y&archiveEventId=0049420312,True,0049420287,BJCA000148,0049420312,인사동 0109,
"경기도 경성부 중부 종로2정목외16정-007[관철동,인사동,관훈동,낙원동,경운동,운니동] - 인사동 0110",https://theme.archives.go.kr/next/acreage/viewCadastreDetail.do?typesub=Y&type=12&packid=0000508320&docid=0049420313&mngno=BJCA000148&want=0&formType=oldName&rtURL=,https://theme.archives.go.kr/viewer/common/archWebViewer.do?singleData=Y&archiveEventId=0049420313,True,0049420287,BJCA000148,0049420313,인사동 0110,
"경기도 경성부 중부 종로2정목외16정-007[관철동,인사동,관훈동,낙원동,경운동,운니동] - 인사동 0111",https://theme.archives.go.kr/next/acreage/viewCadastreDetail.do?typesub=Y&type=12&packid=0000508320&docid=0049889358&mngno=BJCA000148&want=0&formType=oldName&rtURL=,https://theme.archives.go.kr/viewer/common/archWebViewer.do?singleData=Y&archiveEventId=0049889358,True,0049420287,BJCA000148,0049889358,인사동 0111,
"경기도 경성부 중부 종로2정목외16정-007[관철동,인사동,관훈동,낙원동,경운동,운니동] - 인사동 0112",https://theme.archives.go.kr/next/acreage/viewCadastreDetail.do?typesub=Y&type=12&packid=0000508320&docid=0049420314&mngno=BJCA000148&want=0&formType=oldName&rtURL=,https://theme.archives.go.kr/viewer/common/archWebViewer.do?singleData=Y&archiveEventId=0049420314,True,0049420287,BJCA000148,0049420314,인사동 0112,
"경기도 경성부 중부 종로2정목외16정-007[관철동,인사동,관훈동,낙원동,경운동,운니동] - 인사동 0113",https://theme.archives.go.kr/next/acreage/viewCadastreDetail.do?typesub=Y&type=12&packid=0000508320&docid=0049420315&mngno=BJCA000148&want=0&formType=oldName&rtURL=,https://theme.archives.go.kr/viewer/common/archWebViewer.do?singleData=Y&archiveEventId=0049420315,True,0049420287,BJCA000148,0049420315,인사동 0113,
"경기도 경성부 중부 종로2정목외16정-007[관철동,인사동,관훈동,낙원동,경운동,운니동] - 인사동 0114",https://theme.archives.go.kr/next/acreage/viewCadastreDetail.do?typesub=Y&type=12&packid=0000508320&docid=0049889388&mngno=BJCA000148&want=0&formType=oldName&rtURL=,https://theme.archives.go.kr/viewer/common/archWebViewer.do?singleData=Y&archiveEventId=0049889388,True,0049420287,BJCA000148,0049889388,인사동 0114,
"경기도 경성부 중부 종로2정목외16정-007[관철동,인사동,관훈동,낙원동,경운동,운니동] - 인사동 0115",https://theme.archives.go.kr/next/acreage/viewCadastreDetail.do?typesub=Y&type=12&packid=0000508320&docid=0049889360&mngno=BJCA000148&want=0&formType=oldName&rtURL=,https://theme.archives.go.kr/viewer/common/archWebViewer.do?singleData=Y&archiveEventId=0049889360,True,0049420287,BJCA000148,0049889360,인사동 0115,
"경기도 경성부 중부 종로2정목외16정-007[관철동,인사동,관훈동,낙원동,경운동,운니동] - 인사동 0122",https://theme.archives.go.kr/next/acreage/viewCadastreDetail.do?typesub=Y&type=12&packid=0000508320&docid=0049420316&mngno=BJCA000148&want=0&formType=oldName&rtURL=,https://theme.archives.go.kr/viewer/common/archWebViewer.do?singleData=Y&archiveEventId=0049420316,True,0049420287,BJCA000148,0049420316,인사동 0122,
"경기도 경성부 중부 종로2정목외16정-007[관철동,인사동,관훈동,낙원동,경운동,운니동] - 인사동 0123",https://theme.archives.go.kr/next/acreage/viewCadastreDetail.do?typesub=Y&type=12&packid=0000508320&docid=0049420317&mngno=BJCA000148&want=0&formType=oldName&rtURL=,https://theme.archives.go.kr/viewer/common/archWebViewer.do?singleData=Y&archiveEventId=0049420317,True,0049420287,BJCA000148,0049420317,인사동 0123,
"경기도 경성부 중부 종로2정목외16정-007[관철동,인사동,관훈동,낙원동,경운동,운니동] - 인사동 0124",https://theme.archives.go.kr/next/acreage/viewCadastreDetail.do?typesub=Y&type=12&packid=0000508320&docid=0049889362&mngno=BJCA000148&want=0&formType=oldName&rtURL=,https://theme.archives.go.kr/viewer/common/archWebViewer.do?singleData=Y&archiveEventId=0049889362,True,0049420287,BJCA000148,0049889362,인사동 0124,
"경기도 경성부 중부 종로2정목외16정-007[관철동,인사동,관훈동,낙원동,경운동,운니동] - 인사동 0125",https://theme.archives.go.kr/next/acreage/viewCadastreDetail.do?typesub=Y&type=12&packid=0000508320&docid=0049420318&mngno=BJCA000148&want=0&formType=oldName&rtURL=,https://theme.archives.go.kr/viewer/common/archWebViewer.do?singleData=Y&archiveEventId=0049420318,True,0049420287,BJCA000148,0049420318,인사동 0125,
"경기도 경성부 중부 종로2정목외16정-007[관철동,인사동,관훈동,낙원동,경운동,운니동] - 인사동 0126",https://theme.archives.go.kr/next/acreage/viewCadastreDetail.do?typesub=Y&type=12&packid=0000508320&docid=0049420319&mngno=BJCA000148&want=0&formType=oldName&rtURL=,https://theme.archives.go.kr/viewer/common/archWebViewer.do?singleData=Y&archiveEventId=0049420319,True,0049420287,BJCA000148,0049420319,인사동 0126,
"경기도 경성부 중부 종로2정목외16정-007[관철동,인사동,관훈동,낙원동,경운동,운니동] - 인사동 0127",https://theme.archives.go.kr/next/acreage/viewCadastreDetail.do?typesub=Y&type=12&packid=0000508320&docid=0049420320&mngno=BJCA000148&want=0&formType=oldName&rtURL=,https://theme.archives.go.kr/viewer/common/archWebViewer.do?singleData=Y&archiveEventId=0049420320,True,0049420287,BJCA000148,0049420320,인사동 0127,
"경기도 경성부 중부 종로2정목외16정-007[관철동,인사동,관훈동,낙원동,경운동,운니동] - 인사동 0128",https://theme.archives.go.kr/next/acreage/viewCadastreDetail.do?typesub=Y&type=12&packid=0000508320&docid=0049889263&mngno=BJCA000148&want=0&formType=oldName&rtURL=,https://theme.archives.go.kr/viewer/common/archWebViewer.do?singleData=Y&archiveEventId=0049889263,True,0049420287,BJCA000148,0049889263,인사동 0128,
"경기도 경성부 중부 종로2정목외16정-007[관철동,인사동,관훈동,낙원동,경운동,운니동] - 인사동 0129",https://theme.archives.go.kr/next/acreage/viewCadastreDetail.do?typesub=Y&type=12&packid=0000508320&docid=0049745778&mngno=BJCA000148&want=0&formType=oldName&rtURL=,https://theme.archives.go.kr/viewer/common/archWebViewer.do?singleData=Y&archiveEventId=0049745778,True,0049420287,BJCA000148,0049745778,인사동 0129,
"경기도 경성부 중부 종로2정목외16정-007[관철동,인사동,관훈동,낙원동,경운동,운니동] - 인사동 0130",https://theme.archives.go.kr/next/acreage/viewCadastreDetail.do?typesub=Y&type=12&packid=0000508320&docid=0049420321&mngno=BJCA000148&want=0&formType=oldName&rtURL=,https://theme.archives.go.kr/viewer/common/archWebViewer.do?singleData=Y&archiveEventId=0049420321,True,0049420287,BJCA000148,0049420321,인사동 0130,
"경기도 경성부 중부 종로2정목외16정-007[관철동,인사동,관훈동,낙원동,경운동,운니동] - 인사동 0131",https://theme.archives.go.kr/next/acreage/viewCadastreDetail.do?typesub=Y&type=12&packid=0000508320&docid=0049889265&mngno=BJCA000148&want=0&formType=oldName&rtURL=,https://theme.archives.go.kr/viewer/common/archWebViewer.do?singleData=Y&archiveEventId=0049889265,True,0049420287,BJCA000148,0049889265,인사동 0131,
"경기도 경성부 중부 종로2정목외16정-007[관철동,인사동,관훈동,낙원동,경운동,운니동] - 인사동 0132",https://theme.archives.go.kr/next/acreage/viewCadastreDetail.do?typesub=Y&type=12&packid=0000508320&docid=0049889267&mngno=BJCA000148&want=0&formType=oldName&rtURL=,https://theme.archives.go.kr/viewer/common/archWebViewer.do?singleData=Y&archiveEventId=0049889267,True,0049420287,BJCA000148,0049889267,인사동 0132,
"경기도 경성부 중부 종로2정목외16정-007[관철동,인사동,관훈동,낙원동,경운동,운니동] - 인사동 0133",https://theme.archives.go.kr/next/acreage/viewCadastreDetail.do?typesub=Y&type=12&packid=0000508320&docid=0049420322&mngno=BJCA000148&want=0&formType=oldName&rtURL=,https://theme.archives.go.kr/viewer/common/archWebViewer.do?singleData=Y&archiveEventId=0049420322,True,0049420287,BJCA000148,0049420322,인사동 0133,
"경기도 경성부 중부 종로2정목외16정-007[관철동,인사동,관훈동,낙원동,경운동,운니동] - 인사동 0134",https://theme.archives.go.kr/next/acreage/viewCadastreDetail.do?typesub=Y&type=12&packid=0000508320&docid=0049420323&mngno=BJCA000148&want=0&formType=oldName&rtURL=,https://theme.archives.go.kr/viewer/common/archWebViewer.do?singleData=Y&archiveEventId=0049420323,True,0049420287,BJCA000148,0049420323,인사동 0134,
"경기도 경성부 중부 종로2정목외16정-007[관철동,인사동,관훈동,낙원동,경운동,운니동] - 인사동 0135",https://theme.archives.go.kr/next/acreage/viewCadastreDetail.do?typesub=Y&type=12&packid=0000508320&docid=0049889269&mngno=BJCA000148&want=0&formType=oldName&rtURL=,https://theme.archives.go.kr/viewer/common/archWebViewer.do?singleData=Y&archiveEventId=0049889269,True,0049420287,BJCA000148,0049889269,인사동 0135,
"경기도 경성부 중부 종로2정목외16정-007[관철동,인사동,관훈동,낙원동,경운동,운니동] - 인사동 0137",https://theme.archives.go.kr/next/acreage/viewCadastreDetail.do?typesub=Y&type=12&packid=0000508320&docid=0049420324&mngno=BJCA000148&want=0&formType=oldName&rtURL=,https://theme.archives.go.kr/viewer/common/archWebViewer.do?singleData=Y&archiveEventId=0049420324,True,0049420287,BJCA000148,0049420324,인사동 0137,
"경기도 경성부 중부 종로2정목외16정-007[관철동,인사동,관훈동,낙원동,경운동,운니동] - 인사동 0143",https://theme.archives.go.kr/next/acreage/viewCadastreDetail.do?typesub=Y&type=12&packid=0000508320&docid=0049420325&mngno=BJCA000148&want=0&formType=oldName&rtURL=,https://theme.archives.go.kr/viewer/common/archWebViewer.do?singleData=Y&archiveEventId=0049420325,True,0049420287,BJCA000148,0049420325,인사동 0143,
"경기도 경성부 중부 종로2정목외16정-007[관철동,인사동,관훈동,낙원동,경운동,운니동] - 인사동 0144",https://theme.archives.go.kr/next/acreage/viewCadastreDetail.do?typesub=Y&type=12&packid=0000508320&docid=0049420327&mngno=BJCA000148&want=0&formType=oldName&rtURL=,https://theme.archives.go.kr/viewer/common/archWebViewer.do?singleData=Y&archiveEventId=0049420327,True,0049420287,BJCA000148,0049420327,인사동 0144,
"경기도 경성부 중부 종로2정목외16정-007[관철동,인사동,관훈동,낙원동,경운동,운니동] - 인사동 0145",https://theme.archives.go.kr/next/acreage/viewCadastreDetail.do?typesub=Y&type=12&packid=0000508320&docid=0049889271&mngno=BJCA000148&want=0&formType=oldName&rtURL=,https://theme.archives.go.kr/viewer/common/archWebViewer.do?singleData=Y&archiveEventId=0049889271,True,0049420287,BJCA000148,0049889271,인사동 0145,
"경기도 경성부 중부 종로2정목외16정-007[관철동,인사동,관훈동,낙원동,경운동,운니동] - 인사동 0146",https://theme.archives.go.kr/next/acreage/viewCadastreDetail.do?typesub=Y&type=12&packid=0000508320&docid=0049420328&mngno=BJCA000148&want=0&formType=oldName&rtURL=,https://theme.archives.go.kr/viewer/common/archWebViewer.do?singleData=Y&archiveEventId=0049420328,True,0049420287,BJCA000148,0049420328,인사동 0146,
"경기도 경성부 중부 종로2정목외16정-007[관철동,인사동,관훈동,낙원동,경운동,운니동] - 인사동 0147",https://theme.archives.go.kr/next/acreage/viewCadastreDetail.do?typesub=Y&type=12&packid=0000508320&docid=0049420329&mngno=BJCA000148&want=0&formType=oldName&rtURL=,https://theme.archives.go.kr/viewer/common/archWebViewer.do?singleData=Y&archiveEventId=0049420329,True,0049420287,BJCA000148,0049420329,인사동 0147,
"경기도 경성부 중부 종로2정목외16정-007[관철동,인사동,관훈동,낙원동,경운동,운니동] - 인사동 0148",https://theme.archives.go.kr/next/acreage/viewCadastreDetail.do?typesub=Y&type=12&packid=0000508320&docid=0049889273&mngno=BJCA000148&want=0&formType=oldName&rtURL=,https://theme.archives.go.kr/viewer/common/archWebViewer.do?singleData=Y&archiveEventId=0049889273,True,0049420287,BJCA000148,0049889273,인사동 0148,
"경기도 경성부 중부 종로2정목외16정-007[관철동,인사동,관훈동,낙원동,경운동,운니동] - 인사동 0149",https://theme.archives.go.kr/next/acreage/viewCadastreDetail.do?typesub=Y&type=12&packid=0000508320&docid=0049420330&mngno=BJCA000148&want=0&formType=oldName&rtURL=,https://theme.archives.go.kr/viewer/common/archWebViewer.do?singleData=Y&archiveEventId=0049420330,True,0049420287,BJCA000148,0049420330,인사동 0149,
"경기도 경성부 중부 종로2정목외16정-007[관철동,인사동,관훈동,낙원동,경운동,운니동] - 인사동 0150",https://theme.archives.go.kr/next/acreage/viewCadastreDetail.do?typesub=Y&type=12&packid=0000508320&docid=0049420331&mngno=BJCA000148&want=0&formType=oldName&rtURL=,https://theme.archives.go.kr/viewer/common/archWebViewer.do?singleData=Y&archiveEventId=0049420331,True,0049420287,BJCA000148,0049420331,인사동 0150,
"경기도 경성부 중부 종로2정목외16정-007[관철동,인사동,관훈동,낙원동,경운동,운니동] - 종로2정목 0019",https://theme.archives.go.kr/next/acreage/viewCadastreDetail.do?typesub=Y&type=12&packid=0000508320&docid=0049889275&mngno=BJCA000148&want=0&formType=oldName&rtURL=,https://theme.archives.go.kr/viewer/common/archWebViewer.do?singleData=Y&archiveEventId=0049889275,True,0049420287,BJCA000148,0049889275,종로2정목 0019,
"경기도 경성부 중부 종로2정목외16정-007[관철동,인사동,관훈동,낙원동,경운동,운니동] - 종로2정목 0020",https://theme.archives.go.kr/next/acreage/viewCadastreDetail.do?typesub=Y&type=12&packid=0000508320&docid=0049420332&mngno=BJCA000148&want=0&formType=oldName&rtURL=,https://theme.archives.go.kr/viewer/common/archWebViewer.do?singleData=Y&archiveEventId=0049420332,True,0049420287,BJCA000148,0049420332,종로2정목 0020,
"경기도 경성부 중부 종로2정목외16정-007[관철동,인사동,관훈동,낙원동,경운동,운니동] - 종로2정목 0021",https://theme.archives.go.kr/next/acreage/viewCadastreDetail.do?typesub=Y&type=12&packid=0000508320&docid=0049420333&mngno=BJCA000148&want=0&formType=oldName&rtURL=,https://theme.archives.go.kr/viewer/common/archWebViewer.do?singleData=Y&archiveEventId=0049420333,True,0049420287,BJCA000148,0049420333,종로2정목 0021,
"경기도 경성부 중부 종로2정목외16정-007[관철동,인사동,관훈동,낙원동,경운동,운니동] - 종로2정목 0022",https://theme.archives.go.kr/next/acreage/viewCadastreDetail.do?typesub=Y&type=12&packid=0000508320&docid=0049889276&mngno=BJCA000148&want=0&formType=oldName&rtURL=,https://theme.archives.go.kr/viewer/common/archWebViewer.do?singleData=Y&archiveEventId=0049889276,True,0049420287,BJCA000148,0049889276,종로2정목 0022,
"경기도 경성부 중부 종로2정목외16정-007[관철동,인사동,관훈동,낙원동,경운동,운니동] - 종로2정목 0023",https://theme.archives.go.kr/next/acreage/viewCadastreDetail.do?typesub=Y&type=12&packid=0000508320&docid=0049420334&mngno=BJCA000148&want=0&formType=oldName&rtURL=,https://theme.archives.go.kr/viewer/common/archWebViewer.do?singleData=Y&archiveEventId=0049420334,True,0049420287,BJCA000148,0049420334,종로2정목 0023,
"경기도 경성부 중부 종로2정목외16정-007[관철동,인사동,관훈동,낙원동,경운동,운니동] - 종로2정목 0024",https://theme.archives.go.kr/next/acreage/viewCadastreDetail.do?typesub=Y&type=12&packid=0000508320&docid=0049420335&mngno=BJCA000148&want=0&formType=oldName&rtURL=,https://theme.archives.go.kr/viewer/common/archWebViewer.do?singleData=Y&archiveEventId=0049420335,True,0049420287,BJCA000148,0049420335,종로2정목 0024,
"경기도 경성부 중부 종로2정목외16정-007[관철동,인사동,관훈동,낙원동,경운동,운니동] - 종로2정목 0025",https://theme.archives.go.kr/next/acreage/viewCadastreDetail.do?typesub=Y&type=12&packid=0000508320&docid=0049889390&mngno=BJCA000148&want=0&formType=oldName&rtURL=,https://theme.archives.go.kr/viewer/common/archWebViewer.do?singleData=Y&archiveEventId=0049889390,True,0049420287,BJCA000148,0049889390,종로2정목 0025,
"경기도 경성부 중부 종로2정목외16정-007[관철동,인사동,관훈동,낙원동,경운동,운니동] - 종로2정목 0026",https://theme.archives.go.kr/next/acreage/viewCadastreDetail.do?typesub=Y&type=12&packid=0000508320&docid=0049889278&mngno=BJCA000148&want=0&formType=oldName&rtURL=,https://theme.archives.go.kr/viewer/common/archWebViewer.do?singleData=Y&archiveEventId=0049889278,True,0049420287,BJCA000148,0049889278,종로2정목 0026,
"경기도 경성부 중부 종로2정목외16정-007[관철동,인사동,관훈동,낙원동,경운동,운니동] - 종로2정목 0027",https://theme.archives.go.kr/next/acreage/viewCadastreDetail.do?typesub=Y&type=12&packid=0000508320&docid=0049420336&mngno=BJCA000148&want=0&formType=oldName&rtURL=,https://theme.archives.go.kr/viewer/common/archWebViewer.do?singleData=Y&archiveEventId=0049420336,True,0049420287,BJCA000148,0049420336,종로2정목 0027,
"경기도 경성부 중부 종로2정목외16정-007[관철동,인사동,관훈동,낙원동,경운동,운니동] - 종로2정목 0028",https://theme.archives.go.kr/next/acreage/viewCadastreDetail.do?typesub=Y&type=12&packid=0000508320&docid=0049420337&mngno=BJCA000148&want=0&formType=oldName&rtURL=,https://theme.archives.go.kr/viewer/common/archWebViewer.do?singleData=Y&archiveEventId=0049420337,True,0049420287,BJCA000148,0049420337,종로2정목 0028,
"경기도 경성부 중부 종로2정목외16정-007[관철동,인사동,관훈동,낙원동,경운동,운니동] - 종로2정목 0029",https://theme.archives.go.kr/next/acreage/viewCadastreDetail.do?typesub=Y&type=12&packid=0000508320&docid=0049889280&mngno=BJCA000148&want=0&formType=oldName&rtURL=,https://theme.archives.go.kr/viewer/common/archWebViewer.do?singleData=Y&archiveEventId=0049889280,True,0049420287,BJCA000148,0049889280,종로2정목 0029,
"경기도 경성부 중부 종로2정목외16정-007[관철동,인사동,관훈동,낙원동,경운동,운니동] - 종로2정목 0030",https://theme.archives.go.kr/next/acreage/viewCadastreDetail.do?typesub=Y&type=12&packid=0000508320&docid=0049420338&mngno=BJCA000148&want=0&formType=oldName&rtURL=,https://theme.archives.go.kr/viewer/common/archWebViewer.do?singleData=Y&archiveEventId=0049420338,True,0049420287,BJCA000148,0049420338,종로2정목 0030,
"경기도 경성부 중부 종로2정목외16정-007[관철동,인사동,관훈동,낙원동,경운동,운니동] - 종로2정목 0031",https://theme.archives.go.kr/next/acreage/viewCadastreDetail.do?typesub=Y&type=12&packid=0000508320&docid=0049420339&mngno=BJCA000148&want=0&formType=oldName&rtURL=,https://theme.archives.go.kr/viewer/common/archWebViewer.do?singleData=Y&archiveEventId=0049420339,True,0049420287,BJCA000148,0049420339,종로2정목 0031,
"경기도 경성부 중부 종로2정목외16정-007[관철동,인사동,관훈동,낙원동,경운동,운니동] - 종로2정목 0032",https://theme.archives.go.kr/next/acreage/viewCadastreDetail.do?typesub=Y&type=12&packid=0000508320&docid=0049889282&mngno=BJCA000148&want=0&formType=oldName&rtURL=,https://theme.archives.go.kr/viewer/common/archWebViewer.do?singleData=Y&archiveEventId=0049889282,True,0049420287,BJCA000148,0049889282,종로2정목 0032,
"경기도 경성부 중부 종로2정목외16정-007[관철동,인사동,관훈동,낙원동,경운동,운니동] - 종로2정목 0033",https://theme.archives.go.kr/next/acreage/viewCadastreDetail.do?typesub=Y&type=12&packid=0000508320&docid=0049745780&mngno=BJCA000148&want=0&formType=oldName&rtURL=,https://theme.archives.go.kr/viewer/common/archWebViewer.do?singleData=Y&archiveEventId=0049745780,True,0049420287,BJCA000148,0049745780,종로2정목 0033,
"경기도 경성부 중부 종로2정목외16정-007[관철동,인사동,관훈동,낙원동,경운동,운니동] - 종로2정목 0034",https://theme.archives.go.kr/next/acreage/viewCadastreDetail.do?typesub=Y&type=12&packid=0000508320&docid=0049420340&mngno=BJCA000148&want=0&formType=oldName&rtURL=,https://theme.archives.go.kr/viewer/common/archWebViewer.do?singleData=Y&archiveEventId=0049420340,True,0049420287,BJCA000148,0049420340,종로2정목 0034,
"경기도 경성부 중부 종로2정목외16정-007[관철동,인사동,관훈동,낙원동,경운동,운니동] - 종로2정목 0035",https://theme.archives.go.kr/next/acreage/viewCadastreDetail.do?typesub=Y&type=12&packid=0000508320&docid=0049420341&mngno=BJCA000148&want=0&formType=oldName&rtURL=,https://theme.archives.go.kr/viewer/common/archWebViewer.do?singleData=Y&archiveEventId=0049420341,True,0049420287,BJCA000148,0049420341,종로2정목 0035,
"경기도 경성부 중부 종로2정목외16정-007[관철동,인사동,관훈동,낙원동,경운동,운니동] - 종로2정목 0036",https://theme.archives.go.kr/next/acreage/viewCadastreDetail.do?typesub=Y&type=12&packid=0000508320&docid=0049889284&mngno=BJCA000148&want=0&formType=oldName&rtURL=,https://theme.archives.go.kr/viewer/common/archWebViewer.do?singleData=Y&archiveEventId=0049889284,True,0049420287,BJCA000148,0049889284,종로2정목 0036,
"경기도 경성부 중부 종로2정목외16정-007[관철동,인사동,관훈동,낙원동,경운동,운니동] - 종로2정목 0037",https://theme.archives.go.kr/next/acreage/viewCadastreDetail.do?typesub=Y&type=12&packid=0000508320&docid=0049420342&mngno=BJCA000148&want=0&formType=oldName&rtURL=,https://theme.archives.go.kr/viewer/common/archWebViewer.do?singleData=Y&archiveEventId=0049420342,True,0049420287,BJCA000148,0049420342,종로2정목 0037,
"경기도 경성부 중부 종로2정목외16정-007[관철동,인사동,관훈동,낙원동,경운동,운니동] - 종로2정목 0038",https://theme.archives.go.kr/next/acreage/viewCadastreDetail.do?typesub=Y&type=12&packid=0000508320&docid=0049420343&mngno=BJCA000148&want=0&formType=oldName&rtURL=,https://theme.archives.go.kr/viewer/common/archWebViewer.do?singleData=Y&archiveEventId=0049420343,True,0049420287,BJCA000148,0049420343,종로2정목 0038,
"경기도 경성부 중부 종로2정목외16정-007[관철동,인사동,관훈동,낙원동,경운동,운니동] - 종로2정목 0039",https://theme.archives.go.kr/next/acreage/viewCadastreDetail.do?typesub=Y&type=12&packid=0000508320&docid=0049889288&mngno=BJCA000148&want=0&formType=oldName&rtURL=,https://theme.archives.go.kr/viewer/common/archWebViewer.do?singleData=Y&archiveEventId=0049889288,True,0049420287,BJCA000148,0049889288,종로2정목 0039,
"경기도 경성부 중부 종로2정목외16정-007[관철동,인사동,관훈동,낙원동,경운동,운니동] - 종로2정목 0040",https://theme.archives.go.kr/next/acreage/viewCadastreDetail.do?typesub=Y&type=12&packid=0000508320&docid=0049889392&mngno=BJCA000148&want=0&formType=oldName&rtURL=,https://theme.archives.go.kr/viewer/common/archWebViewer.do?singleData=Y&archiveEventId=0049889392,True,0049420287,BJCA000148,0049889392,종로2정목 0040,
"경기도 경성부 중부 종로2정목외16정-007[관철동,인사동,관훈동,낙원동,경운동,운니동] - 종로2정목 0041",https://theme.archives.go.kr/next/acreage/viewCadastreDetail.do?typesub=Y&type=12&packid=0000508320&docid=0049420344&mngno=BJCA000148&want=0&formType=oldName&rtURL=,https://theme.archives.go.kr/viewer/common/archWebViewer.do?singleData=Y&archiveEventId=0049420344,True,0049420287,BJCA000148,0049420344,종로2정목 0041,
"경기도 경성부 중부 종로2정목외16정-007[관철동,인사동,관훈동,낙원동,경운동,운니동] - 종로2정목 0042",https://theme.archives.go.kr/next/acreage/viewCadastreDetail.do?typesub=Y&type=12&packid=0000508320&docid=0049420345&mngno=BJCA000148&want=0&formType=oldName&rtURL=,https://theme.archives.go.kr/viewer/common/archWebViewer.do?singleData=Y&archiveEventId=0049420345,True,0049420287,BJCA000148,0049420345,종로2정목 0042,
"경기도 경성부 중부 종로2정목외16정-007[관철동,인사동,관훈동,낙원동,경운동,운니동] - 종로2정목 0043",https://theme.archives.go.kr/next/acreage/viewCadastreDetail.do?typesub=Y&type=12&packid=0000508320&docid=0049889290&mngno=BJCA000148&want=0&formType=oldName&rtURL=,https://theme.archives.go.kr/viewer/common/archWebViewer.do?singleData=Y&archiveEventId=0049889290,True,0049420287,BJCA000148,0049889290,종로2정목 0043,
"경기도 경성부 중부 종로2정목외16정-007[관철동,인사동,관훈동,낙원동,경운동,운니동] - 종로2정목 0044",https://theme.archives.go.kr/next/acreage/viewCadastreDetail.do?typesub=Y&type=12&packid=0000508320&docid=0049420346&mngno=BJCA000148&want=0&formType=oldName&rtURL=,https://theme.archives.go.kr/viewer/common/archWebViewer.do?singleData=Y&archiveEventId=0049420346,True,0049420287,BJCA000148,0049420346,종로2정목 0044,
"경기도 경성부 중부 종로2정목외16정-008[관철동,인사동,관훈동,낙원동,경운동,운니동] - 관철동 0001",https://theme.archives.go.kr/next/acreage/viewCadastreDetail.do?typesub=Y&type=12&packid=0000508321&docid=0014177167&mngno=BJCA000149&want=0&formType=oldName&rtURL=,https://theme.archives.go.kr/viewer/common/archWebViewer.do?singleData=Y&archiveEventId=0014177167,True,0050237681,BJCA000149,0014177167,관철동 0001,src-0012
"경기도 경성부 중부 종로2정목외16정-008[관철동,인사동,관훈동,낙원동,경운동,운니동] - 관철동 0002",https://theme.archives.go.kr/next/acreage/viewCadastreDetail.do?typesub=Y&type=12&packid=0000508321&docid=0050576658&mngno=BJCA000149&want=0&formType=oldName&rtURL=,https://theme.archives.go.kr/viewer/common/archWebViewer.do?singleData=Y&archiveEventId=0050576658,True,0050237681,BJCA000149,0050576658,관철동 0002,
"경기도 경성부 중부 종로2정목외16정-008[관철동,인사동,관훈동,낙원동,경운동,운니동] - 관철동 0003",https://theme.archives.go.kr/next/acreage/viewCadastreDetail.do?typesub=Y&type=12&packid=0000508321&docid=0050237681&mngno=BJCA000149&want=0&formType=oldName&rtURL=,https://theme.archives.go.kr/viewer/common/archWebViewer.do?singleData=Y&archiveEventId=0050237681,True,0050237681,BJCA000149,0050237681,관철동 0003,
"경기도 경성부 중부 종로2정목외16정-008[관철동,인사동,관훈동,낙원동,경운동,운니동] - 관철동 0004",https://theme.archives.go.kr/next/acreage/viewCadastreDetail.do?typesub=Y&type=12&packid=0000508321&docid=0050237682&mngno=BJCA000149&want=0&formType=oldName&rtURL=,https://theme.archives.go.kr/viewer/common/archWebViewer.do?singleData=Y&archiveEventId=0050237682,True,0050237681,BJCA000149,0050237682,관철동 0004,
"경기도 경성부 중부 종로2정목외16정-008[관철동,인사동,관훈동,낙원동,경운동,운니동] - 관철동 0005",https://theme.archives.go.kr/next/acreage/viewCadastreDetail.do?typesub=Y&type=12&packid=0000508321&docid=0050576659&mngno=BJCA000149&want=0&formType=oldName&rtURL=,https://theme.archives.go.kr/viewer/common/archWebViewer.do?singleData=Y&archiveEventId=0050576659,True,0050237681,BJCA000149,0050576659,관철동 0005,
"경기도 경성부 중부 종로2정목외16정-008[관철동,인사동,관훈동,낙원동,경운동,운니동] - 관철동 0006",https://theme.archives.go.kr/next/acreage/viewCadastreDetail.do?typesub=Y&type=12&packid=0000508321&docid=0050576703&mngno=BJCA000149&want=0&formType=oldName&rtURL=,https://theme.archives.go.kr/viewer/common/archWebViewer.do?singleData=Y&archiveEventId=0050576703,True,0050237681,BJCA000149,0050576703,관철동 0006,
"경기도 경성부 중부 종로2정목외16정-008[관철동,인사동,관훈동,낙원동,경운동,운니동] - 관철동 0007",https://theme.archives.go.kr/next/acreage/viewCadastreDetail.do?typesub=Y&type=12&packid=0000508321&docid=0050237683&mngno=BJCA000149&want=0&formType=oldName&rtURL=,https://theme.archives.go.kr/viewer/common/archWebViewer.do?singleData=Y&archiveEventId=0050237683,True,0050237681,BJCA000149,0050237683,관철동 0007,
"경기도 경성부 중부 종로2정목외16정-008[관철동,인사동,관훈동,낙원동,경운동,운니동] - 관철동 0008",https://theme.archives.go.kr/next/acreage/viewCadastreDetail.do?typesub=Y&type=12&packid=0000508321&docid=0050237684&mngno=BJCA000149&want=0&formType=oldName&rtURL=,https://theme.archives.go.kr/viewer/common/archWebViewer.do?singleData=Y&archiveEventId=0050237684,True,0050237681,BJCA000149,0050237684,관철동 0008,
"경기도 경성부 중부 종로2정목외16정-008[관철동,인사동,관훈동,낙원동,경운동,운니동] - 관철동 0009",https://theme.archives.go.kr/next/acreage/viewCadastreDetail.do?typesub=Y&type=12&packid=0000508321&docid=0050576660&mngno=BJCA000149&want=0&formType=oldName&rtURL=,https://theme.archives.go.kr/viewer/common/archWebViewer.do?singleData=Y&archiveEventId=0050576660,True,0050237681,BJCA000149,0050576660,관철동 0009,
"경기도 경성부 중부 종로2정목외16정-008[관철동,인사동,관훈동,낙원동,경운동,운니동] - 관철동 0010",https://theme.archives.go.kr/next/acreage/viewCadastreDetail.do?typesub=Y&type=12&packid=0000508321&docid=0050237685&mngno=BJCA000149&want=0&formType=oldName&rtURL=,https://theme.archives.go.kr/viewer/common/archWebViewer.do?singleData=Y&archiveEventId=0050237685,True,0050237681,BJCA000149,0050237685,관철동 0010,
"경기도 경성부 중부 종로2정목외16정-008[관철동,인사동,관훈동,낙원동,경운동,운니동] - 관철동 0011",https://theme.archives.go.kr/next/acreage/viewCadastreDetail.do?typesub=Y&type=12&packid=0000508321&docid=0050237686&mngno=BJCA000149&want=0&formType=oldName&rtURL=,https://theme.archives.go.kr/viewer/common/archWebViewer.do?singleData=Y&archiveEventId=0050237686,True,0050237681,BJCA000149,0050237686,관철동 0011,
"경기도 경성부 중부 종로2정목외16정-008[관철동,인사동,관훈동,낙원동,경운동,운니동] - 관철동 0012",https://theme.archives.go.kr/next/acreage/viewCadastreDetail.do?typesub=Y&type=12&packid=0000508321&docid=0050237687&mngno=BJCA000149&want=0&formType=oldName&rtURL=,https://theme.archives.go.kr/viewer/common/archWebViewer.do?singleData=Y&archiveEventId=0050237687,True,0050237681,BJCA000149,0050237687,관철동 0012,
"경기도 경성부 중부 종로2정목외16정-008[관철동,인사동,관훈동,낙원동,경운동,운니동] - 관철동 0013",https://theme.archives.go.kr/next/acreage/viewCadastreDetail.do?typesub=Y&type=12&packid=0000508321&docid=0050576661&mngno=BJCA000149&want=0&formType=oldName&rtURL=,https://theme.archives.go.kr/viewer/common/archWebViewer.do?singleData=Y&archiveEventId=0050576661,True,0050237681,BJCA000149,0050576661,관철동 0013,
"경기도 경성부 중부 종로2정목외16정-008[관철동,인사동,관훈동,낙원동,경운동,운니동] - 관철동 0014",https://theme.archives.go.kr/next/acreage/viewCadastreDetail.do?typesub=Y&type=12&packid=0000508321&docid=0050237688&mngno=BJCA000149&want=0&formType=oldName&rtURL=,https://theme.archives.go.kr/viewer/common/archWebViewer.do?singleData=Y&archiveEventId=0050237688,True,0050237681,BJCA000149,0050237688,관철동 0014,
"경기도 경성부 중부 종로2정목외16정-008[관철동,인사동,관훈동,낙원동,경운동,운니동] - 관철동 0015",https://theme.archives.go.kr/next/acreage/viewCadastreDetail.do?typesub=Y&type=12&packid=0000508321&docid=0050237689&mngno=BJCA000149&want=0&formType=oldName&rtURL=,https://theme.archives.go.kr/viewer/common/archWebViewer.do?singleData=Y&archiveEventId=0050237689,True,0050237681,BJCA000149,0050237689,관철동 0015,
"경기도 경성부 중부 종로2정목외16정-008[관철동,인사동,관훈동,낙원동,경운동,운니동] - 관철동 0016",https://theme.archives.go.kr/next/acreage/viewCadastreDetail.do?typesub=Y&type=12&packid=0000508321&docid=0050576662&mngno=BJCA000149&want=0&formType=oldName&rtURL=,https://theme.archives.go.kr/viewer/common/archWebViewer.do?singleData=Y&archiveEventId=0050576662,True,0050237681,BJCA000149,0050576662,관철동 0016,
"경기도 경성부 중부 종로2정목외16정-008[관철동,인사동,관훈동,낙원동,경운동,운니동] - 관철동 0017",https://theme.archives.go.kr/next/acreage/viewCadastreDetail.do?typesub=Y&type=12&packid=0000508321&docid=0050237690&mngno=BJCA000149&want=0&formType=oldName&rtURL=,https://theme.archives.go.kr/viewer/common/archWebViewer.do?singleData=Y&archiveEventId=0050237690,True,0050237681,BJCA000149,0050237690,관철동 0017,
"경기도 경성부 중부 종로2정목외16정-008[관철동,인사동,관훈동,낙원동,경운동,운니동] - 관철동 0018",https://theme.archives.go.kr/next/acreage/viewCadastreDetail.do?typesub=Y&type=12&packid=0000508321&docid=0050237691&mngno=BJCA000149&want=0&formType=oldName&rtURL=,https://theme.archives.go.kr/viewer/common/archWebViewer.do?singleData=Y&archiveEventId=0050237691,True,0050237681,BJCA000149,0050237691,관철동 0018,
"경기도 경성부 중부 종로2정목외16정-008[관철동,인사동,관훈동,낙원동,경운동,운니동] - 관철동 0019",https://theme.archives.go.kr/next/acreage/viewCadastreDetail.do?typesub=Y&type=12&packid=0000508321&docid=0050576663&mngno=BJCA000149&want=0&formType=oldName&rtURL=,https://theme.archives.go.kr/viewer/common/archWebViewer.do?singleData=Y&archiveEventId=0050576663,True,0050237681,BJCA000149,0050576663,관철동 0019,
"경기도 경성부 중부 종로2정목외16정-008[관철동,인사동,관훈동,낙원동,경운동,운니동] - 관철동 0020",https://theme.archives.go.kr/next/acreage/viewCadastreDetail.do?typesub=Y&type=12&packid=0000508321&docid=0050237692&mngno=BJCA000149&want=0&formType=oldName&rtURL=,https://theme.archives.go.kr/viewer/common/archWebViewer.do?singleData=Y&archiveEventId=0050237692,True,0050237681,BJCA000149,0050237692,관철동 0020,
"경기도 경성부 중부 종로2정목외16정-008[관철동,인사동,관훈동,낙원동,경운동,운니동] - 관철동 0021",https://theme.archives.go.kr/next/acreage/viewCadastreDetail.do?typesub=Y&type=12&packid=0000508321&docid=0050237693&mngno=BJCA000149&want=0&formType=oldName&rtURL=,https://theme.archives.go.kr/viewer/common/archWebViewer.do?singleData=Y&archiveEventId=0050237693,True,0050237681,BJCA000149,0050237693,관철동 0021,
"경기도 경성부 중부 종로2정목외16정-008[관철동,인사동,관훈동,낙원동,경운동,운니동] - 관철동 0022",https://theme.archives.go.kr/next/acreage/viewCadastreDetail.do?typesub=Y&type=12&packid=0000508321&docid=0050576654&mngno=BJCA000149&want=0&formType=oldName&rtURL=,https://theme.archives.go.kr/viewer/common/archWebViewer.do?singleData=Y&archiveEventId=0050576654,True,0050237681,BJCA000149,0050576654,관철동 0022,
"경기도 경성부 중부 종로2정목외16정-008[관철동,인사동,관훈동,낙원동,경운동,운니동] - 관철동 0023",https://theme.archives.go.kr/next/acreage/viewCadastreDetail.do?typesub=Y&type=12&packid=0000508321&docid=0050576664&mngno=BJCA000149&want=0&formType=oldName&rtURL=,https://theme.archives.go.kr/viewer/common/archWebViewer.do?singleData=Y&archiveEventId=0050576664,True,0050237681,BJCA000149,0050576664,관철동 0023,
"경기도 경성부 중부 종로2정목외16정-008[관철동,인사동,관훈동,낙원동,경운동,운니동] - 관철동 0024",https://theme.archives.go.kr/next/acreage/viewCadastreDetail.do?typesub=Y&type=12&packid=0000508321&docid=0050237694&mngno=BJCA000149&want=0&formType=oldName&rtURL=,https://theme.archives.go.kr/viewer/common/archWebViewer.do?singleData=Y&archiveEventId=0050237694,True,0050237681,BJCA000149,0050237694,관철동 0024,
"경기도 경성부 중부 종로2정목외16정-008[관철동,인사동,관훈동,낙원동,경운동,운니동] - 관철동 0025",https://theme.archives.go.kr/next/acreage/viewCadastreDetail.do?typesub=Y&type=12&packid=0000508321&docid=0050237695&mngno=BJCA000149&want=0&formType=oldName&rtURL=,https://theme.archives.go.kr/viewer/common/archWebViewer.do?singleData=Y&archiveEventId=0050237695,True,0050237681,BJCA000149,0050237695,관철동 0025,
"경기도 경성부 중부 종로2정목외16정-008[관철동,인사동,관훈동,낙원동,경운동,운니동] - 관철동 0026",https://theme.archives.go.kr/next/acreage/viewCadastreDetail.do?typesub=Y&type=12&packid=0000508321&docid=0050576665&mngno=BJCA000149&want=0&formType=oldName&rtURL=,https://theme.archives.go.kr/viewer/common/archWebViewer.do?singleData=Y&archiveEventId=0050576665,True,0050237681,BJCA000149,0050576665,관철동 0026,
"경기도 경성부 중부 종로2정목외16정-008[관철동,인사동,관훈동,낙원동,경운동,운니동] - 관철동 0027",https://theme.archives.go.kr/next/acreage/viewCadastreDetail.do?typesub=Y&type=12&packid=0000508321&docid=0050237696&mngno=BJCA000149&want=0&formType=oldName&rtURL=,https://theme.archives.go.kr/viewer/common/archWebViewer.do?singleData=Y&archiveEventId=0050237696,True,0050237681,BJCA000149,0050237696,관철동 0027,
"경기도 경성부 중부 종로2정목외16정-008[관철동,인사동,관훈동,낙원동,경운동,운니동] - 관철동 0028",https://theme.archives.go.kr/next/acreage/viewCadastreDetail.do?typesub=Y&type=12&packid=0000508321&docid=0050237697&mngno=BJCA000149&want=0&formType=oldName&rtURL=,https://theme.archives.go.kr/viewer/common/archWebViewer.do?singleData=Y&archiveEventId=0050237697,True,0050237681,BJCA000149,0050237697,관철동 0028,
"경기도 경성부 중부 종로2정목외16정-008[관철동,인사동,관훈동,낙원동,경운동,운니동] - 관철동 0029",https://theme.archives.go.kr/next/acreage/viewCadastreDetail.do?typesub=Y&type=12&packid=0000508321&docid=0050576666&mngno=BJCA000149&want=0&formType=oldName&rtURL=,https://theme.archives.go.kr/viewer/common/archWebViewer.do?singleData=Y&archiveEventId=0050576666,True,0050237681,BJCA000149,0050576666,관철동 0029,
"경기도 경성부 중부 종로2정목외16정-008[관철동,인사동,관훈동,낙원동,경운동,운니동] - 관철동 0030",https://theme.archives.go.kr/next/acreage/viewCadastreDetail.do?typesub=Y&type=12&packid=0000508321&docid=0050237698&mngno=BJCA000149&want=0&formType=oldName&rtURL=,https://theme.archives.go.kr/viewer/common/archWebViewer.do?singleData=Y&archiveEventId=0050237698,True,0050237681,BJCA000149,0050237698,관철동 0030,
"경기도 경성부 중부 종로2정목외16정-008[관철동,인사동,관훈동,낙원동,경운동,운니동] - 관철동 0031",https://theme.archives.go.kr/next/acreage/viewCadastreDetail.do?typesub=Y&type=12&packid=0000508321&docid=0050237699&mngno=BJCA000149&want=0&formType=oldName&rtURL=,https://theme.archives.go.kr/viewer/common/archWebViewer.do?singleData=Y&archiveEventId=0050237699,True,0050237681,BJCA000149,0050237699,관철동 0031,
"경기도 경성부 중부 종로2정목외16정-008[관철동,인사동,관훈동,낙원동,경운동,운니동] - 관철동 0032",https://theme.archives.go.kr/next/acreage/viewCadastreDetail.do?typesub=Y&type=12&packid=0000508321&docid=0050576667&mngno=BJCA000149&want=0&formType=oldName&rtURL=,https://theme.archives.go.kr/viewer/common/archWebViewer.do?singleData=Y&archiveEventId=0050576667,True,0050237681,BJCA000149,0050576667,관철동 0032,
"경기도 경성부 중부 종로2정목외16정-008[관철동,인사동,관훈동,낙원동,경운동,운니동] - 관철동 0033",https://theme.archives.go.kr/next/acreage/viewCadastreDetail.do?typesub=Y&type=12&packid=0000508321&docid=0050237700&mngno=BJCA000149&want=0&formType=oldName&rtURL=,https://theme.archives.go.kr/viewer/common/archWebViewer.do?singleData=Y&archiveEventId=0050237700,True,0050237681,BJCA000149,0050237700,관철동 0033,
"경기도 경성부 중부 종로2정목외16정-008[관철동,인사동,관훈동,낙원동,경운동,운니동] - 관철동 0034",https://theme.archives.go.kr/next/acreage/viewCadastreDetail.do?typesub=Y&type=12&packid=0000508321&docid=0050237701&mngno=BJCA000149&want=0&formType=oldName&rtURL=,https://theme.archives.go.kr/viewer/common/archWebViewer.do?singleData=Y&archiveEventId=0050237701,True,0050237681,BJCA000149,0050237701,관철동 0034,
"경기도 경성부 중부 종로2정목외16정-008[관철동,인사동,관훈동,낙원동,경운동,운니동] - 관철동 0035",https://theme.archives.go.kr/next/acreage/viewCadastreDetail.do?typesub=Y&type=12&packid=0000508321&docid=0050576668&mngno=BJCA000149&want=0&formType=oldName&rtURL=,https://theme.archives.go.kr/viewer/common/archWebViewer.do?singleData=Y&archiveEventId=0050576668,True,0050237681,BJCA000149,0050576668,관철동 0035,
"경기도 경성부 중부 종로2정목외16정-008[관철동,인사동,관훈동,낙원동,경운동,운니동] - 관철동 0049",https://theme.archives.go.kr/next/acreage/viewCadastreDetail.do?typesub=Y&type=12&packid=0000508321&docid=0050237702&mngno=BJCA000149&want=0&formType=oldName&rtURL=,https://theme.archives.go.kr/viewer/common/archWebViewer.do?singleData=Y&archiveEventId=0050237702,True,0050237681,BJCA000149,0050237702,관철동 0049,
"경기도 경성부 중부 종로2정목외16정-008[관철동,인사동,관훈동,낙원동,경운동,운니동] - 관철동 0050",https://theme.archives.go.kr/next/acreage/viewCadastreDetail.do?typesub=Y&type=12&packid=0000508321&docid=0050576655&mngno=BJCA000149&want=0&formType=oldName&rtURL=,https://theme.archives.go.kr/viewer/common/archWebViewer.do?singleData=Y&archiveEventId=0050576655,True,0050237681,BJCA000149,0050576655,관철동 0050,
"경기도 경성부 중부 종로2정목외16정-008[관철동,인사동,관훈동,낙원동,경운동,운니동] - 관철동 0051",https://theme.archives.go.kr/next/acreage/viewCadastreDetail.do?typesub=Y&type=12&packid=0000508321&docid=0050237703&mngno=BJCA000149&want=0&formType=oldName&rtURL=,https://theme.archives.go.kr/viewer/common/archWebViewer.do?singleData=Y&archiveEventId=0050237703,True,0050237681,BJCA000149,0050237703,관철동 0051,
"경기도 경성부 중부 종로2정목외16정-008[관철동,인사동,관훈동,낙원동,경운동,운니동] - 관철동 0052",https://theme.archives.go.kr/next/acreage/viewCadastreDetail.do?typesub=Y&type=12&packid=0000508321&docid=0050576669&mngno=BJCA000149&want=0&formType=oldName&rtURL=,https://theme.archives.go.kr/viewer/common/archWebViewer.do?singleData=Y&archiveEventId=0050576669,True,0050237681,BJCA000149,0050576669,관철동 0052,
"경기도 경성부 중부 종로2정목외16정-008[관철동,인사동,관훈동,낙원동,경운동,운니동] - 관철동 0053",https://theme.archives.go.kr/next/acreage/viewCadastreDetail.do?typesub=Y&type=12&packid=0000508321&docid=0050576670&mngno=BJCA000149&want=0&formType=oldName&rtURL=,https://theme.archives.go.kr/viewer/common/archWebViewer.do?singleData=Y&archiveEventId=0050576670,True,0050237681,BJCA000149,0050576670,관철동 0053,
"경기도 경성부 중부 종로2정목외16정-008[관철동,인사동,관훈동,낙원동,경운동,운니동] - 관철동 0054",https://theme.archives.go.kr/next/acreage/viewCadastreDetail.do?typesub=Y&type=12&packid=0000508321&docid=0050237704&mngno=BJCA000149&want=0&formType=oldName&rtURL=,https://theme.archives.go.kr/viewer/common/archWebViewer.do?singleData=Y&archiveEventId=0050237704,True,0050237681,BJCA000149,0050237704,관철동 0054,
"경기도 경성부 중부 종로2정목외16정-008[관철동,인사동,관훈동,낙원동,경운동,운니동] - 관철동 0055",https://theme.archives.go.kr/next/acreage/viewCadastreDetail.do?typesub=Y&type=12&packid=0000508321&docid=0050237705&mngno=BJCA000149&want=0&formType=oldName&rtURL=,https://theme.archives.go.kr/viewer/common/archWebViewer.do?singleData=Y&archiveEventId=0050237705,True,0050237681,BJCA000149,0050237705,관철동 0055,
"경기도 경성부 중부 종로2정목외16정-008[관철동,인사동,관훈동,낙원동,경운동,운니동] - 관철동 0056",https://theme.archives.go.kr/next/acreage/viewCadastreDetail.do?typesub=Y&type=12&packid=0000508321&docid=0050576671&mngno=BJCA000149&want=0&formType=oldName&rtURL=,https://theme.archives.go.kr/viewer/common/archWebViewer.do?singleData=Y&archiveEventId=0050576671,True,0050237681,BJCA000149,0050576671,관철동 0056,
"경기도 경성부 중부 종로2정목외16정-008[관철동,인사동,관훈동,낙원동,경운동,운니동] - 관철동 0057",https://theme.archives.go.kr/next/acreage/viewCadastreDetail.do?typesub=Y&type=12&packid=0000508321&docid=0050237706&mngno=BJCA000149&want=0&formType=oldName&rtURL=,https://theme.archives.go.kr/viewer/common/archWebViewer.do?singleData=Y&archiveEventId=0050237706,True,0050237681,BJCA000149,0050237706,관철동 0057,
"경기도 경성부 중부 종로2정목외16정-008[관철동,인사동,관훈동,낙원동,경운동,운니동] - 관철동 0058",https://theme.archives.go.kr/next/acreage/viewCadastreDetail.do?typesub=Y&type=12&packid=0000508321&docid=0050237707&mngno=BJCA000149&want=0&formType=oldName&rtURL=,https://theme.archives.go.kr/viewer/common/archWebViewer.do?singleData=Y&archiveEventId=0050237707,True,0050237681,BJCA000149,0050237707,관철동 0058,
"경기도 경성부 중부 종로2정목외16정-008[관철동,인사동,관훈동,낙원동,경운동,운니동] - 관철동 0059",https://theme.archives.go.kr/next/acreage/viewCadastreDetail.do?typesub=Y&type=12&packid=0000508321&docid=0050576672&mngno=BJCA000149&want=0&formType=oldName&rtURL=,https://theme.archives.go.kr/viewer/common/archWebViewer.do?singleData=Y&archiveEventId=0050576672,True,0050237681,BJCA000149,0050576672,관철동 0059,
"경기도 경성부 중부 종로2정목외16정-008[관철동,인사동,관훈동,낙원동,경운동,운니동] - 관철동 0060",https://theme.archives.go.kr/next/acreage/viewCadastreDetail.do?typesub=Y&type=12&packid=0000508321&docid=0050477744&mngno=BJCA000149&want=0&formType=oldName&rtURL=,https://theme.archives.go.kr/viewer/common/archWebViewer.do?singleData=Y&archiveEventId=0050477744,True,0050237681,BJCA000149,0050477744,관철동 0060,
"경기도 경성부 중부 종로2정목외16정-008[관철동,인사동,관훈동,낙원동,경운동,운니동] - 관철동 0061",https://theme.archives.go.kr/next/acreage/viewCadastreDetail.do?typesub=Y&type=12&packid=0000508321&docid=0050237708&mngno=BJCA000149&want=0&formType=oldName&rtURL=,https://theme.archives.go.kr/viewer/common/archWebViewer.do?singleData=Y&archiveEventId=0050237708,True,0050237681,BJCA000149,0050237708,관철동 0061,
"경기도 경성부 중부 종로2정목외16정-008[관철동,인사동,관훈동,낙원동,경운동,운니동] - 관철동 0062",https://theme.archives.go.kr/next/acreage/viewCadastreDetail.do?typesub=Y&type=12&packid=0000508321&docid=0050237709&mngno=BJCA000149&want=0&formType=oldName&rtURL=,https://theme.archives.go.kr/viewer/common/archWebViewer.do?singleData=Y&archiveEventId=0050237709,True,0050237681,BJCA000149,0050237709,관철동 0062,
"경기도 경성부 중부 종로2정목외16정-008[관철동,인사동,관훈동,낙원동,경운동,운니동] - 관철동 0063",https://theme.archives.go.kr/next/acreage/viewCadastreDetail.do?typesub=Y&type=12&packid=0000508321&docid=0050576673&mngno=BJCA000149&want=0&formType=oldName&rtURL=,https://theme.archives.go.kr/viewer/common/archWebViewer.do?singleData=Y&archiveEventId=0050576673,True,0050237681,BJCA000149,0050576673,관철동 0063,
"경기도 경성부 중부 종로2정목외16정-008[관철동,인사동,관훈동,낙원동,경운동,운니동] - 관철동 0064",https://theme.archives.go.kr/next/acreage/viewCadastreDetail.do?typesub=Y&type=12&packid=0000508321&docid=0050237710&mngno=BJCA000149&want=0&formType=oldName&rtURL=,https://theme.archives.go.kr/viewer/common/archWebViewer.do?singleData=Y&archiveEventId=0050237710,True,0050237681,BJCA000149,0050237710,관철동 0064,
"경기도 경성부 중부 종로2정목외16정-008[관철동,인사동,관훈동,낙원동,경운동,운니동] - 관철동 0065",https://theme.archives.go.kr/next/acreage/viewCadastreDetail.do?typesub=Y&type=12&packid=0000508321&docid=0050237711&mngno=BJCA000149&want=0&formType=oldName&rtURL=,https://theme.archives.go.kr/viewer/common/archWebViewer.do?singleData=Y&archiveEventId=0050237711,True,0050237681,BJCA000149,0050237711,관철동 0065,
"경기도 경성부 중부 종로2정목외16정-008[관철동,인사동,관훈동,낙원동,경운동,운니동] - 관철동 0066",https://theme.archives.go.kr/next/acreage/viewCadastreDetail.do?typesub=Y&type=12&packid=0000508321&docid=0050576674&mngno=BJCA000149&want=0&formType=oldName&rtURL=,https://theme.archives.go.kr/viewer/common/archWebViewer.do?singleData=Y&archiveEventId=0050576674,True,0050237681,BJCA000149,0050576674,관철동 0066,
"경기도 경성부 중부 종로2정목외16정-008[관철동,인사동,관훈동,낙원동,경운동,운니동] - 관철동 0067",https://theme.archives.go.kr/next/acreage/viewCadastreDetail.do?typesub=Y&type=12&packid=0000508321&docid=0050237712&mngno=BJCA000149&want=0&formType=oldName&rtURL=,https://theme.archives.go.kr/viewer/common/archWebViewer.do?singleData=Y&archiveEventId=0050237712,True,0050237681,BJCA000149,0050237712,관철동 0067,
"경기도 경성부 중부 종로2정목외16정-008[관철동,인사동,관훈동,낙원동,경운동,운니동] - 관철동 0068",https://theme.archives.go.kr/next/acreage/viewCadastreDetail.do?typesub=Y&type=12&packid=0000508321&docid=0050237713&mngno=BJCA000149&want=0&formType=oldName&rtURL=,https://theme.archives.go.kr/viewer/common/archWebViewer.do?singleData=Y&archiveEventId=0050237713,True,0050237681,BJCA000149,0050237713,관철동 0068,
"경기도 경성부 중부 종로2정목외16정-008[관철동,인사동,관훈동,낙원동,경운동,운니동] - 관철동 0069",https://theme.archives.go.kr/next/acreage/viewCadastreDetail.do?typesub=Y&type=12&packid=0000508321&docid=0050576675&mngno=BJCA000149&want=0&formType=oldName&rtURL=,https://theme.archives.go.kr/viewer/common/archWebViewer.do?singleData=Y&archiveEventId=0050576675,True,0050237681,BJCA000149,0050576675,관철동 0069,
"경기도 경성부 중부 종로2정목외16정-008[관철동,인사동,관훈동,낙원동,경운동,운니동] - 관철동 0070",https://theme.archives.go.kr/next/acreage/viewCadastreDetail.do?typesub=Y&type=12&packid=0000508321&docid=0050237714&mngno=BJCA000149&want=0&formType=oldName&rtURL=,https://theme.archives.go.kr/viewer/common/archWebViewer.do?singleData=Y&archiveEventId=0050237714,True,0050237681,BJCA000149,0050237714,관철동 0070,
"경기도 경성부 중부 종로2정목외16정-008[관철동,인사동,관훈동,낙원동,경운동,운니동] - 관철동 0071",https://theme.archives.go.kr/next/acreage/viewCadastreDetail.do?typesub=Y&type=12&packid=0000508321&docid=0050237715&mngno=BJCA000149&want=0&formType=oldName&rtURL=,https://theme.archives.go.kr/viewer/common/archWebViewer.do?singleData=Y&archiveEventId=0050237715,True,0050237681,BJCA000149,0050237715,관철동 0071,
"경기도 경성부 중부 종로2정목외16정-008[관철동,인사동,관훈동,낙원동,경운동,운니동] - 관철동 0072",https://theme.archives.go.kr/next/acreage/viewCadastreDetail.do?typesub=Y&type=12&packid=0000508321&docid=0050576676&mngno=BJCA000149&want=0&formType=oldName&rtURL=,https://theme.archives.go.kr/viewer/common/archWebViewer.do?singleData=Y&archiveEventId=0050576676,True,0050237681,BJCA000149,0050576676,관철동 0072,
"경기도 경성부 중부 종로2정목외16정-008[관철동,인사동,관훈동,낙원동,경운동,운니동] - 관철동 0073",https://theme.archives.go.kr/next/acreage/viewCadastreDetail.do?typesub=Y&type=12&packid=0000508321&docid=0050237716&mngno=BJCA000149&want=0&formType=oldName&rtURL=,https://theme.archives.go.kr/viewer/common/archWebViewer.do?singleData=Y&archiveEventId=0050237716,True,0050237681,BJCA000149,0050237716,관철동 0073,
"경기도 경성부 중부 종로2정목외16정-008[관철동,인사동,관훈동,낙원동,경운동,운니동] - 관철동 0074",https://theme.archives.go.kr/next/acreage/viewCadastreDetail.do?typesub=Y&type=12&packid=0000508321&docid=0050237717&mngno=BJCA000149&want=0&formType=oldName&rtURL=,https://theme.archives.go.kr/viewer/common/archWebViewer.do?singleData=Y&archiveEventId=0050237717,True,0050237681,BJCA000149,0050237717,관철동 0074,
"경기도 경성부 중부 종로2정목외16정-008[관철동,인사동,관훈동,낙원동,경운동,운니동] - 관철동 0075",https://theme.archives.go.kr/next/acreage/viewCadastreDetail.do?typesub=Y&type=12&packid=0000508321&docid=0050576677&mngno=BJCA000149&want=0&formType=oldName&rtURL=,https://theme.archives.go.kr/viewer/common/archWebViewer.do?singleData=Y&archiveEventId=0050576677,True,0050237681,BJCA000149,0050576677,관철동 0075,
"경기도 경성부 중부 종로2정목외16정-008[관철동,인사동,관훈동,낙원동,경운동,운니동] - 관철동 0076",https://theme.archives.go.kr/next/acreage/viewCadastreDetail.do?typesub=Y&type=12&packid=0000508321&docid=0050237718&mngno=BJCA000149&want=0&formType=oldName&rtURL=,https://theme.archives.go.kr/viewer/common/archWebViewer.do?singleData=Y&archiveEventId=0050237718,True,0050237681,BJCA000149,0050237718,관철동 0076,
"경기도 경성부 중부 종로2정목외16정-008[관철동,인사동,관훈동,낙원동,경운동,운니동] - 관철동 0077",https://theme.archives.go.kr/next/acreage/viewCadastreDetail.do?typesub=Y&type=12&packid=0000508321&docid=0050237719&mngno=BJCA000149&want=0&formType=oldName&rtURL=,https://theme.archives.go.kr/viewer/common/archWebViewer.do?singleData=Y&archiveEventId=0050237719,True,0050237681,BJCA000149,0050237719,관철동 0077,
"경기도 경성부 중부 종로2정목외16정-008[관철동,인사동,관훈동,낙원동,경운동,운니동] - 관철동 0078",https://theme.archives.go.kr/next/acreage/viewCadastreDetail.do?typesub=Y&type=12&packid=0000508321&docid=0050576678&mngno=BJCA000149&want=0&formType=oldName&rtURL=,https://theme.archives.go.kr/viewer/common/archWebViewer.do?singleData=Y&archiveEventId=0050576678,True,0050237681,BJCA000149,0050576678,관철동 0078,
"경기도 경성부 중부 종로2정목외16정-008[관철동,인사동,관훈동,낙원동,경운동,운니동] - 관철동 0079",https://theme.archives.go.kr/next/acreage/viewCadastreDetail.do?typesub=Y&type=12&packid=0000508321&docid=0050237720&mngno=BJCA000149&want=0&formType=oldName&rtURL=,https://theme.archives.go.kr/viewer/common/archWebViewer.do?singleData=Y&archiveEventId=0050237720,True,0050237681,BJCA000149,0050237720,관철동 0079,
"경기도 경성부 중부 종로2정목외16정-008[관철동,인사동,관훈동,낙원동,경운동,운니동] - 관철동 0080",https://theme.archives.go.kr/next/acreage/viewCadastreDetail.do?typesub=Y&type=12&packid=0000508321&docid=0050237721&mngno=BJCA000149&want=0&formType=oldName&rtURL=,https://theme.archives.go.kr/viewer/common/archWebViewer.do?singleData=Y&archiveEventId=0050237721,True,0050237681,BJCA000149,0050237721,관철동 0080,
"경기도 경성부 중부 종로2정목외16정-008[관철동,인사동,관훈동,낙원동,경운동,운니동] - 관철동 0081",https://theme.archives.go.kr/next/acreage/viewCadastreDetail.do?typesub=Y&type=12&packid=0000508321&docid=0050576628&mngno=BJCA000149&want=0&formType=oldName&rtURL=,https://theme.archives.go.kr/viewer/common/archWebViewer.do?singleData=Y&archiveEventId=0050576628,True,0050237681,BJCA000149,0050576628,관철동 0081,
"경기도 경성부 중부 종로2정목외16정-008[관철동,인사동,관훈동,낙원동,경운동,운니동] - 관철동 0082",https://theme.archives.go.kr/next/acreage/viewCadastreDetail.do?typesub=Y&type=12&packid=0000508321&docid=0050237722&mngno=BJCA000149&want=0&formType=oldName&rtURL=,https://theme.archives.go.kr/viewer/common/archWebViewer.do?singleData=Y&archiveEventId=0050237722,True,0050237681,BJCA000149,0050237722,관철동 0082,
"경기도 경성부 중부 종로2정목외16정-008[관철동,인사동,관훈동,낙원동,경운동,운니동] - 관철동 0083",https://theme.archives.go.kr/next/acreage/viewCadastreDetail.do?typesub=Y&type=12&packid=0000508321&docid=0050237723&mngno=BJCA000149&want=0&formType=oldName&rtURL=,https://theme.archives.go.kr/viewer/common/archWebViewer.do?singleData=Y&archiveEventId=0050237723,True,0050237681,BJCA000149,0050237723,관철동 0083,
"경기도 경성부 중부 종로2정목외16정-008[관철동,인사동,관훈동,낙원동,경운동,운니동] - 관철동 0084",https://theme.archives.go.kr/next/acreage/viewCadastreDetail.do?typesub=Y&type=12&packid=0000508321&docid=0050576629&mngno=BJCA000149&want=0&formType=oldName&rtURL=,https://theme.archives.go.kr/viewer/common/archWebViewer.do?singleData=Y&archiveEventId=0050576629,True,0050237681,BJCA000149,0050576629,관철동 0084,
"경기도 경성부 중부 종로2정목외16정-008[관철동,인사동,관훈동,낙원동,경운동,운니동] - 관철동 0085",https://theme.archives.go.kr/next/acreage/viewCadastreDetail.do?typesub=Y&type=12&packid=0000508321&docid=0050237724&mngno=BJCA000149&want=0&formType=oldName&rtURL=,https://theme.archives.go.kr/viewer/common/archWebViewer.do?singleData=Y&archiveEventId=0050237724,True,0050237681,BJCA000149,0050237724,관철동 0085,
"경기도 경성부 중부 종로2정목외16정-008[관철동,인사동,관훈동,낙원동,경운동,운니동] - 관철동 0086",https://theme.archives.go.kr/next/acreage/viewCadastreDetail.do?typesub=Y&type=12&packid=0000508321&docid=0050237725&mngno=BJCA000149&want=0&formType=oldName&rtURL=,https://theme.archives.go.kr/viewer/common/archWebViewer.do?singleData=Y&archiveEventId=0050237725,True,0050237681,BJCA000149,0050237725,관철동 0086,
"경기도 경성부 중부 종로2정목외16정-008[관철동,인사동,관훈동,낙원동,경운동,운니동] - 관철동 0087",https://theme.archives.go.kr/next/acreage/viewCadastreDetail.do?typesub=Y&type=12&packid=0000508321&docid=0050576630&mngno=BJCA000149&want=0&formType=oldName&rtURL=,https://theme.archives.go.kr/viewer/common/archWebViewer.do?singleData=Y&archiveEventId=0050576630,True,0050237681,BJCA000149,0050576630,관철동 0087,
"경기도 경성부 중부 종로2정목외16정-008[관철동,인사동,관훈동,낙원동,경운동,운니동] - 관철동 0088",https://theme.archives.go.kr/next/acreage/viewCadastreDetail.do?typesub=Y&type=12&packid=0000508321&docid=0050237726&mngno=BJCA000149&want=0&formType=oldName&rtURL=,https://theme.archives.go.kr/viewer/common/archWebViewer.do?singleData=Y&archiveEventId=0050237726,True,0050237681,BJCA000149,0050237726,관철동 0088,
"경기도 경성부 중부 종로2정목외16정-008[관철동,인사동,관훈동,낙원동,경운동,운니동] - 관철동 0089",https://theme.archives.go.kr/next/acreage/viewCadastreDetail.do?typesub=Y&type=12&packid=0000508321&docid=0050576656&mngno=BJCA000149&want=0&formType=oldName&rtURL=,https://theme.archives.go.kr/viewer/common/archWebViewer.do?singleData=Y&archiveEventId=0050576656,True,0050237681,BJCA000149,0050576656,관철동 0089,
"경기도 경성부 중부 종로2정목외16정-008[관철동,인사동,관훈동,낙원동,경운동,운니동] - 관철동 0115",https://theme.archives.go.kr/next/acreage/viewCadastreDetail.do?typesub=Y&type=12&packid=0000508321&docid=0050237727&mngno=BJCA000149&want=0&formType=oldName&rtURL=,https://theme.archives.go.kr/viewer/common/archWebViewer.do?singleData=Y&archiveEventId=0050237727,True,0050237681,BJCA000149,0050237727,관철동 0115,
"경기도 경성부 중부 종로2정목외16정-008[관철동,인사동,관훈동,낙원동,경운동,운니동] - 관철동 0133",https://theme.archives.go.kr/next/acreage/viewCadastreDetail.do?typesub=Y&type=12&packid=0000508321&docid=0050237728&mngno=BJCA000149&want=0&formType=oldName&rtURL=,https://theme.archives.go.kr/viewer/common/archWebViewer.do?singleData=Y&archiveEventId=0050237728,True,0050237681,BJCA000149,0050237728,관철동 0133,
"경기도 경성부 중부 종로2정목외16정-008[관철동,인사동,관훈동,낙원동,경운동,운니동] - 관철동 0134",https://theme.archives.go.kr/next/acreage/viewCadastreDetail.do?typesub=Y&type=12&packid=0000508321&docid=0050576631&mngno=BJCA000149&want=0&formType=oldName&rtURL=,https://theme.archives.go.kr/viewer/common/archWebViewer.do?singleData=Y&archiveEventId=0050576631,True,0050237681,BJCA000149,0050576631,관철동 0134,
"경기도 경성부 중부 종로2정목외16정-008[관철동,인사동,관훈동,낙원동,경운동,운니동] - 관철동 0135",https://theme.archives.go.kr/next/acreage/viewCadastreDetail.do?typesub=Y&type=12&packid=0000508321&docid=0050237729&mngno=BJCA000149&want=0&formType=oldName&rtURL=,https://theme.archives.go.kr/viewer/common/archWebViewer.do?singleData=Y&archiveEventId=0050237729,True,0050237681,BJCA000149,0050237729,관철동 0135,
"경기도 경성부 중부 종로2정목외16정-008[관철동,인사동,관훈동,낙원동,경운동,운니동] - 관철동 0136",https://theme.archives.go.kr/next/acreage/viewCadastreDetail.do?typesub=Y&type=12&packid=0000508321&docid=0050237730&mngno=BJCA000149&want=0&formType=oldName&rtURL=,https://theme.archives.go.kr/viewer/common/archWebViewer.do?singleData=Y&archiveEventId=0050237730,True,0050237681,BJCA000149,0050237730,관철동 0136,
"경기도 경성부 중부 종로2정목외16정-008[관철동,인사동,관훈동,낙원동,경운동,운니동] - 관철동 0137",https://theme.archives.go.kr/next/acreage/viewCadastreDetail.do?typesub=Y&type=12&packid=0000508321&docid=0050576632&mngno=BJCA000149&want=0&formType=oldName&rtURL=,https://theme.archives.go.kr/viewer/common/archWebViewer.do?singleData=Y&archiveEventId=0050576632,True,0050237681,BJCA000149,0050576632,관철동 0137,
"경기도 경성부 중부 종로2정목외16정-008[관철동,인사동,관훈동,낙원동,경운동,운니동] - 관철동 0138",https://theme.archives.go.kr/next/acreage/viewCadastreDetail.do?typesub=Y&type=12&packid=0000508321&docid=0050237731&mngno=BJCA000149&want=0&formType=oldName&rtURL=,https://theme.archives.go.kr/viewer/common/archWebViewer.do?singleData=Y&archiveEventId=0050237731,True,0050237681,BJCA000149,0050237731,관철동 0138,
"경기도 경성부 중부 종로2정목외16정-008[관철동,인사동,관훈동,낙원동,경운동,운니동] - 관철동 0139",https://theme.archives.go.kr/next/acreage/viewCadastreDetail.do?typesub=Y&type=12&packid=0000508321&docid=0050237732&mngno=BJCA000149&want=0&formType=oldName&rtURL=,https://theme.archives.go.kr/viewer/common/archWebViewer.do?singleData=Y&archiveEventId=0050237732,True,0050237681,BJCA000149,0050237732,관철동 0139,
"경기도 경성부 중부 종로2정목외16정-008[관철동,인사동,관훈동,낙원동,경운동,운니동] - 관철동 0140",https://theme.archives.go.kr/next/acreage/viewCadastreDetail.do?typesub=Y&type=12&packid=0000508321&docid=0050576633&mngno=BJCA000149&want=0&formType=oldName&rtURL=,https://theme.archives.go.kr/viewer/common/archWebViewer.do?singleData=Y&archiveEventId=0050576633,True,0050237681,BJCA000149,0050576633,관철동 0140,
"경기도 경성부 중부 종로2정목외16정-008[관철동,인사동,관훈동,낙원동,경운동,운니동] - 관철동 0141",https://theme.archives.go.kr/next/acreage/viewCadastreDetail.do?typesub=Y&type=12&packid=0000508321&docid=0050237733&mngno=BJCA000149&want=0&formType=oldName&rtURL=,https://theme.archives.go.kr/viewer/common/archWebViewer.do?singleData=Y&archiveEventId=0050237733,True,0050237681,BJCA000149,0050237733,관철동 0141,
"경기도 경성부 중부 종로2정목외16정-008[관철동,인사동,관훈동,낙원동,경운동,운니동] - 종로2정목 0045",https://theme.archives.go.kr/next/acreage/viewCadastreDetail.do?typesub=Y&type=12&packid=0000508321&docid=0050576634&mngno=BJCA000149&want=0&formType=oldName&rtURL=,https://theme.archives.go.kr/viewer/common/archWebViewer.do?singleData=Y&archiveEventId=0050576634,True,0050237681,BJCA000149,0050576634,종로2정목 0045,
"경기도 경성부 중부 종로2정목외16정-008[관철동,인사동,관훈동,낙원동,경운동,운니동] - 종로2정목 0046",https://theme.archives.go.kr/next/acreage/viewCadastreDetail.do?typesub=Y&type=12&packid=0000508321&docid=0050237734&mngno=BJCA000149&want=0&formType=oldName&rtURL=,https://theme.archives.go.kr/viewer/common/archWebViewer.do?singleData=Y&archiveEventId=0050237734,True,0050237681,BJCA000149,0050237734,종로2정목 0046,
"경기도 경성부 중부 종로2정목외16정-008[관철동,인사동,관훈동,낙원동,경운동,운니동] - 종로2정목 0047",https://theme.archives.go.kr/next/acreage/viewCadastreDetail.do?typesub=Y&type=12&packid=0000508321&docid=0050237735&mngno=BJCA000149&want=0&formType=oldName&rtURL=,https://theme.archives.go.kr/viewer/common/archWebViewer.do?singleData=Y&archiveEventId=0050237735,True,0050237681,BJCA000149,0050237735,종로2정목 0047,
"경기도 경성부 중부 종로2정목외16정-008[관철동,인사동,관훈동,낙원동,경운동,운니동] - 종로2정목 0048",https://theme.archives.go.kr/next/acreage/viewCadastreDetail.do?typesub=Y&type=12&packid=0000508321&docid=0050576635&mngno=BJCA000149&want=0&formType=oldName&rtURL=,https://theme.archives.go.kr/viewer/common/archWebViewer.do?singleData=Y&archiveEventId=0050576635,True,0050237681,BJCA000149,0050576635,종로2정목 0048,
"경기도 경성부 중부 종로2정목외16정-008[관철동,인사동,관훈동,낙원동,경운동,운니동] - 종로2정목 0049",https://theme.archives.go.kr/next/acreage/viewCadastreDetail.do?typesub=Y&type=12&packid=0000508321&docid=0050237736&mngno=BJCA000149&want=0&formType=oldName&rtURL=,https://theme.archives.go.kr/viewer/common/archWebViewer.do?singleData=Y&archiveEventId=0050237736,True,0050237681,BJCA000149,0050237736,종로2정목 0049,
"경기도 경성부 중부 종로2정목외16정-008[관철동,인사동,관훈동,낙원동,경운동,운니동] - 종로2정목 0050",https://theme.archives.go.kr/next/acreage/viewCadastreDetail.do?typesub=Y&type=12&packid=0000508321&docid=0050237737&mngno=BJCA000149&want=0&formType=oldName&rtURL=,https://theme.archives.go.kr/viewer/common/archWebViewer.do?singleData=Y&archiveEventId=0050237737,True,0050237681,BJCA000149,0050237737,종로2정목 0050,
"경기도 경성부 중부 종로2정목외16정-008[관철동,인사동,관훈동,낙원동,경운동,운니동] - 종로2정목 0051",https://theme.archives.go.kr/next/acreage/viewCadastreDetail.do?typesub=Y&type=12&packid=0000508321&docid=0050576636&mngno=BJCA000149&want=0&formType=oldName&rtURL=,https://theme.archives.go.kr/viewer/common/archWebViewer.do?singleData=Y&archiveEventId=0050576636,True,0050237681,BJCA000149,0050576636,종로2정목 0051,
"경기도 경성부 중부 종로2정목외16정-008[관철동,인사동,관훈동,낙원동,경운동,운니동] - 종로2정목 0052",https://theme.archives.go.kr/next/acreage/viewCadastreDetail.do?typesub=Y&type=12&packid=0000508321&docid=0050237738&mngno=BJCA000149&want=0&formType=oldName&rtURL=,https://theme.archives.go.kr/viewer/common/archWebViewer.do?singleData=Y&archiveEventId=0050237738,True,0050237681,BJCA000149,0050237738,종로2정목 0052,
"경기도 경성부 중부 종로2정목외16정-008[관철동,인사동,관훈동,낙원동,경운동,운니동] - 종로2정목 0053",https://theme.archives.go.kr/next/acreage/viewCadastreDetail.do?typesub=Y&type=12&packid=0000508321&docid=0050237739&mngno=BJCA000149&want=0&formType=oldName&rtURL=,https://theme.archives.go.kr/viewer/common/archWebViewer.do?singleData=Y&archiveEventId=0050237739,True,0050237681,BJCA000149,0050237739,종로2정목 0053,
"경기도 경성부 중부 종로2정목외16정-008[관철동,인사동,관훈동,낙원동,경운동,운니동] - 종로2정목 0054",https://theme.archives.go.kr/next/acreage/viewCadastreDetail.do?typesub=Y&type=12&packid=0000508321&docid=0050576637&mngno=BJCA000149&want=0&formType=oldName&rtURL=,https://theme.archives.go.kr/viewer/common/archWebViewer.do?singleData=Y&archiveEventId=0050576637,True,0050237681,BJCA000149,0050576637,종로2정목 0054,
"경기도 경성부 중부 종로2정목외16정-008[관철동,인사동,관훈동,낙원동,경운동,운니동] - 종로2정목 0055",https://theme.archives.go.kr/next/acreage/viewCadastreDetail.do?typesub=Y&type=12&packid=0000508321&docid=0050237740&mngno=BJCA000149&want=0&formType=oldName&rtURL=,https://theme.archives.go.kr/viewer/common/archWebViewer.do?singleData=Y&archiveEventId=0050237740,True,0050237681,BJCA000149,0050237740,종로2정목 0055,
"경기도 경성부 중부 종로2정목외16정-008[관철동,인사동,관훈동,낙원동,경운동,운니동] - 종로2정목 0056",https://theme.archives.go.kr/next/acreage/viewCadastreDetail.do?typesub=Y&type=12&packid=0000508321&docid=0050237741&mngno=BJCA000149&want=0&formType=oldName&rtURL=,https://theme.archives.go.kr/viewer/common/archWebViewer.do?singleData=Y&archiveEventId=0050237741,True,0050237681,BJCA000149,0050237741,종로2정목 0056,
"경기도 경성부 중부 종로2정목외16정-008[관철동,인사동,관훈동,낙원동,경운동,운니동] - 종로2정목 0057",https://theme.archives.go.kr/next/acreage/viewCadastreDetail.do?typesub=Y&type=12&packid=0000508321&docid=0050237742&mngno=BJCA000149&want=0&formType=oldName&rtURL=,https://theme.archives.go.kr/viewer/common/archWebViewer.do?singleData=Y&archiveEventId=0050237742,True,0050237681,BJCA000149,0050237742,종로2정목 0057,
"경기도 경성부 중부 종로2정목외16정-008[관철동,인사동,관훈동,낙원동,경운동,운니동] - 종로2정목 0058",https://theme.archives.go.kr/next/acreage/viewCadastreDetail.do?typesub=Y&type=12&packid=0000508321&docid=0050576638&mngno=BJCA000149&want=0&formType=oldName&rtURL=,https://theme.archives.go.kr/viewer/common/archWebViewer.do?singleData=Y&archiveEventId=0050576638,True,0050237681,BJCA000149,0050576638,종로2정목 0058,
"경기도 경성부 중부 종로2정목외16정-008[관철동,인사동,관훈동,낙원동,경운동,운니동] - 종로2정목 0059",https://theme.archives.go.kr/next/acreage/viewCadastreDetail.do?typesub=Y&type=12&packid=0000508321&docid=0050237743&mngno=BJCA000149&want=0&formType=oldName&rtURL=,https://theme.archives.go.kr/viewer/common/archWebViewer.do?singleData=Y&archiveEventId=0050237743,True,0050237681,BJCA000149,0050237743,종로2정목 0059,
"경기도 경성부 중부 종로2정목외16정-008[관철동,인사동,관훈동,낙원동,경운동,운니동] - 종로2정목 0060",https://theme.archives.go.kr/next/acreage/viewCadastreDetail.do?typesub=Y&type=12&packid=0000508321&docid=0050237744&mngno=BJCA000149&want=0&formType=oldName&rtURL=,https://theme.archives.go.kr/viewer/common/archWebViewer.do?singleData=Y&archiveEventId=0050237744,True,0050237681,BJCA000149,0050237744,종로2정목 0060,
"경기도 경성부 중부 종로2정목외16정-008[관철동,인사동,관훈동,낙원동,경운동,운니동] - 종로2정목 0061",https://theme.archives.go.kr/next/acreage/viewCadastreDetail.do?typesub=Y&type=12&packid=0000508321&docid=0050576639&mngno=BJCA000149&want=0&formType=oldName&rtURL=,https://theme.archives.go.kr/viewer/common/archWebViewer.do?singleData=Y&archiveEventId=0050576639,True,0050237681,BJCA000149,0050576639,종로2정목 0061,
"경기도 경성부 중부 종로2정목외16정-008[관철동,인사동,관훈동,낙원동,경운동,운니동] - 종로2정목 0062",https://theme.archives.go.kr/next/acreage/viewCadastreDetail.do?typesub=Y&type=12&packid=0000508321&docid=0050237745&mngno=BJCA000149&want=0&formType=oldName&rtURL=,https://theme.archives.go.kr/viewer/common/archWebViewer.do?singleData=Y&archiveEventId=0050237745,True,0050237681,BJCA000149,0050237745,종로2정목 0062,
"경기도 경성부 중부 종로2정목외16정-008[관철동,인사동,관훈동,낙원동,경운동,운니동] - 종로2정목 0063",https://theme.archives.go.kr/next/acreage/viewCadastreDetail.do?typesub=Y&type=12&packid=0000508321&docid=0050237746&mngno=BJCA000149&want=0&formType=oldName&rtURL=,https://theme.archives.go.kr/viewer/common/archWebViewer.do?singleData=Y&archiveEventId=0050237746,True,0050237681,BJCA000149,0050237746,종로2정목 0063,
"경기도 경성부 중부 종로2정목외16정-008[관철동,인사동,관훈동,낙원동,경운동,운니동] - 종로2정목 0064",https://theme.archives.go.kr/next/acreage/viewCadastreDetail.do?typesub=Y&type=12&packid=0000508321&docid=0050576640&mngno=BJCA000149&want=0&formType=oldName&rtURL=,https://theme.archives.go.kr/viewer/common/archWebViewer.do?singleData=Y&archiveEventId=0050576640,True,0050237681,BJCA000149,0050576640,종로2정목 0064,
"경기도 경성부 중부 종로2정목외16정-008[관철동,인사동,관훈동,낙원동,경운동,운니동] - 종로2정목 0065",https://theme.archives.go.kr/next/acreage/viewCadastreDetail.do?typesub=Y&type=12&packid=0000508321&docid=0050237747&mngno=BJCA000149&want=0&formType=oldName&rtURL=,https://theme.archives.go.kr/viewer/common/archWebViewer.do?singleData=Y&archiveEventId=0050237747,True,0050237681,BJCA000149,0050237747,종로2정목 0065,
"경기도 경성부 중부 종로2정목외16정-008[관철동,인사동,관훈동,낙원동,경운동,운니동] - 종로2정목 0066",https://theme.archives.go.kr/next/acreage/viewCadastreDetail.do?typesub=Y&type=12&packid=0000508321&docid=0050237748&mngno=BJCA000149&want=0&formType=oldName&rtURL=,https://theme.archives.go.kr/viewer/common/archWebViewer.do?singleData=Y&archiveEventId=0050237748,True,0050237681,BJCA000149,0050237748,종로2정목 0066,
"경기도 경성부 중부 종로2정목외16정-008[관철동,인사동,관훈동,낙원동,경운동,운니동] - 종로2정목 0067",https://theme.archives.go.kr/next/acreage/viewCadastreDetail.do?typesub=Y&type=12&packid=0000508321&docid=0050576641&mngno=BJCA000149&want=0&formType=oldName&rtURL=,https://theme.archives.go.kr/viewer/common/archWebViewer.do?singleData=Y&archiveEventId=0050576641,True,0050237681,BJCA000149,0050576641,종로2정목 0067,
"경기도 경성부 중부 종로2정목외16정-008[관철동,인사동,관훈동,낙원동,경운동,운니동] - 종로2정목 0068",https://theme.archives.go.kr/next/acreage/viewCadastreDetail.do?typesub=Y&type=12&packid=0000508321&docid=0050237749&mngno=BJCA000149&want=0&formType=oldName&rtURL=,https://theme.archives.go.kr/viewer/common/archWebViewer.do?singleData=Y&archiveEventId=0050237749,True,0050237681,BJCA000149,0050237749,종로2정목 0068,
"경기도 경성부 중부 종로2정목외16정-008[관철동,인사동,관훈동,낙원동,경운동,운니동] - 종로2정목 0069",https://theme.archives.go.kr/next/acreage/viewCadastreDetail.do?typesub=Y&type=12&packid=0000508321&docid=0050237750&mngno=BJCA000149&want=0&formType=oldName&rtURL=,https://theme.archives.go.kr/viewer/common/archWebViewer.do?singleData=Y&archiveEventId=0050237750,True,0050237681,BJCA000149,0050237750,종로2정목 0069,
"경기도 경성부 중부 종로2정목외16정-008[관철동,인사동,관훈동,낙원동,경운동,운니동] - 종로2정목 0070",https://theme.archives.go.kr/next/acreage/viewCadastreDetail.do?typesub=Y&type=12&packid=0000508321&docid=0050576657&mngno=BJCA000149&want=0&formType=oldName&rtURL=,https://theme.archives.go.kr/viewer/common/archWebViewer.do?singleData=Y&archiveEventId=0050576657,True,0050237681,BJCA000149,0050576657,종로2정목 0070,
"경기도 경성부 중부 종로2정목외16정-008[관철동,인사동,관훈동,낙원동,경운동,운니동] - 종로2정목 0071",https://theme.archives.go.kr/next/acreage/viewCadastreDetail.do?typesub=Y&type=12&packid=0000508321&docid=0050576642&mngno=BJCA000149&want=0&formType=oldName&rtURL=,https://theme.archives.go.kr/viewer/common/archWebViewer.do?singleData=Y&archiveEventId=0050576642,True,0050237681,BJCA000149,0050576642,종로2정목 0071,
"경기도 경성부 중부 종로2정목외16정-008[관철동,인사동,관훈동,낙원동,경운동,운니동] - 종로2정목 0072",https://theme.archives.go.kr/next/acreage/viewCadastreDetail.do?typesub=Y&type=12&packid=0000508321&docid=0050237751&mngno=BJCA000149&want=0&formType=oldName&rtURL=,https://theme.archives.go.kr/viewer/common/archWebViewer.do?singleData=Y&archiveEventId=0050237751,True,0050237681,BJCA000149,0050237751,종로2정목 0072,
"경기도 경성부 중부 종로2정목외16정-008[관철동,인사동,관훈동,낙원동,경운동,운니동] - 종로2정목 0073",https://theme.archives.go.kr/next/acreage/viewCadastreDetail.do?typesub=Y&type=12&packid=0000508321&docid=0050485344&mngno=BJCA000149&want=0&formType=oldName&rtURL=,https://theme.archives.go.kr/viewer/common/archWebViewer.do?singleData=Y&archiveEventId=0050485344,True,0050237681,BJCA000149,0050485344,종로2정목 0073,
"경기도 경성부 중부 종로2정목외16정-008[관철동,인사동,관훈동,낙원동,경운동,운니동] - 종로2정목 0074",https://theme.archives.go.kr/next/acreage/viewCadastreDetail.do?typesub=Y&type=12&packid=0000508321&docid=0050576643&mngno=BJCA000149&want=0&formType=oldName&rtURL=,https://theme.archives.go.kr/viewer/common/archWebViewer.do?singleData=Y&archiveEventId=0050576643,True,0050237681,BJCA000149,0050576643,종로2정목 0074,
"경기도 경성부 중부 종로2정목외16정-008[관철동,인사동,관훈동,낙원동,경운동,운니동] - 종로2정목 0075",https://theme.archives.go.kr/next/acreage/viewCadastreDetail.do?typesub=Y&type=12&packid=0000508321&docid=0050237752&mngno=BJCA000149&want=0&formType=oldName&rtURL=,https://theme.archives.go.kr/viewer/common/archWebViewer.do?singleData=Y&archiveEventId=0050237752,True,0050237681,BJCA000149,0050237752,종로2정목 0075,
"경기도 경성부 중부 종로2정목외16정-009[관철동,인사동,관훈동,낙원동,경운동,운니동] - 관철동 0035",https://theme.archives.go.kr/next/acreage/viewCadastreDetail.do?typesub=Y&type=12&packid=0000508310&docid=0014177168&mngno=BJCA000150&want=0&formType=oldName&rtURL=,https://theme.archives.go.kr/viewer/common/archWebViewer.do?singleData=Y&archiveEventId=0014177168,True,0014177168,BJCA000150,0014177168,관철동 0035,
"경기도 경성부 중부 종로2정목외16정-009[관철동,인사동,관훈동,낙원동,경운동,운니동] - 관철동 0036",https://theme.archives.go.kr/next/acreage/viewCadastreDetail.do?typesub=Y&type=12&packid=0000508310&docid=0050576645&mngno=BJCA000150&want=0&formType=oldName&rtURL=,https://theme.archives.go.kr/viewer/common/archWebViewer.do?singleData=Y&archiveEventId=0050576645,True,0014177168,BJCA000150,0050576645,관철동 0036,
"경기도 경성부 중부 종로2정목외16정-009[관철동,인사동,관훈동,낙원동,경운동,운니동] - 관철동 0037",https://theme.archives.go.kr/next/acreage/viewCadastreDetail.do?typesub=Y&type=12&packid=0000508310&docid=0050576644&mngno=BJCA000150&want=0&formType=oldName&rtURL=,https://theme.archives.go.kr/viewer/common/archWebViewer.do?singleData=Y&archiveEventId=0050576644,True,0014177168,BJCA000150,0050576644,관철동 0037,
"경기도 경성부 중부 종로2정목외16정-009[관철동,인사동,관훈동,낙원동,경운동,운니동] - 관철동 0038",https://theme.archives.go.kr/next/acreage/viewCadastreDetail.do?typesub=Y&type=12&packid=0000508310&docid=0050283292&mngno=BJCA000150&want=0&formType=oldName&rtURL=,https://theme.archives.go.kr/viewer/common/archWebViewer.do?singleData=Y&archiveEventId=0050283292,True,0014177168,BJCA000150,0050283292,관철동 0038,
"경기도 경성부 중부 종로2정목외16정-009[관철동,인사동,관훈동,낙원동,경운동,운니동] - 관철동 0039",https://theme.archives.go.kr/next/acreage/viewCadastreDetail.do?typesub=Y&type=12&packid=0000508310&docid=0050283293&mngno=BJCA000150&want=0&formType=oldName&rtURL=,https://theme.archives.go.kr/viewer/common/archWebViewer.do?singleData=Y&archiveEventId=0050283293,True,0014177168,BJCA000150,0050283293,관철동 0039,
"경기도 경성부 중부 종로2정목외16정-009[관철동,인사동,관훈동,낙원동,경운동,운니동] - 관철동 0040",https://theme.archives.go.kr/next/acreage/viewCadastreDetail.do?typesub=Y&type=12&packid=0000508310&docid=0050576646&mngno=BJCA000150&want=0&formType=oldName&rtURL=,https://theme.archives.go.kr/viewer/common/archWebViewer.do?singleData=Y&archiveEventId=0050576646,True,0014177168,BJCA000150,0050576646,관철동 0040,
"경기도 경성부 중부 종로2정목외16정-009[관철동,인사동,관훈동,낙원동,경운동,운니동] - 관철동 0041",https://theme.archives.go.kr/next/acreage/viewCadastreDetail.do?typesub=Y&type=12&packid=0000508310&docid=0050283294&mngno=BJCA000150&want=0&formType=oldName&rtURL=,https://theme.archives.go.kr/viewer/common/archWebViewer.do?singleData=Y&archiveEventId=0050283294,True,0014177168,BJCA000150,0050283294,관철동 0041,
"경기도 경성부 중부 종로2정목외16정-009[관철동,인사동,관훈동,낙원동,경운동,운니동] - 관철동 0042",https://theme.archives.go.kr/next/acreage/viewCadastreDetail.do?typesub=Y&type=12&packid=0000508310&docid=0050283295&mngno=BJCA000150&want=0&formType=oldName&rtURL=,https://theme.archives.go.kr/viewer/common/archWebViewer.do?singleData=Y&archiveEventId=0050283295,True,0014177168,BJCA000150,0050283295,관철동 0042,
"경기도 경성부 중부 종로2정목외16정-009[관철동,인사동,관훈동,낙원동,경운동,운니동] - 관철동 0043",https://theme.archives.go.kr/next/acreage/viewCadastreDetail.do?typesub=Y&type=12&packid=0000508310&docid=0050576647&mngno=BJCA000150&want=0&formType=oldName&rtURL=,https://theme.archives.go.kr/viewer/common/archWebViewer.do?singleData=Y&archiveEventId=0050576647,True,0014177168,BJCA000150,0050576647,관철동 0043,
"경기도 경성부 중부 종로2정목외16정-009[관철동,인사동,관훈동,낙원동,경운동,운니동] - 관철동 0044",https://theme.archives.go.kr/next/acreage/viewCadastreDetail.do?typesub=Y&type=12&packid=0000508310&docid=0050283296&mngno=BJCA000150&want=0&formType=oldName&rtURL=,https://theme.archives.go.kr/viewer/common/archWebViewer.do?singleData=Y&archiveEventId=0050283296,True,0014177168,BJCA000150,0050283296,관철동 0044,
"경기도 경성부 중부 종로2정목외16정-009[관철동,인사동,관훈동,낙원동,경운동,운니동] - 관철동 0045",https://theme.archives.go.kr/next/acreage/viewCadastreDetail.do?typesub=Y&type=12&packid=0000508310&docid=0050283297&mngno=BJCA000150&want=0&formType=oldName&rtURL=,https://theme.archives.go.kr/viewer/common/archWebViewer.do?singleData=Y&archiveEventId=0050283297,True,0014177168,BJCA000150,0050283297,관철동 0045,
"경기도 경성부 중부 종로2정목외16정-009[관철동,인사동,관훈동,낙원동,경운동,운니동] - 관철동 0046",https://theme.archives.go.kr/next/acreage/viewCadastreDetail.do?typesub=Y&type=12&packid=0000508310&docid=0050283298&mngno=BJCA000150&want=0&formType=oldName&rtURL=,https://theme.archives.go.kr/viewer/common/archWebViewer.do?singleData=Y&archiveEventId=0050283298,True,0014177168,BJCA000150,0050283298,관철동 0046,
"경기도 경성부 중부 종로2정목외16정-009[관철동,인사동,관훈동,낙원동,경운동,운니동] - 관철동 0047",https://theme.archives.go.kr/next/acreage/viewCadastreDetail.do?typesub=Y&type=12&packid=0000508310&docid=0050283299&mngno=BJCA000150&want=0&formType=oldName&rtURL=,https://theme.archives.go.kr/viewer/common/archWebViewer.do?singleData=Y&archiveEventId=0050283299,True,0014177168,BJCA000150,0050283299,관철동 0047,
"경기도 경성부 중부 종로2정목외16정-009[관철동,인사동,관훈동,낙원동,경운동,운니동] - 관철동 0048",https://theme.archives.go.kr/next/acreage/viewCadastreDetail.do?typesub=Y&type=12&packid=0000508310&docid=0050576648&mngno=BJCA000150&want=0&formType=oldName&rtURL=,https://theme.archives.go.kr/viewer/common/archWebViewer.do?singleData=Y&archiveEventId=0050576648,True,0014177168,BJCA000150,0050576648,관철동 0048,
"경기도 경성부 중부 종로2정목외16정-010[관철동,인사동,관훈동,낙원동,경운동,운니동] - 경운동 0089",https://theme.archives.go.kr/next/acreage/viewCadastreDetail.do?typesub=Y&type=12&packid=0000508311&docid=0014177169&mngno=BJCA000151&want=0&formType=oldName&rtURL=,https://theme.archives.go.kr/viewer/common/archWebViewer.do?singleData=Y&archiveEventId=0014177169,True,0014177169,BJCA000151,0014177169,경운동 0089,
"경기도 경성부 중부 종로2정목외16정-010[관철동,인사동,관훈동,낙원동,경운동,운니동] - 경운동 0090",https://theme.archives.go.kr/next/acreage/viewCadastreDetail.do?typesub=Y&type=12&packid=0000508311&docid=0049403185&mngno=BJCA000151&want=0&formType=oldName&rtURL=,https://theme.archives.go.kr/viewer/common/archWebViewer.do?singleData=Y&archiveEventId=0049403185,True,0014177169,BJCA000151,0049403185,경운동 0090,
"경기도 경성부 중부 종로2정목외16정-010[관철동,인사동,관훈동,낙원동,경운동,운니동] - 경운동 0091",https://theme.archives.go.kr/next/acreage/viewCadastreDetail.do?typesub=Y&type=12&packid=0000508311&docid=0049403187&mngno=BJCA000151&want=0&formType=oldName&rtURL=,https://theme.archives.go.kr/viewer/common/archWebViewer.do?singleData=Y&archiveEventId=0049403187,True,0014177169,BJCA000151,0049403187,경운동 0091,
"경기도 경성부 중부 종로2정목외16정-010[관철동,인사동,관훈동,낙원동,경운동,운니동] - 경운동 0092",https://theme.archives.go.kr/next/acreage/viewCadastreDetail.do?typesub=Y&type=12&packid=0000508311&docid=0049889292&mngno=BJCA000151&want=0&formType=oldName&rtURL=,https://theme.archives.go.kr/viewer/common/archWebViewer.do?singleData=Y&archiveEventId=0049889292,True,0014177169,BJCA000151,0049889292,경운동 0092,
"경기도 경성부 중부 종로2정목외16정-010[관철동,인사동,관훈동,낙원동,경운동,운니동] - 경운동 0093",https://theme.archives.go.kr/next/acreage/viewCadastreDetail.do?typesub=Y&type=12&packid=0000508311&docid=0049403188&mngno=BJCA000151&want=0&formType=oldName&rtURL=,https://theme.archives.go.kr/viewer/common/archWebViewer.do?singleData=Y&archiveEventId=0049403188,True,0014177169,BJCA000151,0049403188,경운동 0093,
"경기도 경성부 중부 종로2정목외16정-010[관철동,인사동,관훈동,낙원동,경운동,운니동] - 경운동 0094",https://theme.archives.go.kr/next/acreage/viewCadastreDetail.do?typesub=Y&type=12&packid=0000508311&docid=0049403189&mngno=BJCA000151&want=0&formType=oldName&rtURL=,https://theme.archives.go.kr/viewer/common/archWebViewer.do?singleData=Y&archiveEventId=0049403189,True,0014177169,BJCA000151,0049403189,경운동 0094,
"경기도 경성부 중부 종로2정목외16정-010[관철동,인사동,관훈동,낙원동,경운동,운니동] - 경운동 0095",https://theme.archives.go.kr/next/acreage/viewCadastreDetail.do?typesub=Y&type=12&packid=0000508311&docid=0049403190&mngno=BJCA000151&want=0&formType=oldName&rtURL=,https://theme.archives.go.kr/viewer/common/archWebViewer.do?singleData=Y&archiveEventId=0049403190,True,0014177169,BJCA000151,0049403190,경운동 0095,
"경기도 경성부 중부 종로2정목외16정-010[관철동,인사동,관훈동,낙원동,경운동,운니동] - 경운동 0096",https://theme.archives.go.kr/next/acreage/viewCadastreDetail.do?typesub=Y&type=12&packid=0000508311&docid=0049403191&mngno=BJCA000151&want=0&formType=oldName&rtURL=,https://theme.archives.go.kr/viewer/common/archWebViewer.do?singleData=Y&archiveEventId=0049403191,True,0014177169,BJCA000151,0049403191,경운동 0096,
"경기도 경성부 중부 종로2정목외16정-010[관철동,인사동,관훈동,낙원동,경운동,운니동] - 경운동 0097",https://theme.archives.go.kr/next/acreage/viewCadastreDetail.do?typesub=Y&type=12&packid=0000508311&docid=0049889294&mngno=BJCA000151&want=0&formType=oldName&rtURL=,https://theme.archives.go.kr/viewer/common/archWebViewer.do?singleData=Y&archiveEventId=0049889294,True,0014177169,BJCA000151,0049889294,경운동 0097,
"경기도 경성부 중부 종로2정목외16정-010[관철동,인사동,관훈동,낙원동,경운동,운니동] - 경운동 0098",https://theme.archives.go.kr/next/acreage/viewCadastreDetail.do?typesub=Y&type=12&packid=0000508311&docid=0049403192&mngno=BJCA000151&want=0&formType=oldName&rtURL=,https://theme.archives.go.kr/viewer/common/archWebViewer.do?singleData=Y&archiveEventId=0049403192,True,0014177169,BJCA000151,0049403192,경운동 0098,
"경기도 경성부 중부 종로2정목외16정-010[관철동,인사동,관훈동,낙원동,경운동,운니동] - 경운동 0099",https://theme.archives.go.kr/next/acreage/viewCadastreDetail.do?typesub=Y&type=12&packid=0000508311&docid=0049403193&mngno=BJCA000151&want=0&formType=oldName&rtURL=,https://theme.archives.go.kr/viewer/common/archWebViewer.do?singleData=Y&archiveEventId=0049403193,True,0014177169,BJCA000151,0049403193,경운동 0099,
"경기도 경성부 중부 종로2정목외16정-010[관철동,인사동,관훈동,낙원동,경운동,운니동] - 경운동 0100",https://theme.archives.go.kr/next/acreage/viewCadastreDetail.do?typesub=Y&type=12&packid=0000508311&docid=0049889296&mngno=BJCA000151&want=0&formType=oldName&rtURL=,https://theme.archives.go.kr/viewer/common/archWebViewer.do?singleData=Y&archiveEventId=0049889296,True,0014177169,BJCA000151,0049889296,경운동 0100,
"경기도 경성부 중부 종로2정목외16정-010[관철동,인사동,관훈동,낙원동,경운동,운니동] - 경운동 0101",https://theme.archives.go.kr/next/acreage/viewCadastreDetail.do?typesub=Y&type=12&packid=0000508311&docid=0049403194&mngno=BJCA000151&want=0&formType=oldName&rtURL=,https://theme.archives.go.kr/viewer/common/archWebViewer.do?singleData=Y&archiveEventId=0049403194,True,0014177169,BJCA000151,0049403194,경운동 0101,
"경기도 경성부 중부 종로2정목외16정-010[관철동,인사동,관훈동,낙원동,경운동,운니동] - 경운동 0102",https://theme.archives.go.kr/next/acreage/viewCadastreDetail.do?typesub=Y&type=12&packid=0000508311&docid=0049403195&mngno=BJCA000151&want=0&formType=oldName&rtURL=,https://theme.archives.go.kr/viewer/common/archWebViewer.do?singleData=Y&archiveEventId=0049403195,True,0014177169,BJCA000151,0049403195,경운동 0102,
"경기도 경성부 중부 종로2정목외16정-010[관철동,인사동,관훈동,낙원동,경운동,운니동] - 경운동 0103",https://theme.archives.go.kr/next/acreage/viewCadastreDetail.do?typesub=Y&type=12&packid=0000508311&docid=0049889298&mngno=BJCA000151&want=0&formType=oldName&rtURL=,https://theme.archives.go.kr/viewer/common/archWebViewer.do?singleData=Y&archiveEventId=0049889298,True,0014177169,BJCA000151,0049889298,경운동 0103,
"경기도 경성부 중부 종로2정목외16정-010[관철동,인사동,관훈동,낙원동,경운동,운니동] - 경운동 0104",https://theme.archives.go.kr/next/acreage/viewCadastreDetail.do?typesub=Y&type=12&packid=0000508311&docid=0049403196&mngno=BJCA000151&want=0&formType=oldName&rtURL=,https://theme.archives.go.kr/viewer/common/archWebViewer.do?singleData=Y&archiveEventId=0049403196,True,0014177169,BJCA000151,0049403196,경운동 0104,
"경기도 경성부 중부 종로2정목외16정-010[관철동,인사동,관훈동,낙원동,경운동,운니동] - 관훈동 0112",https://theme.archives.go.kr/next/acreage/viewCadastreDetail.do?typesub=Y&type=12&packid=0000508311&docid=0049403197&mngno=BJCA000151&want=0&formType=oldName&rtURL=,https://theme.archives.go.kr/viewer/common/archWebViewer.do?singleData=Y&archiveEventId=0049403197,True,0014177169,BJCA000151,0049403197,관훈동 0112,
"경기도 경성부 중부 종로2정목외16정-010[관철동,인사동,관훈동,낙원동,경운동,운니동] - 관훈동 0113",https://theme.archives.go.kr/next/acreage/viewCadastreDetail.do?typesub=Y&type=12&packid=0000508311&docid=0049403200&mngno=BJCA000151&want=0&formType=oldName&rtURL=,https://theme.archives.go.kr/viewer/common/archWebViewer.do?singleData=Y&archiveEventId=0049403200,True,0014177169,BJCA000151,0049403200,관훈동 0113,
"경기도 경성부 중부 종로2정목외16정-010[관철동,인사동,관훈동,낙원동,경운동,운니동] - 관훈동 0114",https://theme.archives.go.kr/next/acreage/viewCadastreDetail.do?typesub=Y&type=12&packid=0000508311&docid=0049889300&mngno=BJCA000151&want=0&formType=oldName&rtURL=,https://theme.archives.go.kr/viewer/common/archWebViewer.do?singleData=Y&archiveEventId=0049889300,True,0014177169,BJCA000151,0049889300,관훈동 0114,
"경기도 경성부 중부 종로2정목외16정-010[관철동,인사동,관훈동,낙원동,경운동,운니동] - 관훈동 0115",https://theme.archives.go.kr/next/acreage/viewCadastreDetail.do?typesub=Y&type=12&packid=0000508311&docid=0049403201&mngno=BJCA000151&want=0&formType=oldName&rtURL=,https://theme.archives.go.kr/viewer/common/archWebViewer.do?singleData=Y&archiveEventId=0049403201,True,0014177169,BJCA000151,0049403201,관훈동 0115,
"경기도 경성부 중부 종로2정목외16정-010[관철동,인사동,관훈동,낙원동,경운동,운니동] - 관훈동 0116",https://theme.archives.go.kr/next/acreage/viewCadastreDetail.do?typesub=Y&type=12&packid=0000508311&docid=0049403203&mngno=BJCA000151&want=0&formType=oldName&rtURL=,https://theme.archives.go.kr/viewer/common/archWebViewer.do?singleData=Y&archiveEventId=0049403203,True,0014177169,BJCA000151,0049403203,관훈동 0116,
"경기도 경성부 중부 종로2정목외16정-010[관철동,인사동,관훈동,낙원동,경운동,운니동] - 운니동 0113",https://theme.archives.go.kr/next/acreage/viewCadastreDetail.do?typesub=Y&type=12&packid=0000508311&docid=0049889302&mngno=BJCA000151&want=0&formType=oldName&rtURL=,https://theme.archives.go.kr/viewer/common/archWebViewer.do?singleData=Y&archiveEventId=0049889302,True,0014177169,BJCA000151,0049889302,운니동 0113,
"경기도 경성부 중부 종로2정목외16정-010[관철동,인사동,관훈동,낙원동,경운동,운니동] - 운니동 0114",https://theme.archives.go.kr/next/acreage/viewCadastreDetail.do?typesub=Y&type=12&packid=0000508311&docid=0049403204&mngno=BJCA000151&want=0&formType=oldName&rtURL=,https://theme.archives.go.kr/viewer/common/archWebViewer.do?singleData=Y&archiveEventId=0049403204,True,0014177169,BJCA000151,0049403204,운니동 0114,
"경기도 경성부 중부 종로2정목외16정-011[관철동,인사동,관훈동,낙원동,경운동,운니동] - 경운동 0064",https://theme.archives.go.kr/next/acreage/viewCadastreDetail.do?typesub=Y&type=12&packid=0000508312&docid=0014177170&mngno=BJCA000152&want=0&formType=oldName&rtURL=,https://theme.archives.go.kr/viewer/common/archWebViewer.do?singleData=Y&archiveEventId=0014177170,True,0014177170,BJCA000152,0014177170,경운동 0064,
"경기도 경성부 중부 종로2정목외16정-011[관철동,인사동,관훈동,낙원동,경운동,운니동] - 경운동 0065",https://theme.archives.go.kr/next/acreage/viewCadastreDetail.do?typesub=Y&type=12&packid=0000508312&docid=0050576653&mngno=BJCA000152&want=0&formType=oldName&rtURL=,https://theme.archives.go.kr/viewer/common/archWebViewer.do?singleData=Y&archiveEventId=0050576653,True,0014177170,BJCA000152,0050576653,경운동 0065,
"경기도 경성부 중부 종로2정목외16정-011[관철동,인사동,관훈동,낙원동,경운동,운니동] - 경운동 0066",https://theme.archives.go.kr/next/acreage/viewCadastreDetail.do?typesub=Y&type=12&packid=0000508312&docid=0050407654&mngno=BJCA000152&want=0&formType=oldName&rtURL=,https://theme.archives.go.kr/viewer/common/archWebViewer.do?singleData=Y&archiveEventId=0050407654,True,0014177170,BJCA000152,0050407654,경운동 0066,
"경기도 경성부 중부 종로2정목외16정-011[관철동,인사동,관훈동,낙원동,경운동,운니동] - 경운동 0067",https://theme.archives.go.kr/next/acreage/viewCadastreDetail.do?typesub=Y&type=12&packid=0000508312&docid=0050407655&mngno=BJCA000152&want=0&formType=oldName&rtURL=,https://theme.archives.go.kr/viewer/common/archWebViewer.do?singleData=Y&archiveEventId=0050407655,True,0014177170,BJCA000152,0050407655,경운동 0067,
"경기도 경성부 중부 종로2정목외16정-011[관철동,인사동,관훈동,낙원동,경운동,운니동] - 경운동 0068",https://theme.archives.go.kr/next/acreage/viewCadastreDetail.do?typesub=Y&type=12&packid=0000508312&docid=0050576603&mngno=BJCA000152&want=0&formType=oldName&rtURL=,https://theme.archives.go.kr/viewer/common/archWebViewer.do?singleData=Y&archiveEventId=0050576603,True,0014177170,BJCA000152,0050576603,경운동 0068,
"경기도 경성부 중부 종로2정목외16정-011[관철동,인사동,관훈동,낙원동,경운동,운니동] - 경운동 0069",https://theme.archives.go.kr/next/acreage/viewCadastreDetail.do?typesub=Y&type=12&packid=0000508312&docid=0050407656&mngno=BJCA000152&want=0&formType=oldName&rtURL=,https://theme.archives.go.kr/viewer/common/archWebViewer.do?singleData=Y&archiveEventId=0050407656,True,0014177170,BJCA000152,0050407656,경운동 0069,
"경기도 경성부 중부 종로2정목외16정-011[관철동,인사동,관훈동,낙원동,경운동,운니동] - 경운동 0070",https://theme.archives.go.kr/next/acreage/viewCadastreDetail.do?typesub=Y&type=12&packid=0000508312&docid=0050407657&mngno=BJCA000152&want=0&formType=oldName&rtURL=,https://theme.archives.go.kr/viewer/common/archWebViewer.do?singleData=Y&archiveEventId=0050407657,True,0014177170,BJCA000152,0050407657,경운동 0070,
"경기도 경성부 중부 종로2정목외16정-011[관철동,인사동,관훈동,낙원동,경운동,운니동] - 경운동 0071",https://theme.archives.go.kr/next/acreage/viewCadastreDetail.do?typesub=Y&type=12&packid=0000508312&docid=0050576604&mngno=BJCA000152&want=0&formType=oldName&rtURL=,https://theme.archives.go.kr/viewer/common/archWebViewer.do?singleData=Y&archiveEventId=0050576604,True,0014177170,BJCA000152,0050576604,경운동 0071,
"경기도 경성부 중부 종로2정목외16정-011[관철동,인사동,관훈동,낙원동,경운동,운니동] - 경운동 0078",https://theme.archives.go.kr/next/acreage/viewCadastreDetail.do?typesub=Y&type=12&packid=0000508312&docid=0050407658&mngno=BJCA000152&want=0&formType=oldName&rtURL=,https://theme.archives.go.kr/viewer/common/archWebViewer.do?singleData=Y&archiveEventId=0050407658,True,0014177170,BJCA000152,0050407658,경운동 0078,
"경기도 경성부 중부 종로2정목외16정-011[관철동,인사동,관훈동,낙원동,경운동,운니동] - 경운동 0079",https://theme.archives.go.kr/next/acreage/viewCadastreDetail.do?typesub=Y&type=12&packid=0000508312&docid=0050407659&mngno=BJCA000152&want=0&formType=oldName&rtURL=,https://theme.archives.go.kr/viewer/common/archWebViewer.do?singleData=Y&archiveEventId=0050407659,True,0014177170,BJCA000152,0050407659,경운동 0079,
"경기도 경성부 중부 종로2정목외16정-011[관철동,인사동,관훈동,낙원동,경운동,운니동] - 경운동 0080",https://theme.archives.go.kr/next/acreage/viewCadastreDetail.do?typesub=Y&type=12&packid=0000508312&docid=0050576605&mngno=BJCA000152&want=0&formType=oldName&rtURL=,https://theme.archives.go.kr/viewer/common/archWebViewer.do?singleData=Y&archiveEventId=0050576605,True,0014177170,BJCA000152,0050576605,경운동 0080,
"경기도 경성부 중부 종로2정목외16정-011[관철동,인사동,관훈동,낙원동,경운동,운니동] - 경운동 0081",https://theme.archives.go.kr/next/acreage/viewCadastreDetail.do?typesub=Y&type=12&packid=0000508312&docid=0050407660&mngno=BJCA000152&want=0&formType=oldName&rtURL=,https://theme.archives.go.kr/viewer/common/archWebViewer.do?singleData=Y&archiveEventId=0050407660,True,0014177170,BJCA000152,0050407660,경운동 0081,
"경기도 경성부 중부 종로2정목외16정-011[관철동,인사동,관훈동,낙원동,경운동,운니동] - 경운동 0082",https://theme.archives.go.kr/next/acreage/viewCadastreDetail.do?typesub=Y&type=12&packid=0000508312&docid=0050407661&mngno=BJCA000152&want=0&formType=oldName&rtURL=,https://theme.archives.go.kr/viewer/common/archWebViewer.do?singleData=Y&archiveEventId=0050407661,True,0014177170,BJCA000152,0050407661,경운동 0082,
"경기도 경성부 중부 종로2정목외16정-011[관철동,인사동,관훈동,낙원동,경운동,운니동] - 경운동 0083",https://theme.archives.go.kr/next/acreage/viewCadastreDetail.do?typesub=Y&type=12&packid=0000508312&docid=0050576606&mngno=BJCA000152&want=0&formType=oldName&rtURL=,https://theme.archives.go.kr/viewer/common/archWebViewer.do?singleData=Y&archiveEventId=0050576606,True,0014177170,BJCA000152,0050576606,경운동 0083,
"경기도 경성부 중부 종로2정목외16정-011[관철동,인사동,관훈동,낙원동,경운동,운니동] - 경운동 0084",https://theme.archives.go.kr/next/acreage/viewCadastreDetail.do?typesub=Y&type=12&packid=0000508312&docid=0050407662&mngno=BJCA000152&want=0&formType=oldName&rtURL=,https://theme.archives.go.kr/viewer/common/archWebViewer.do?singleData=Y&archiveEventId=0050407662,True,0014177170,BJCA000152,0050407662,경운동 0084,
"경기도 경성부 중부 종로2정목외16정-011[관철동,인사동,관훈동,낙원동,경운동,운니동] - 경운동 0085",https://theme.archives.go.kr/next/acreage/viewCadastreDetail.do?typesub=Y&type=12&packid=0000508312&docid=0050576649&mngno=BJCA000152&want=0&formType=oldName&rtURL=,https://theme.archives.go.kr/viewer/common/archWebViewer.do?singleData=Y&archiveEventId=0050576649,True,0014177170,BJCA000152,0050576649,경운동 0085,
"경기도 경성부 중부 종로2정목외16정-011[관철동,인사동,관훈동,낙원동,경운동,운니동] - 경운동 0086",https://theme.archives.go.kr/next/acreage/viewCadastreDetail.do?typesub=Y&type=12&packid=0000508312&docid=0050407663&mngno=BJCA000152&want=0&formType=oldName&rtURL=,https://theme.archives.go.kr/viewer/common/archWebViewer.do?singleData=Y&archiveEventId=0050407663,True,0014177170,BJCA000152,0050407663,경운동 0086,
"경기도 경성부 중부 종로2정목외16정-011[관철동,인사동,관훈동,낙원동,경운동,운니동] - 경운동 0087",https://theme.archives.go.kr/next/acreage/viewCadastreDetail.do?typesub=Y&type=12&packid=0000508312&docid=0050576607&mngno=BJCA000152&want=0&formType=oldName&rtURL=,https://theme.archives.go.kr/viewer/common/archWebViewer.do?singleData=Y&archiveEventId=0050576607,True,0014177170,BJCA000152,0050576607,경운동 0087,
"경기도 경성부 중부 종로2정목외16정-011[관철동,인사동,관훈동,낙원동,경운동,운니동] - 경운동 0088",https://theme.archives.go.kr/next/acreage/viewCadastreDetail.do?typesub=Y&type=12&packid=0000508312&docid=0050480137&mngno=BJCA000152&want=0&formType=oldName&rtURL=,https://theme.archives.go.kr/viewer/common/archWebViewer.do?singleData=Y&archiveEventId=0050480137,True,0014177170,BJCA000152,0050480137,경운동 0088,
"경기도 경성부 중부 종로2정목외16정-011[관철동,인사동,관훈동,낙원동,경운동,운니동] - 경운동 0089",https://theme.archives.go.kr/next/acreage/viewCadastreDetail.do?typesub=Y&type=12&packid=0000508312&docid=0050407664&mngno=BJCA000152&want=0&formType=oldName&rtURL=,https://theme.archives.go.kr/viewer/common/archWebViewer.do?singleData=Y&archiveEventId=0050407664,True,0014177170,BJCA000152,0050407664,경운동 0089,
"경기도 경성부 중부 종로2정목외16정-011[관철동,인사동,관훈동,낙원동,경운동,운니동] - 경운동 0090",https://theme.archives.go.kr/next/acreage/viewCadastreDetail.do?typesub=Y&type=12&packid=0000508312&docid=0050576608&mngno=BJCA000152&want=0&formType=oldName&rtURL=,https://theme.archives.go.kr/viewer/common/archWebViewer.do?singleData=Y&archiveEventId=0050576608,True,0014177170,BJCA000152,0050576608,경운동 0090,
"경기도 경성부 중부 종로2정목외16정-011[관철동,인사동,관훈동,낙원동,경운동,운니동] - 관훈동 0027",https://theme.archives.go.kr/next/acreage/viewCadastreDetail.do?typesub=Y&type=12&packid=0000508312&docid=0050407665&mngno=BJCA000152&want=0&formType=oldName&rtURL=,https://theme.archives.go.kr/viewer/common/archWebViewer.do?singleData=Y&archiveEventId=0050407665,True,0014177170,BJCA000152,0050407665,관훈동 0027,
"경기도 경성부 중부 종로2정목외16정-011[관철동,인사동,관훈동,낙원동,경운동,운니동] - 관훈동 0029",https://theme.archives.go.kr/next/acreage/viewCadastreDetail.do?typesub=Y&type=12&packid=0000508312&docid=0050407666&mngno=BJCA000152&want=0&formType=oldName&rtURL=,https://theme.archives.go.kr/viewer/common/archWebViewer.do?singleData=Y&archiveEventId=0050407666,True,0014177170,BJCA000152,0050407666,관훈동 0029,
"경기도 경성부 중부 종로2정목외16정-011[관철동,인사동,관훈동,낙원동,경운동,운니동] - 관훈동 0030",https://theme.archives.go.kr/next/acreage/viewCadastreDetail.do?typesub=Y&type=12&packid=0000508312&docid=0050576609&mngno=BJCA000152&want=0&formType=oldName&rtURL=,https://theme.archives.go.kr/viewer/common/archWebViewer.do?singleData=Y&archiveEventId=0050576609,True,0014177170,BJCA000152,0050576609,관훈동 0030,
"경기도 경성부 중부 종로2정목외16정-011[관철동,인사동,관훈동,낙원동,경운동,운니동] - 관훈동 0031",https://theme.archives.go.kr/next/acreage/viewCadastreDetail.do?typesub=Y&type=12&packid=0000508312&docid=0050407667&mngno=BJCA000152&want=0&formType=oldName&rtURL=,https://theme.archives.go.kr/viewer/common/archWebViewer.do?singleData=Y&archiveEventId=0050407667,True,0014177170,BJCA000152,0050407667,관훈동 0031,
"경기도 경성부 중부 종로2정목외16정-011[관철동,인사동,관훈동,낙원동,경운동,운니동] - 관훈동 0032",https://theme.archives.go.kr/next/acreage/viewCadastreDetail.do?typesub=Y&type=12&packid=0000508312&docid=0050407668&mngno=BJCA000152&want=0&formType=oldName&rtURL=,https://theme.archives.go.kr/viewer/common/archWebViewer.do?singleData=Y&archiveEventId=0050407668,True,0014177170,BJCA000152,0050407668,관훈동 0032,
"경기도 경성부 중부 종로2정목외16정-011[관철동,인사동,관훈동,낙원동,경운동,운니동] - 관훈동 0033",https://theme.archives.go.kr/next/acreage/viewCadastreDetail.do?typesub=Y&type=12&packid=0000508312&docid=0050576610&mngno=BJCA000152&want=0&formType=oldName&rtURL=,https://theme.archives.go.kr/viewer/common/archWebViewer.do?singleData=Y&archiveEventId=0050576610,True,0014177170,BJCA000152,0050576610,관훈동 0033,
"경기도 경성부 중부 종로2정목외16정-011[관철동,인사동,관훈동,낙원동,경운동,운니동] - 관훈동 0034",https://theme.archives.go.kr/next/acreage/viewCadastreDetail.do?typesub=Y&type=12&packid=0000508312&docid=0050407669&mngno=BJCA000152&want=0&formType=oldName&rtURL=,https://theme.archives.go.kr/viewer/common/archWebViewer.do?singleData=Y&archiveEventId=0050407669,True,0014177170,BJCA000152,0050407669,관훈동 0034,
"경기도 경성부 중부 종로2정목외16정-011[관철동,인사동,관훈동,낙원동,경운동,운니동] - 관훈동 0035",https://theme.archives.go.kr/next/acreage/viewCadastreDetail.do?typesub=Y&type=12&packid=0000508312&docid=0050407670&mngno=BJCA000152&want=0&formType=oldName&rtURL=,https://theme.archives.go.kr/viewer/common/archWebViewer.do?singleData=Y&archiveEventId=0050407670,True,0014177170,BJCA000152,0050407670,관훈동 0035,
"경기도 경성부 중부 종로2정목외16정-011[관철동,인사동,관훈동,낙원동,경운동,운니동] - 관훈동 0036",https://theme.archives.go.kr/next/acreage/viewCadastreDetail.do?typesub=Y&type=12&packid=0000508312&docid=0050407671&mngno=BJCA000152&want=0&formType=oldName&rtURL=,https://theme.archives.go.kr/viewer/common/archWebViewer.do?singleData=Y&archiveEventId=0050407671,True,0014177170,BJCA000152,0050407671,관훈동 0036,
"경기도 경성부 중부 종로2정목외16정-011[관철동,인사동,관훈동,낙원동,경운동,운니동] - 관훈동 0037",https://theme.archives.go.kr/next/acreage/viewCadastreDetail.do?typesub=Y&type=12&packid=0000508312&docid=0050576650&mngno=BJCA000152&want=0&formType=oldName&rtURL=,https://theme.archives.go.kr/viewer/common/archWebViewer.do?singleData=Y&archiveEventId=0050576650,True,0014177170,BJCA000152,0050576650,관훈동 0037,
"경기도 경성부 중부 종로2정목외16정-011[관철동,인사동,관훈동,낙원동,경운동,운니동] - 관훈동 0038",https://theme.archives.go.kr/next/acreage/viewCadastreDetail.do?typesub=Y&type=12&packid=0000508312&docid=0050576611&mngno=BJCA000152&want=0&formType=oldName&rtURL=,https://theme.archives.go.kr/viewer/common/archWebViewer.do?singleData=Y&archiveEventId=0050576611,True,0014177170,BJCA000152,0050576611,관훈동 0038,
"경기도 경성부 중부 종로2정목외16정-011[관철동,인사동,관훈동,낙원동,경운동,운니동] - 관훈동 0039",https://theme.archives.go.kr/next/acreage/viewCadastreDetail.do?typesub=Y&type=12&packid=0000508312&docid=0050407672&mngno=BJCA000152&want=0&formType=oldName&rtURL=,https://theme.archives.go.kr/viewer/common/archWebViewer.do?singleData=Y&archiveEventId=0050407672,True,0014177170,BJCA000152,0050407672,관훈동 0039,
"경기도 경성부 중부 종로2정목외16정-011[관철동,인사동,관훈동,낙원동,경운동,운니동] - 관훈동 0040",https://theme.archives.go.kr/next/acreage/viewCadastreDetail.do?typesub=Y&type=12&packid=0000508312&docid=0050407673&mngno=BJCA000152&want=0&formType=oldName&rtURL=,https://theme.archives.go.kr/viewer/common/archWebViewer.do?singleData=Y&archiveEventId=0050407673,True,0014177170,BJCA000152,0050407673,관훈동 0040,
"경기도 경성부 중부 종로2정목외16정-011[관철동,인사동,관훈동,낙원동,경운동,운니동] - 관훈동 0041",https://theme.archives.go.kr/next/acreage/viewCadastreDetail.do?typesub=Y&type=12&packid=0000508312&docid=0050576612&mngno=BJCA000152&want=0&formType=oldName&rtURL=,https://theme.archives.go.kr/viewer/common/archWebViewer.do?singleData=Y&archiveEventId=0050576612,True,0014177170,BJCA000152,0050576612,관훈동 0041,
"경기도 경성부 중부 종로2정목외16정-011[관철동,인사동,관훈동,낙원동,경운동,운니동] - 관훈동 0042",https://theme.archives.go.kr/next/acreage/viewCadastreDetail.do?typesub=Y&type=12&packid=0000508312&docid=0050407674&mngno=BJCA000152&want=0&formType=oldName&rtURL=,https://theme.archives.go.kr/viewer/common/archWebViewer.do?singleData=Y&archiveEventId=0050407674,True,0014177170,BJCA000152,0050407674,관훈동 0042,
"경기도 경성부 중부 종로2정목외16정-011[관철동,인사동,관훈동,낙원동,경운동,운니동] - 관훈동 0043",https://theme.archives.go.kr/next/acreage/viewCadastreDetail.do?typesub=Y&type=12&packid=0000508312&docid=0050407675&mngno=BJCA000152&want=0&formType=oldName&rtURL=,https://theme.archives.go.kr/viewer/common/archWebViewer.do?singleData=Y&archiveEventId=0050407675,True,0014177170,BJCA000152,0050407675,관훈동 0043,
"경기도 경성부 중부 종로2정목외16정-011[관철동,인사동,관훈동,낙원동,경운동,운니동] - 관훈동 0044",https://theme.archives.go.kr/next/acreage/viewCadastreDetail.do?typesub=Y&type=12&packid=0000508312&docid=0050576613&mngno=BJCA000152&want=0&formType=oldName&rtURL=,https://theme.archives.go.kr/viewer/common/archWebViewer.do?singleData=Y&archiveEventId=0050576613,True,0014177170,BJCA000152,0050576613,관훈동 0044,
"경기도 경성부 중부 종로2정목외16정-011[관철동,인사동,관훈동,낙원동,경운동,운니동] - 관훈동 0045",https://theme.archives.go.kr/next/acreage/viewCadastreDetail.do?typesub=Y&type=12&packid=0000508312&docid=0050576614&mngno=BJCA000152&want=0&formType=oldName&rtURL=,https://theme.archives.go.kr/viewer/common/archWebViewer.do?singleData=Y&archiveEventId=0050576614,True,0014177170,BJCA000152,0050576614,관훈동 0045,
"경기도 경성부 중부 종로2정목외16정-011[관철동,인사동,관훈동,낙원동,경운동,운니동] - 관훈동 0046",https://theme.archives.go.kr/next/acreage/viewCadastreDetail.do?typesub=Y&type=12&packid=0000508312&docid=0050407676&mngno=BJCA000152&want=0&formType=oldName&rtURL=,https://theme.archives.go.kr/viewer/common/archWebViewer.do?singleData=Y&archiveEventId=0050407676,True,0014177170,BJCA000152,0050407676,관훈동 0046,
"경기도 경성부 중부 종로2정목외16정-011[관철동,인사동,관훈동,낙원동,경운동,운니동] - 관훈동 0047",https://theme.archives.go.kr/next/acreage/viewCadastreDetail.do?typesub=Y&type=12&packid=0000508312&docid=0050407677&mngno=BJCA000152&want=0&formType=oldName&rtURL=,https://theme.archives.go.kr/viewer/common/archWebViewer.do?singleData=Y&archiveEventId=0050407677,True,0014177170,BJCA000152,0050407677,관훈동 0047,
"경기도 경성부 중부 종로2정목외16정-011[관철동,인사동,관훈동,낙원동,경운동,운니동] - 관훈동 0048",https://theme.archives.go.kr/next/acreage/viewCadastreDetail.do?typesub=Y&type=12&packid=0000508312&docid=0050576615&mngno=BJCA000152&want=0&formType=oldName&rtURL=,https://theme.archives.go.kr/viewer/common/archWebViewer.do?singleData=Y&archiveEventId=0050576615,True,0014177170,BJCA000152,0050576615,관훈동 0048,
"경기도 경성부 중부 종로2정목외16정-011[관철동,인사동,관훈동,낙원동,경운동,운니동] - 관훈동 0049",https://theme.archives.go.kr/next/acreage/viewCadastreDetail.do?typesub=Y&type=12&packid=0000508312&docid=0050407678&mngno=BJCA000152&want=0&formType=oldName&rtURL=,https://theme.archives.go.kr/viewer/common/archWebViewer.do?singleData=Y&archiveEventId=0050407678,True,0014177170,BJCA000152,0050407678,관훈동 0049,
"경기도 경성부 중부 종로2정목외16정-011[관철동,인사동,관훈동,낙원동,경운동,운니동] - 관훈동 0050",https://theme.archives.go.kr/next/acreage/viewCadastreDetail.do?typesub=Y&type=12&packid=0000508312&docid=0050407679&mngno=BJCA000152&want=0&formType=oldName&rtURL=,https://theme.archives.go.kr/viewer/common/archWebViewer.do?singleData=Y&archiveEventId=0050407679,True,0014177170,BJCA000152,0050407679,관훈동 0050,
"경기도 경성부 중부 종로2정목외16정-011[관철동,인사동,관훈동,낙원동,경운동,운니동] - 관훈동 0051",https://theme.archives.go.kr/next/acreage/viewCadastreDetail.do?typesub=Y&type=12&packid=0000508312&docid=0050576616&mngno=BJCA000152&want=0&formType=oldName&rtURL=,https://theme.archives.go.kr/viewer/common/archWebViewer.do?singleData=Y&archiveEventId=0050576616,True,0014177170,BJCA000152,0050576616,관훈동 0051,
"경기도 경성부 중부 종로2정목외16정-011[관철동,인사동,관훈동,낙원동,경운동,운니동] - 관훈동 0052",https://theme.archives.go.kr/next/acreage/viewCadastreDetail.do?typesub=Y&type=12&packid=0000508312&docid=0050474588&mngno=BJCA000152&want=0&formType=oldName&rtURL=,https://theme.archives.go.kr/viewer/common/archWebViewer.do?singleData=Y&archiveEventId=0050474588,True,0014177170,BJCA000152,0050474588,관훈동 0052,
"경기도 경성부 중부 종로2정목외16정-011[관철동,인사동,관훈동,낙원동,경운동,운니동] - 관훈동 0053",https://theme.archives.go.kr/next/acreage/viewCadastreDetail.do?typesub=Y&type=12&packid=0000508312&docid=0050407680&mngno=BJCA000152&want=0&formType=oldName&rtURL=,https://theme.archives.go.kr/viewer/common/archWebViewer.do?singleData=Y&archiveEventId=0050407680,True,0014177170,BJCA000152,0050407680,관훈동 0053,
"경기도 경성부 중부 종로2정목외16정-011[관철동,인사동,관훈동,낙원동,경운동,운니동] - 관훈동 0054",https://theme.archives.go.kr/next/acreage/viewCadastreDetail.do?typesub=Y&type=12&packid=0000508312&docid=0050407681&mngno=BJCA000152&want=0&formType=oldName&rtURL=,https://theme.archives.go.kr/viewer/common/archWebViewer.do?singleData=Y&archiveEventId=0050407681,True,0014177170,BJCA000152,0050407681,관훈동 0054,
"경기도 경성부 중부 종로2정목외16정-011[관철동,인사동,관훈동,낙원동,경운동,운니동] - 관훈동 0055",https://theme.archives.go.kr/next/acreage/viewCadastreDetail.do?typesub=Y&type=12&packid=0000508312&docid=0050576617&mngno=BJCA000152&want=0&formType=oldName&rtURL=,https://theme.archives.go.kr/viewer/common/archWebViewer.do?singleData=Y&archiveEventId=0050576617,True,0014177170,BJCA000152,0050576617,관훈동 0055,
"경기도 경성부 중부 종로2정목외16정-011[관철동,인사동,관훈동,낙원동,경운동,운니동] - 관훈동 0056",https://theme.archives.go.kr/next/acreage/viewCadastreDetail.do?typesub=Y&type=12&packid=0000508312&docid=0050407682&mngno=BJCA000152&want=0&formType=oldName&rtURL=,https://theme.archives.go.kr/viewer/common/archWebViewer.do?singleData=Y&archiveEventId=0050407682,True,0014177170,BJCA000152,0050407682,관훈동 0056,
"경기도 경성부 중부 종로2정목외16정-011[관철동,인사동,관훈동,낙원동,경운동,운니동] - 관훈동 0057",https://theme.archives.go.kr/next/acreage/viewCadastreDetail.do?typesub=Y&type=12&packid=0000508312&docid=0050407683&mngno=BJCA000152&want=0&formType=oldName&rtURL=,https://theme.archives.go.kr/viewer/common/archWebViewer.do?singleData=Y&archiveEventId=0050407683,True,0014177170,BJCA000152,0050407683,관훈동 0057,
"경기도 경성부 중부 종로2정목외16정-011[관철동,인사동,관훈동,낙원동,경운동,운니동] - 관훈동 0058",https://theme.archives.go.kr/next/acreage/viewCadastreDetail.do?typesub=Y&type=12&packid=0000508312&docid=0050576618&mngno=BJCA000152&want=0&formType=oldName&rtURL=,https://theme.archives.go.kr/viewer/common/archWebViewer.do?singleData=Y&archiveEventId=0050576618,True,0014177170,BJCA000152,0050576618,관훈동 0058,
"경기도 경성부 중부 종로2정목외16정-011[관철동,인사동,관훈동,낙원동,경운동,운니동] - 관훈동 0059",https://theme.archives.go.kr/next/acreage/viewCadastreDetail.do?typesub=Y&type=12&packid=0000508312&docid=0050407684&mngno=BJCA000152&want=0&formType=oldName&rtURL=,https://theme.archives.go.kr/viewer/common/archWebViewer.do?singleData=Y&archiveEventId=0050407684,True,0014177170,BJCA000152,0050407684,관훈동 0059,
"경기도 경성부 중부 종로2정목외16정-011[관철동,인사동,관훈동,낙원동,경운동,운니동] - 관훈동 0060",https://theme.archives.go.kr/next/acreage/viewCadastreDetail.do?typesub=Y&type=12&packid=0000508312&docid=0050407685&mngno=BJCA000152&want=0&formType=oldName&rtURL=,https://theme.archives.go.kr/viewer/common/archWebViewer.do?singleData=Y&archiveEventId=0050407685,True,0014177170,BJCA000152,0050407685,관훈동 0060,
"경기도 경성부 중부 종로2정목외16정-011[관철동,인사동,관훈동,낙원동,경운동,운니동] - 관훈동 0061",https://theme.archives.go.kr/next/acreage/viewCadastreDetail.do?typesub=Y&type=12&packid=0000508312&docid=0050576619&mngno=BJCA000152&want=0&formType=oldName&rtURL=,https://theme.archives.go.kr/viewer/common/archWebViewer.do?singleData=Y&archiveEventId=0050576619,True,0014177170,BJCA000152,0050576619,관훈동 0061,
"경기도 경성부 중부 종로2정목외16정-011[관철동,인사동,관훈동,낙원동,경운동,운니동] - 관훈동 0062",https://theme.archives.go.kr/next/acreage/viewCadastreDetail.do?typesub=Y&type=12&packid=0000508312&docid=0050407686&mngno=BJCA000152&want=0&formType=oldName&rtURL=,https://theme.archives.go.kr/viewer/common/archWebViewer.do?singleData=Y&archiveEventId=0050407686,True,0014177170,BJCA000152,0050407686,관훈동 0062,
"경기도 경성부 중부 종로2정목외16정-011[관철동,인사동,관훈동,낙원동,경운동,운니동] - 관훈동 0063",https://theme.archives.go.kr/next/acreage/viewCadastreDetail.do?typesub=Y&type=12&packid=0000508312&docid=0050407687&mngno=BJCA000152&want=0&formType=oldName&rtURL=,https://theme.archives.go.kr/viewer/common/archWebViewer.do?singleData=Y&archiveEventId=0050407687,True,0014177170,BJCA000152,0050407687,관훈동 0063,
"경기도 경성부 중부 종로2정목외16정-011[관철동,인사동,관훈동,낙원동,경운동,운니동] - 관훈동 0064",https://theme.archives.go.kr/next/acreage/viewCadastreDetail.do?typesub=Y&type=12&packid=0000508312&docid=0050576620&mngno=BJCA000152&want=0&formType=oldName&rtURL=,https://theme.archives.go.kr/viewer/common/archWebViewer.do?singleData=Y&archiveEventId=0050576620,True,0014177170,BJCA000152,0050576620,관훈동 0064,
"경기도 경성부 중부 종로2정목외16정-011[관철동,인사동,관훈동,낙원동,경운동,운니동] - 관훈동 0065",https://theme.archives.go.kr/next/acreage/viewCadastreDetail.do?typesub=Y&type=12&packid=0000508312&docid=0050407688&mngno=BJCA000152&want=0&formType=oldName&rtURL=,https://theme.archives.go.kr/viewer/common/archWebViewer.do?singleData=Y&archiveEventId=0050407688,True,0014177170,BJCA000152,0050407688,관훈동 0065,
"경기도 경성부 중부 종로2정목외16정-011[관철동,인사동,관훈동,낙원동,경운동,운니동] - 관훈동 0066",https://theme.archives.go.kr/next/acreage/viewCadastreDetail.do?typesub=Y&type=12&packid=0000508312&docid=0050407689&mngno=BJCA000152&want=0&formType=oldName&rtURL=,https://theme.archives.go.kr/viewer/common/archWebViewer.do?singleData=Y&archiveEventId=0050407689,True,0014177170,BJCA000152,0050407689,관훈동 0066,
"경기도 경성부 중부 종로2정목외16정-011[관철동,인사동,관훈동,낙원동,경운동,운니동] - 관훈동 0067",https://theme.archives.go.kr/next/acreage/viewCadastreDetail.do?typesub=Y&type=12&packid=0000508312&docid=0050576621&mngno=BJCA000152&want=0&formType=oldName&rtURL=,https://theme.archives.go.kr/viewer/common/archWebViewer.do?singleData=Y&archiveEventId=0050576621,True,0014177170,BJCA000152,0050576621,관훈동 0067,
"경기도 경성부 중부 종로2정목외16정-011[관철동,인사동,관훈동,낙원동,경운동,운니동] - 관훈동 0068",https://theme.archives.go.kr/next/acreage/viewCadastreDetail.do?typesub=Y&type=12&packid=0000508312&docid=0050407690&mngno=BJCA000152&want=0&formType=oldName&rtURL=,https://theme.archives.go.kr/viewer/common/archWebViewer.do?singleData=Y&archiveEventId=0050407690,True,0014177170,BJCA000152,0050407690,관훈동 0068,
"경기도 경성부 중부 종로2정목외16정-011[관철동,인사동,관훈동,낙원동,경운동,운니동] - 관훈동 0069",https://theme.archives.go.kr/next/acreage/viewCadastreDetail.do?typesub=Y&type=12&packid=0000508312&docid=0050407691&mngno=BJCA000152&want=0&formType=oldName&rtURL=,https://theme.archives.go.kr/viewer/common/archWebViewer.do?singleData=Y&archiveEventId=0050407691,True,0014177170,BJCA000152,0050407691,관훈동 0069,
"경기도 경성부 중부 종로2정목외16정-011[관철동,인사동,관훈동,낙원동,경운동,운니동] - 관훈동 0070",https://theme.archives.go.kr/next/acreage/viewCadastreDetail.do?typesub=Y&type=12&packid=0000508312&docid=0050576622&mngno=BJCA000152&want=0&formType=oldName&rtURL=,https://theme.archives.go.kr/viewer/common/archWebViewer.do?singleData=Y&archiveEventId=0050576622,True,0014177170,BJCA000152,0050576622,관훈동 0070,
"경기도 경성부 중부 종로2정목외16정-011[관철동,인사동,관훈동,낙원동,경운동,운니동] - 관훈동 0071",https://theme.archives.go.kr/next/acreage/viewCadastreDetail.do?typesub=Y&type=12&packid=0000508312&docid=0050407692&mngno=BJCA000152&want=0&formType=oldName&rtURL=,https://theme.archives.go.kr/viewer/common/archWebViewer.do?singleData=Y&archiveEventId=0050407692,True,0014177170,BJCA000152,0050407692,관훈동 0071,
"경기도 경성부 중부 종로2정목외16정-011[관철동,인사동,관훈동,낙원동,경운동,운니동] - 관훈동 0072",https://theme.archives.go.kr/next/acreage/viewCadastreDetail.do?typesub=Y&type=12&packid=0000508312&docid=0050407693&mngno=BJCA000152&want=0&formType=oldName&rtURL=,https://theme.archives.go.kr/viewer/common/archWebViewer.do?singleData=Y&archiveEventId=0050407693,True,0014177170,BJCA000152,0050407693,관훈동 0072,
"경기도 경성부 중부 종로2정목외16정-011[관철동,인사동,관훈동,낙원동,경운동,운니동] - 관훈동 0073",https://theme.archives.go.kr/next/acreage/viewCadastreDetail.do?typesub=Y&type=12&packid=0000508312&docid=0050576623&mngno=BJCA000152&want=0&formType=oldName&rtURL=,https://theme.archives.go.kr/viewer/common/archWebViewer.do?singleData=Y&archiveEventId=0050576623,True,0014177170,BJCA000152,0050576623,관훈동 0073,
"경기도 경성부 중부 종로2정목외16정-011[관철동,인사동,관훈동,낙원동,경운동,운니동] - 관훈동 0074",https://theme.archives.go.kr/next/acreage/viewCadastreDetail.do?typesub=Y&type=12&packid=0000508312&docid=0050407694&mngno=BJCA000152&want=0&formType=oldName&rtURL=,https://theme.archives.go.kr/viewer/common/archWebViewer.do?singleData=Y&archiveEventId=0050407694,True,0014177170,BJCA000152,0050407694,관훈동 0074,
"경기도 경성부 중부 종로2정목외16정-011[관철동,인사동,관훈동,낙원동,경운동,운니동] - 관훈동 0075",https://theme.archives.go.kr/next/acreage/viewCadastreDetail.do?typesub=Y&type=12&packid=0000508312&docid=0050407695&mngno=BJCA000152&want=0&formType=oldName&rtURL=,https://theme.archives.go.kr/viewer/common/archWebViewer.do?singleData=Y&archiveEventId=0050407695,True,0014177170,BJCA000152,0050407695,관훈동 0075,
"경기도 경성부 중부 종로2정목외16정-011[관철동,인사동,관훈동,낙원동,경운동,운니동] - 관훈동 0076",https://theme.archives.go.kr/next/acreage/viewCadastreDetail.do?typesub=Y&type=12&packid=0000508312&docid=0050576624&mngno=BJCA000152&want=0&formType=oldName&rtURL=,https://theme.archives.go.kr/viewer/common/archWebViewer.do?singleData=Y&archiveEventId=0050576624,True,0014177170,BJCA000152,0050576624,관훈동 0076,
"경기도 경성부 중부 종로2정목외16정-011[관철동,인사동,관훈동,낙원동,경운동,운니동] - 관훈동 0077",https://theme.archives.go.kr/next/acreage/viewCadastreDetail.do?typesub=Y&type=12&packid=0000508312&docid=0050407696&mngno=BJCA000152&want=0&formType=oldName&rtURL=,https://theme.archives.go.kr/viewer/common/archWebViewer.do?singleData=Y&archiveEventId=0050407696,True,0014177170,BJCA000152,0050407696,관훈동 0077,
"경기도 경성부 중부 종로2정목외16정-011[관철동,인사동,관훈동,낙원동,경운동,운니동] - 관훈동 0078",https://theme.archives.go.kr/next/acreage/viewCadastreDetail.do?typesub=Y&type=12&packid=0000508312&docid=0050407697&mngno=BJCA000152&want=0&formType=oldName&rtURL=,https://theme.archives.go.kr/viewer/common/archWebViewer.do?singleData=Y&archiveEventId=0050407697,True,0014177170,BJCA000152,0050407697,관훈동 0078,
"경기도 경성부 중부 종로2정목외16정-011[관철동,인사동,관훈동,낙원동,경운동,운니동] - 관훈동 0079",https://theme.archives.go.kr/next/acreage/viewCadastreDetail.do?typesub=Y&type=12&packid=0000508312&docid=0050576625&mngno=BJCA000152&want=0&formType=oldName&rtURL=,https://theme.archives.go.kr/viewer/common/archWebViewer.do?singleData=Y&archiveEventId=0050576625,True,0014177170,BJCA000152,0050576625,관훈동 0079,
"경기도 경성부 중부 종로2정목외16정-011[관철동,인사동,관훈동,낙원동,경운동,운니동] - 관훈동 0080",https://theme.archives.go.kr/next/acreage/viewCadastreDetail.do?typesub=Y&type=12&packid=0000508312&docid=0050407698&mngno=BJCA000152&want=0&formType=oldName&rtURL=,https://theme.archives.go.kr/viewer/common/archWebViewer.do?singleData=Y&archiveEventId=0050407698,True,0014177170,BJCA000152,0050407698,관훈동 0080,
"경기도 경성부 중부 종로2정목외16정-011[관철동,인사동,관훈동,낙원동,경운동,운니동] - 관훈동 0081",https://theme.archives.go.kr/next/acreage/viewCadastreDetail.do?typesub=Y&type=12&packid=0000508312&docid=0050576651&mngno=BJCA000152&want=0&formType=oldName&rtURL=,https://theme.archives.go.kr/viewer/common/archWebViewer.do?singleData=Y&archiveEventId=0050576651,True,0014177170,BJCA000152,0050576651,관훈동 0081,
"경기도 경성부 중부 종로2정목외16정-011[관철동,인사동,관훈동,낙원동,경운동,운니동] - 관훈동 0082",https://theme.archives.go.kr/next/acreage/viewCadastreDetail.do?typesub=Y&type=12&packid=0000508312&docid=0050407699&mngno=BJCA000152&want=0&formType=oldName&rtURL=,https://theme.archives.go.kr/viewer/common/archWebViewer.do?singleData=Y&archiveEventId=0050407699,True,0014177170,BJCA000152,0050407699,관훈동 0082,
"경기도 경성부 중부 종로2정목외16정-011[관철동,인사동,관훈동,낙원동,경운동,운니동] - 관훈동 0083",https://theme.archives.go.kr/next/acreage/viewCadastreDetail.do?typesub=Y&type=12&packid=0000508312&docid=0050407700&mngno=BJCA000152&want=0&formType=oldName&rtURL=,https://theme.archives.go.kr/viewer/common/archWebViewer.do?singleData=Y&archiveEventId=0050407700,True,0014177170,BJCA000152,0050407700,관훈동 0083,
"경기도 경성부 중부 종로2정목외16정-011[관철동,인사동,관훈동,낙원동,경운동,운니동] - 관훈동 0084",https://theme.archives.go.kr/next/acreage/viewCadastreDetail.do?typesub=Y&type=12&packid=0000508312&docid=0050576626&mngno=BJCA000152&want=0&formType=oldName&rtURL=,https://theme.archives.go.kr/viewer/common/archWebViewer.do?singleData=Y&archiveEventId=0050576626,True,0014177170,BJCA000152,0050576626,관훈동 0084,
"경기도 경성부 중부 종로2정목외16정-011[관철동,인사동,관훈동,낙원동,경운동,운니동] - 관훈동 0085",https://theme.archives.go.kr/next/acreage/viewCadastreDetail.do?typesub=Y&type=12&packid=0000508312&docid=0050407701&mngno=BJCA000152&want=0&formType=oldName&rtURL=,https://theme.archives.go.kr/viewer/common/archWebViewer.do?singleData=Y&archiveEventId=0050407701,True,0014177170,BJCA000152,0050407701,관훈동 0085,
"경기도 경성부 중부 종로2정목외16정-011[관철동,인사동,관훈동,낙원동,경운동,운니동] - 관훈동 0086",https://theme.archives.go.kr/next/acreage/viewCadastreDetail.do?typesub=Y&type=12&packid=0000508312&docid=0050407702&mngno=BJCA000152&want=0&formType=oldName&rtURL=,https://theme.archives.go.kr/viewer/common/archWebViewer.do?singleData=Y&archiveEventId=0050407702,True,0014177170,BJCA000152,0050407702,관훈동 0086,
"경기도 경성부 중부 종로2정목외16정-011[관철동,인사동,관훈동,낙원동,경운동,운니동] - 관훈동 0087",https://theme.archives.go.kr/next/acreage/viewCadastreDetail.do?typesub=Y&type=12&packid=0000508312&docid=0050576627&mngno=BJCA000152&want=0&formType=oldName&rtURL=,https://theme.archives.go.kr/viewer/common/archWebViewer.do?singleData=Y&archiveEventId=0050576627,True,0014177170,BJCA000152,0050576627,관훈동 0087,
"경기도 경성부 중부 종로2정목외16정-011[관철동,인사동,관훈동,낙원동,경운동,운니동] - 관훈동 0088",https://theme.archives.go.kr/next/acreage/viewCadastreDetail.do?typesub=Y&type=12&packid=0000508312&docid=0050407703&mngno=BJCA000152&want=0&formType=oldName&rtURL=,https://theme.archives.go.kr/viewer/common/archWebViewer.do?singleData=Y&archiveEventId=0050407703,True,0014177170,BJCA000152,0050407703,관훈동 0088,
"경기도 경성부 중부 종로2정목외16정-011[관철동,인사동,관훈동,낙원동,경운동,운니동] - 관훈동 0089",https://theme.archives.go.kr/next/acreage/viewCadastreDetail.do?typesub=Y&type=12&packid=0000508312&docid=0050407704&mngno=BJCA000152&want=0&formType=oldName&rtURL=,https://theme.archives.go.kr/viewer/common/archWebViewer.do?singleData=Y&archiveEventId=0050407704,True,0014177170,BJCA000152,0050407704,관훈동 0089,
"경기도 경성부 중부 종로2정목외16정-011[관철동,인사동,관훈동,낙원동,경운동,운니동] - 관훈동 0090",https://theme.archives.go.kr/next/acreage/viewCadastreDetail.do?typesub=Y&type=12&packid=0000508312&docid=0050576578&mngno=BJCA000152&want=0&formType=oldName&rtURL=,https://theme.archives.go.kr/viewer/common/archWebViewer.do?singleData=Y&archiveEventId=0050576578,True,0014177170,BJCA000152,0050576578,관훈동 0090,
"경기도 경성부 중부 종로2정목외16정-011[관철동,인사동,관훈동,낙원동,경운동,운니동] - 관훈동 0091",https://theme.archives.go.kr/next/acreage/viewCadastreDetail.do?typesub=Y&type=12&packid=0000508312&docid=0050576579&mngno=BJCA000152&want=0&formType=oldName&rtURL=,https://theme.archives.go.kr/viewer/common/archWebViewer.do?singleData=Y&archiveEventId=0050576579,True,0014177170,BJCA000152,0050576579,관훈동 0091,
"경기도 경성부 중부 종로2정목외16정-011[관철동,인사동,관훈동,낙원동,경운동,운니동] - 관훈동 0092",https://theme.archives.go.kr/next/acreage/viewCadastreDetail.do?typesub=Y&type=12&packid=0000508312&docid=0050407705&mngno=BJCA000152&want=0&formType=oldName&rtURL=,https://theme.archives.go.kr/viewer/common/archWebViewer.do?singleData=Y&archiveEventId=0050407705,True,0014177170,BJCA000152,0050407705,관훈동 0092,
"경기도 경성부 중부 종로2정목외16정-011[관철동,인사동,관훈동,낙원동,경운동,운니동] - 관훈동 0093",https://theme.archives.go.kr/next/acreage/viewCadastreDetail.do?typesub=Y&type=12&packid=0000508312&docid=0050407706&mngno=BJCA000152&want=0&formType=oldName&rtURL=,https://theme.archives.go.kr/viewer/common/archWebViewer.do?singleData=Y&archiveEventId=0050407706,True,0014177170,BJCA000152,0050407706,관훈동 0093,
"경기도 경성부 중부 종로2정목외16정-011[관철동,인사동,관훈동,낙원동,경운동,운니동] - 관훈동 0094",https://theme.archives.go.kr/next/acreage/viewCadastreDetail.do?typesub=Y&type=12&packid=0000508312&docid=0050576580&mngno=BJCA000152&want=0&formType=oldName&rtURL=,https://theme.archives.go.kr/viewer/common/archWebViewer.do?singleData=Y&archiveEventId=0050576580,True,0014177170,BJCA000152,0050576580,관훈동 0094,
"경기도 경성부 중부 종로2정목외16정-011[관철동,인사동,관훈동,낙원동,경운동,운니동] - 관훈동 0095",https://theme.archives.go.kr/next/acreage/viewCadastreDetail.do?typesub=Y&type=12&packid=0000508312&docid=0050407707&mngno=BJCA000152&want=0&formType=oldName&rtURL=,https://theme.archives.go.kr/viewer/common/archWebViewer.do?singleData=Y&archiveEventId=0050407707,True,0014177170,BJCA000152,0050407707,관훈동 0095,
"경기도 경성부 중부 종로2정목외16정-011[관철동,인사동,관훈동,낙원동,경운동,운니동] - 관훈동 0096",https://theme.archives.go.kr/next/acreage/viewCadastreDetail.do?typesub=Y&type=12&packid=0000508312&docid=0050407708&mngno=BJCA000152&want=0&formType=oldName&rtURL=,https://theme.archives.go.kr/viewer/common/archWebViewer.do?singleData=Y&archiveEventId=0050407708,True,0014177170,BJCA000152,0050407708,관훈동 0096,
"경기도 경성부 중부 종로2정목외16정-011[관철동,인사동,관훈동,낙원동,경운동,운니동] - 관훈동 0097",https://theme.archives.go.kr/next/acreage/viewCadastreDetail.do?typesub=Y&type=12&packid=0000508312&docid=0050576581&mngno=BJCA000152&want=0&formType=oldName&rtURL=,https://theme.archives.go.kr/viewer/common/archWebViewer.do?singleData=Y&archiveEventId=0050576581,True,0014177170,BJCA000152,0050576581,관훈동 0097,
"경기도 경성부 중부 종로2정목외16정-011[관철동,인사동,관훈동,낙원동,경운동,운니동] - 관훈동 0098",https://theme.archives.go.kr/next/acreage/viewCadastreDetail.do?typesub=Y&type=12&packid=0000508312&docid=0050407709&mngno=BJCA000152&want=0&formType=oldName&rtURL=,https://theme.archives.go.kr/viewer/common/archWebViewer.do?singleData=Y&archiveEventId=0050407709,True,0014177170,BJCA000152,0050407709,관훈동 0098,
"경기도 경성부 중부 종로2정목외16정-011[관철동,인사동,관훈동,낙원동,경운동,운니동] - 관훈동 0099",https://theme.archives.go.kr/next/acreage/viewCadastreDetail.do?typesub=Y&type=12&packid=0000508312&docid=0050407710&mngno=BJCA000152&want=0&formType=oldName&rtURL=,https://theme.archives.go.kr/viewer/common/archWebViewer.do?singleData=Y&archiveEventId=0050407710,True,0014177170,BJCA000152,0050407710,관훈동 0099,
"경기도 경성부 중부 종로2정목외16정-011[관철동,인사동,관훈동,낙원동,경운동,운니동] - 관훈동 0100",https://theme.archives.go.kr/next/acreage/viewCadastreDetail.do?typesub=Y&type=12&packid=0000508312&docid=0050576582&mngno=BJCA000152&want=0&formType=oldName&rtURL=,https://theme.archives.go.kr/viewer/common/archWebViewer.do?singleData=Y&archiveEventId=0050576582,True,0014177170,BJCA000152,0050576582,관훈동 0100,
"경기도 경성부 중부 종로2정목외16정-011[관철동,인사동,관훈동,낙원동,경운동,운니동] - 관훈동 0101",https://theme.archives.go.kr/next/acreage/viewCadastreDetail.do?typesub=Y&type=12&packid=0000508312&docid=0050407711&mngno=BJCA000152&want=0&formType=oldName&rtURL=,https://theme.archives.go.kr/viewer/common/archWebViewer.do?singleData=Y&archiveEventId=0050407711,True,0014177170,BJCA000152,0050407711,관훈동 0101,
"경기도 경성부 중부 종로2정목외16정-011[관철동,인사동,관훈동,낙원동,경운동,운니동] - 관훈동 0102",https://theme.archives.go.kr/next/acreage/viewCadastreDetail.do?typesub=Y&type=12&packid=0000508312&docid=0050407712&mngno=BJCA000152&want=0&formType=oldName&rtURL=,https://theme.archives.go.kr/viewer/common/archWebViewer.do?singleData=Y&archiveEventId=0050407712,True,0014177170,BJCA000152,0050407712,관훈동 0102,
"경기도 경성부 중부 종로2정목외16정-011[관철동,인사동,관훈동,낙원동,경운동,운니동] - 관훈동 0103",https://theme.archives.go.kr/next/acreage/viewCadastreDetail.do?typesub=Y&type=12&packid=0000508312&docid=0050576583&mngno=BJCA000152&want=0&formType=oldName&rtURL=,https://theme.archives.go.kr/viewer/common/archWebViewer.do?singleData=Y&archiveEventId=0050576583,True,0014177170,BJCA000152,0050576583,관훈동 0103,
"경기도 경성부 중부 종로2정목외16정-011[관철동,인사동,관훈동,낙원동,경운동,운니동] - 관훈동 0104",https://theme.archives.go.kr/next/acreage/viewCadastreDetail.do?typesub=Y&type=12&packid=0000508312&docid=0050407713&mngno=BJCA000152&want=0&formType=oldName&rtURL=,https://theme.archives.go.kr/viewer/common/archWebViewer.do?singleData=Y&archiveEventId=0050407713,True,0014177170,BJCA000152,0050407713,관훈동 0104,
"경기도 경성부 중부 종로2정목외16정-011[관철동,인사동,관훈동,낙원동,경운동,운니동] - 관훈동 0105",https://theme.archives.go.kr/next/acreage/viewCadastreDetail.do?typesub=Y&type=12&packid=0000508312&docid=0050407714&mngno=BJCA000152&want=0&formType=oldName&rtURL=,https://theme.archives.go.kr/viewer/common/archWebViewer.do?singleData=Y&archiveEventId=0050407714,True,0014177170,BJCA000152,0050407714,관훈동 0105,
"경기도 경성부 중부 종로2정목외16정-011[관철동,인사동,관훈동,낙원동,경운동,운니동] - 관훈동 0106",https://theme.archives.go.kr/next/acreage/viewCadastreDetail.do?typesub=Y&type=12&packid=0000508312&docid=0050576584&mngno=BJCA000152&want=0&formType=oldName&rtURL=,https://theme.archives.go.kr/viewer/common/archWebViewer.do?singleData=Y&archiveEventId=0050576584,True,0014177170,BJCA000152,0050576584,관훈동 0106,
"경기도 경성부 중부 종로2정목외16정-011[관철동,인사동,관훈동,낙원동,경운동,운니동] - 관훈동 0107",https://theme.archives.go.kr/next/acreage/viewCadastreDetail.do?typesub=Y&type=12&packid=0000508312&docid=0050407715&mngno=BJCA000152&want=0&formType=oldName&rtURL=,https://theme.archives.go.kr/viewer/common/archWebViewer.do?singleData=Y&archiveEventId=0050407715,True,0014177170,BJCA000152,0050407715,관훈동 0107,
"경기도 경성부 중부 종로2정목외16정-011[관철동,인사동,관훈동,낙원동,경운동,운니동] - 관훈동 0108",https://theme.archives.go.kr/next/acreage/viewCadastreDetail.do?typesub=Y&type=12&packid=0000508312&docid=0050407716&mngno=BJCA000152&want=0&formType=oldName&rtURL=,https://theme.archives.go.kr/viewer/common/archWebViewer.do?singleData=Y&archiveEventId=0050407716,True,0014177170,BJCA000152,0050407716,관훈동 0108,
"경기도 경성부 중부 종로2정목외16정-011[관철동,인사동,관훈동,낙원동,경운동,운니동] - 관훈동 0109",https://theme.archives.go.kr/next/acreage/viewCadastreDetail.do?typesub=Y&type=12&packid=0000508312&docid=0050407717&mngno=BJCA000152&want=0&formType=oldName&rtURL=,https://theme.archives.go.kr/viewer/common/archWebViewer.do?singleData=Y&archiveEventId=0050407717,True,0014177170,BJCA000152,0050407717,관훈동 0109,
"경기도 경성부 중부 종로2정목외16정-011[관철동,인사동,관훈동,낙원동,경운동,운니동] - 관훈동 0110",https://theme.archives.go.kr/next/acreage/viewCadastreDetail.do?typesub=Y&type=12&packid=0000508312&docid=0050576585&mngno=BJCA000152&want=0&formType=oldName&rtURL=,https://theme.archives.go.kr/viewer/common/archWebViewer.do?singleData=Y&archiveEventId=0050576585,True,0014177170,BJCA000152,0050576585,관훈동 0110,
"경기도 경성부 중부 종로2정목외16정-011[관철동,인사동,관훈동,낙원동,경운동,운니동] - 관훈동 0111",https://theme.archives.go.kr/next/acreage/viewCadastreDetail.do?typesub=Y&type=12&packid=0000508312&docid=0050407718&mngno=BJCA000152&want=0&formType=oldName&rtURL=,https://theme.archives.go.kr/viewer/common/archWebViewer.do?singleData=Y&archiveEventId=0050407718,True,0014177170,BJCA000152,0050407718,관훈동 0111,
"경기도 경성부 중부 종로2정목외16정-011[관철동,인사동,관훈동,낙원동,경운동,운니동] - 관훈동 0112",https://theme.archives.go.kr/next/acreage/viewCadastreDetail.do?typesub=Y&type=12&packid=0000508312&docid=0050407719&mngno=BJCA000152&want=0&formType=oldName&rtURL=,https://theme.archives.go.kr/viewer/common/archWebViewer.do?singleData=Y&archiveEventId=0050407719,True,0014177170,BJCA000152,0050407719,관훈동 0112,
"경기도 경성부 중부 종로2정목외16정-011[관철동,인사동,관훈동,낙원동,경운동,운니동] - 관훈동 0117",https://theme.archives.go.kr/next/acreage/viewCadastreDetail.do?typesub=Y&type=12&packid=0000508312&docid=0050576586&mngno=BJCA000152&want=0&formType=oldName&rtURL=,https://theme.archives.go.kr/viewer/common/archWebViewer.do?singleData=Y&archiveEventId=0050576586,True,0014177170,BJCA000152,0050576586,관훈동 0117,
"경기도 경성부 중부 종로2정목외16정-011[관철동,인사동,관훈동,낙원동,경운동,운니동] - 관훈동 0118",https://theme.archives.go.kr/next/acreage/viewCadastreDetail.do?typesub=Y&type=12&packid=0000508312&docid=0050407720&mngno=BJCA000152&want=0&formType=oldName&rtURL=,https://theme.archives.go.kr/viewer/common/archWebViewer.do?singleData=Y&archiveEventId=0050407720,True,0014177170,BJCA000152,0050407720,관훈동 0118,
"경기도 경성부 중부 종로2정목외16정-011[관철동,인사동,관훈동,낙원동,경운동,운니동] - 관훈동 0119",https://theme.archives.go.kr/next/acreage/viewCadastreDetail.do?typesub=Y&type=12&packid=0000508312&docid=0050407721&mngno=BJCA000152&want=0&formType=oldName&rtURL=,https://theme.archives.go.kr/viewer/common/archWebViewer.do?singleData=Y&archiveEventId=0050407721,True,0014177170,BJCA000152,0050407721,관훈동 0119,
"경기도 경성부 중부 종로2정목외16정-011[관철동,인사동,관훈동,낙원동,경운동,운니동] - 관훈동 0155",https://theme.archives.go.kr/next/acreage/viewCadastreDetail.do?typesub=Y&type=12&packid=0000508312&docid=0050576587&mngno=BJCA000152&want=0&formType=oldName&rtURL=,https://theme.archives.go.kr/viewer/common/archWebViewer.do?singleData=Y&archiveEventId=0050576587,True,0014177170,BJCA000152,0050576587,관훈동 0155,
"경기도 경성부 중부 종로2정목외16정-011[관철동,인사동,관훈동,낙원동,경운동,운니동] - 관훈동 0157",https://theme.archives.go.kr/next/acreage/viewCadastreDetail.do?typesub=Y&type=12&packid=0000508312&docid=0050407722&mngno=BJCA000152&want=0&formType=oldName&rtURL=,https://theme.archives.go.kr/viewer/common/archWebViewer.do?singleData=Y&archiveEventId=0050407722,True,0014177170,BJCA000152,0050407722,관훈동 0157,
"경기도 경성부 중부 종로2정목외16정-011[관철동,인사동,관훈동,낙원동,경운동,운니동] - 관훈동 0158",https://theme.archives.go.kr/next/acreage/viewCadastreDetail.do?typesub=Y&type=12&packid=0000508312&docid=0050407723&mngno=BJCA000152&want=0&formType=oldName&rtURL=,https://theme.archives.go.kr/viewer/common/archWebViewer.do?singleData=Y&archiveEventId=0050407723,True,0014177170,BJCA000152,0050407723,관훈동 0158,
"경기도 경성부 중부 종로2정목외16정-011[관철동,인사동,관훈동,낙원동,경운동,운니동] - 관훈동 0159",https://theme.archives.go.kr/next/acreage/viewCadastreDetail.do?typesub=Y&type=12&packid=0000508312&docid=0050576588&mngno=BJCA000152&want=0&formType=oldName&rtURL=,https://theme.archives.go.kr/viewer/common/archWebViewer.do?singleData=Y&archiveEventId=0050576588,True,0014177170,BJCA000152,0050576588,관훈동 0159,
"경기도 경성부 중부 종로2정목외16정-011[관철동,인사동,관훈동,낙원동,경운동,운니동] - 관훈동 0160",https://theme.archives.go.kr/next/acreage/viewCadastreDetail.do?typesub=Y&type=12&packid=0000508312&docid=0050407724&mngno=BJCA000152&want=0&formType=oldName&rtURL=,https://theme.archives.go.kr/viewer/common/archWebViewer.do?singleData=Y&archiveEventId=0050407724,True,0014177170,BJCA000152,0050407724,관훈동 0160,
"경기도 경성부 중부 종로2정목외16정-011[관철동,인사동,관훈동,낙원동,경운동,운니동] - 관훈동 0161",https://theme.archives.go.kr/next/acreage/viewCadastreDetail.do?typesub=Y&type=12&packid=0000508312&docid=0050407725&mngno=BJCA000152&want=0&formType=oldName&rtURL=,https://theme.archives.go.kr/viewer/common/archWebViewer.do?singleData=Y&archiveEventId=0050407725,True,0014177170,BJCA000152,0050407725,관훈동 0161,
"경기도 경성부 중부 종로2정목외16정-011[관철동,인사동,관훈동,낙원동,경운동,운니동] - 관훈동 0162",https://theme.archives.go.kr/next/acreage/viewCadastreDetail.do?typesub=Y&type=12&packid=0000508312&docid=0050576589&mngno=BJCA000152&want=0&formType=oldName&rtURL=,https://theme.archives.go.kr/viewer/common/archWebViewer.do?singleData=Y&archiveEventId=0050576589,True,0014177170,BJCA000152,0050576589,관훈동 0162,
"경기도 경성부 중부 종로2정목외16정-011[관철동,인사동,관훈동,낙원동,경운동,운니동] - 관훈동 0163",https://theme.archives.go.kr/next/acreage/viewCadastreDetail.do?typesub=Y&type=12&packid=0000508312&docid=0050407726&mngno=BJCA000152&want=0&formType=oldName&rtURL=,https://theme.archives.go.kr/viewer/common/archWebViewer.do?singleData=Y&archiveEventId=0050407726,True,0014177170,BJCA000152,0050407726,관훈동 0163,
"경기도 경성부 중부 종로2정목외16정-011[관철동,인사동,관훈동,낙원동,경운동,운니동] - 관훈동 0164",https://theme.archives.go.kr/next/acreage/viewCadastreDetail.do?typesub=Y&type=12&packid=0000508312&docid=0050576652&mngno=BJCA000152&want=0&formType=oldName&rtURL=,https://theme.archives.go.kr/viewer/common/archWebViewer.do?singleData=Y&archiveEventId=0050576652,True,0014177170,BJCA000152,0050576652,관훈동 0164,
"경기도 경성부 중부 종로2정목외16정-011[관철동,인사동,관훈동,낙원동,경운동,운니동] - 관훈동 0165",https://theme.archives.go.kr/next/acreage/viewCadastreDetail.do?typesub=Y&type=12&packid=0000508312&docid=0050407727&mngno=BJCA000152&want=0&formType=oldName&rtURL=,https://theme.archives.go.kr/viewer/common/archWebViewer.do?singleData=Y&archiveEventId=0050407727,True,0014177170,BJCA000152,0050407727,관훈동 0165,
"경기도 경성부 중부 종로2정목외16정-011[관철동,인사동,관훈동,낙원동,경운동,운니동] - 관훈동 0166",https://theme.archives.go.kr/next/acreage/viewCadastreDetail.do?typesub=Y&type=12&packid=0000508312&docid=0050576590&mngno=BJCA000152&want=0&formType=oldName&rtURL=,https://theme.archives.go.kr/viewer/common/archWebViewer.do?singleData=Y&archiveEventId=0050576590,True,0014177170,BJCA000152,0050576590,관훈동 0166,
"경기도 경성부 중부 종로2정목외16정-011[관철동,인사동,관훈동,낙원동,경운동,운니동] - 관훈동 0167",https://theme.archives.go.kr/next/acreage/viewCadastreDetail.do?typesub=Y&type=12&packid=0000508312&docid=0050407728&mngno=BJCA000152&want=0&formType=oldName&rtURL=,https://theme.archives.go.kr/viewer/common/archWebViewer.do?singleData=Y&archiveEventId=0050407728,True,0014177170,BJCA000152,0050407728,관훈동 0167,
"경기도 경성부 중부 종로2정목외16정-011[관철동,인사동,관훈동,낙원동,경운동,운니동] - 관훈동 0168",https://theme.archives.go.kr/next/acreage/viewCadastreDetail.do?typesub=Y&type=12&packid=0000508312&docid=0050407729&mngno=BJCA000152&want=0&formType=oldName&rtURL=,https://theme.archives.go.kr/viewer/common/archWebViewer.do?singleData=Y&archiveEventId=0050407729,True,0014177170,BJCA000152,0050407729,관훈동 0168,
"경기도 경성부 중부 종로2정목외16정-011[관철동,인사동,관훈동,낙원동,경운동,운니동] - 관훈동 0169",https://theme.archives.go.kr/next/acreage/viewCadastreDetail.do?typesub=Y&type=12&packid=0000508312&docid=0050576591&mngno=BJCA000152&want=0&formType=oldName&rtURL=,https://theme.archives.go.kr/viewer/common/archWebViewer.do?singleData=Y&archiveEventId=0050576591,True,0014177170,BJCA000152,0050576591,관훈동 0169,
"경기도 경성부 중부 종로2정목외16정-011[관철동,인사동,관훈동,낙원동,경운동,운니동] - 관훈동 0170",https://theme.archives.go.kr/next/acreage/viewCadastreDetail.do?typesub=Y&type=12&packid=0000508312&docid=0050407730&mngno=BJCA000152&want=0&formType=oldName&rtURL=,https://theme.archives.go.kr/viewer/common/archWebViewer.do?singleData=Y&archiveEventId=0050407730,True,0014177170,BJCA000152,0050407730,관훈동 0170,
"경기도 경성부 중부 종로2정목외16정-011[관철동,인사동,관훈동,낙원동,경운동,운니동] - 관훈동 0171",https://theme.archives.go.kr/next/acreage/viewCadastreDetail.do?typesub=Y&type=12&packid=0000508312&docid=0050480138&mngno=BJCA000152&want=0&formType=oldName&rtURL=,https://theme.archives.go.kr/viewer/common/archWebViewer.do?singleData=Y&archiveEventId=0050480138,True,0014177170,BJCA000152,0050480138,관훈동 0171,
"경기도 경성부 중부 종로2정목외16정-011[관철동,인사동,관훈동,낙원동,경운동,운니동] - 관훈동 0172",https://theme.archives.go.kr/next/acreage/viewCadastreDetail.do?typesub=Y&type=12&packid=0000508312&docid=0050576592&mngno=BJCA000152&want=0&formType=oldName&rtURL=,https://theme.archives.go.kr/viewer/common/archWebViewer.do?singleData=Y&archiveEventId=0050576592,True,0014177170,BJCA000152,0050576592,관훈동 0172,
"경기도 경성부 중부 종로2정목외16정-011[관철동,인사동,관훈동,낙원동,경운동,운니동] - 관훈동 0173",https://theme.archives.go.kr/next/acreage/viewCadastreDetail.do?typesub=Y&type=12&packid=0000508312&docid=0050407731&mngno=BJCA000152&want=0&formType=oldName&rtURL=,https://theme.archives.go.kr/viewer/common/archWebViewer.do?singleData=Y&archiveEventId=0050407731,True,0014177170,BJCA000152,0050407731,관훈동 0173,
"경기도 경성부 중부 종로2정목외16정-011[관철동,인사동,관훈동,낙원동,경운동,운니동] - 관훈동 0174",https://theme.archives.go.kr/next/acreage/viewCadastreDetail.do?typesub=Y&type=12&packid=0000508312&docid=0050407732&mngno=BJCA000152&want=0&formType=oldName&rtURL=,https://theme.archives.go.kr/viewer/common/archWebViewer.do?singleData=Y&archiveEventId=0050407732,True,0014177170,BJCA000152,0050407732,관훈동 0174,
"경기도 경성부 중부 종로2정목외16정-011[관철동,인사동,관훈동,낙원동,경운동,운니동] - 관훈동 0175",https://theme.archives.go.kr/next/acreage/viewCadastreDetail.do?typesub=Y&type=12&packid=0000508312&docid=0050407733&mngno=BJCA000152&want=0&formType=oldName&rtURL=,https://theme.archives.go.kr/viewer/common/archWebViewer.do?singleData=Y&archiveEventId=0050407733,True,0014177170,BJCA000152,0050407733,관훈동 0175,
"경기도 경성부 중부 종로2정목외16정-011[관철동,인사동,관훈동,낙원동,경운동,운니동] - 관훈동 0176",https://theme.archives.go.kr/next/acreage/viewCadastreDetail.do?typesub=Y&type=12&packid=0000508312&docid=0050576593&mngno=BJCA000152&want=0&formType=oldName&rtURL=,https://theme.archives.go.kr/viewer/common/archWebViewer.do?singleData=Y&archiveEventId=0050576593,True,0014177170,BJCA000152,0050576593,관훈동 0176,
"경기도 경성부 중부 종로2정목외16정-011[관철동,인사동,관훈동,낙원동,경운동,운니동] - 관훈동 0177",https://theme.archives.go.kr/next/acreage/viewCadastreDetail.do?typesub=Y&type=12&packid=0000508312&docid=0050407734&mngno=BJCA000152&want=0&formType=oldName&rtURL=,https://theme.archives.go.kr/viewer/common/archWebViewer.do?singleData=Y&archiveEventId=0050407734,True,0014177170,BJCA000152,0050407734,관훈동 0177,
"경기도 경성부 중부 종로2정목외16정-011[관철동,인사동,관훈동,낙원동,경운동,운니동] - 관훈동 0180",https://theme.archives.go.kr/next/acreage/viewCadastreDetail.do?typesub=Y&type=12&packid=0000508312&docid=0050407735&mngno=BJCA000152&want=0&formType=oldName&rtURL=,https://theme.archives.go.kr/viewer/common/archWebViewer.do?singleData=Y&archiveEventId=0050407735,True,0014177170,BJCA000152,0050407735,관훈동 0180,
"경기도 경성부 중부 종로2정목외16정-011[관철동,인사동,관훈동,낙원동,경운동,운니동] - 관훈동 0181",https://theme.archives.go.kr/next/acreage/viewCadastreDetail.do?typesub=Y&type=12&packid=0000508312&docid=0050407736&mngno=BJCA000152&want=0&formType=oldName&rtURL=,https://theme.archives.go.kr/viewer/common/archWebViewer.do?singleData=Y&archiveEventId=0050407736,True,0014177170,BJCA000152,0050407736,관훈동 0181,
"경기도 경성부 중부 종로2정목외16정-011[관철동,인사동,관훈동,낙원동,경운동,운니동] - 관훈동 0182",https://theme.archives.go.kr/next/acreage/viewCadastreDetail.do?typesub=Y&type=12&packid=0000508312&docid=0050576594&mngno=BJCA000152&want=0&formType=oldName&rtURL=,https://theme.archives.go.kr/viewer/common/archWebViewer.do?singleData=Y&archiveEventId=0050576594,True,0014177170,BJCA000152,0050576594,관훈동 0182,
"경기도 경성부 중부 종로2정목외16정-011[관철동,인사동,관훈동,낙원동,경운동,운니동] - 관훈동 0183",https://theme.archives.go.kr/next/acreage/viewCadastreDetail.do?typesub=Y&type=12&packid=0000508312&docid=0050407737&mngno=BJCA000152&want=0&formType=oldName&rtURL=,https://theme.archives.go.kr/viewer/common/archWebViewer.do?singleData=Y&archiveEventId=0050407737,True,0014177170,BJCA000152,0050407737,관훈동 0183,
"경기도 경성부 중부 종로2정목외16정-011[관철동,인사동,관훈동,낙원동,경운동,운니동] - 관훈동 0184",https://theme.archives.go.kr/next/acreage/viewCadastreDetail.do?typesub=Y&type=12&packid=0000508312&docid=0050407738&mngno=BJCA000152&want=0&formType=oldName&rtURL=,https://theme.archives.go.kr/viewer/common/archWebViewer.do?singleData=Y&archiveEventId=0050407738,True,0014177170,BJCA000152,0050407738,관훈동 0184,
"경기도 경성부 중부 종로2정목외16정-011[관철동,인사동,관훈동,낙원동,경운동,운니동] - 관훈동 0185",https://theme.archives.go.kr/next/acreage/viewCadastreDetail.do?typesub=Y&type=12&packid=0000508312&docid=0050576595&mngno=BJCA000152&want=0&formType=oldName&rtURL=,https://theme.archives.go.kr/viewer/common/archWebViewer.do?singleData=Y&archiveEventId=0050576595,True,0014177170,BJCA000152,0050576595,관훈동 0185,
"경기도 경성부 중부 종로2정목외16정-011[관철동,인사동,관훈동,낙원동,경운동,운니동] - 관훈동 0186",https://theme.archives.go.kr/next/acreage/viewCadastreDetail.do?typesub=Y&type=12&packid=0000508312&docid=0050407739&mngno=BJCA000152&want=0&formType=oldName&rtURL=,https://theme.archives.go.kr/viewer/common/archWebViewer.do?singleData=Y&archiveEventId=0050407739,True,0014177170,BJCA000152,0050407739,관훈동 0186,
"경기도 경성부 중부 종로2정목외16정-011[관철동,인사동,관훈동,낙원동,경운동,운니동] - 관훈동 0187",https://theme.archives.go.kr/next/acreage/viewCadastreDetail.do?typesub=Y&type=12&packid=0000508312&docid=0050407740&mngno=BJCA000152&want=0&formType=oldName&rtURL=,https://theme.archives.go.kr/viewer/common/archWebViewer.do?singleData=Y&archiveEventId=0050407740,True,0014177170,BJCA000152,0050407740,관훈동 0187,
"경기도 경성부 중부 종로2정목외16정-011[관철동,인사동,관훈동,낙원동,경운동,운니동] - 관훈동 0188",https://theme.archives.go.kr/next/acreage/viewCadastreDetail.do?typesub=Y&type=12&packid=0000508312&docid=0050576596&mngno=BJCA000152&want=0&formType=oldName&rtURL=,https://theme.archives.go.kr/viewer/common/archWebViewer.do?singleData=Y&archiveEventId=0050576596,True,0014177170,BJCA000152,0050576596,관훈동 0188,
"경기도 경성부 중부 종로2정목외16정-011[관철동,인사동,관훈동,낙원동,경운동,운니동] - 관훈동 0189",https://theme.archives.go.kr/next/acreage/viewCadastreDetail.do?typesub=Y&type=12&packid=0000508312&docid=0050407741&mngno=BJCA000152&want=0&formType=oldName&rtURL=,https://theme.archives.go.kr/viewer/common/archWebViewer.do?singleData=Y&archiveEventId=0050407741,True,0014177170,BJCA000152,0050407741,관훈동 0189,
"경기도 경성부 중부 종로2정목외16정-011[관철동,인사동,관훈동,낙원동,경운동,운니동] - 관훈동 0190",https://theme.archives.go.kr/next/acreage/viewCadastreDetail.do?typesub=Y&type=12&packid=0000508312&docid=0050407742&mngno=BJCA000152&want=0&formType=oldName&rtURL=,https://theme.archives.go.kr/viewer/common/archWebViewer.do?singleData=Y&archiveEventId=0050407742,True,0014177170,BJCA000152,0050407742,관훈동 0190,
"경기도 경성부 중부 종로2정목외16정-011[관철동,인사동,관훈동,낙원동,경운동,운니동] - 관훈동 0191",https://theme.archives.go.kr/next/acreage/viewCadastreDetail.do?typesub=Y&type=12&packid=0000508312&docid=0050576597&mngno=BJCA000152&want=0&formType=oldName&rtURL=,https://theme.archives.go.kr/viewer/common/archWebViewer.do?singleData=Y&archiveEventId=0050576597,True,0014177170,BJCA000152,0050576597,관훈동 0191,
"경기도 경성부 중부 종로2정목외16정-011[관철동,인사동,관훈동,낙원동,경운동,운니동] - 관훈동 0192",https://theme.archives.go.kr/next/acreage/viewCadastreDetail.do?typesub=Y&type=12&packid=0000508312&docid=0050407743&mngno=BJCA000152&want=0&formType=oldName&rtURL=,https://theme.archives.go.kr/viewer/common/archWebViewer.do?singleData=Y&archiveEventId=0050407743,True,0014177170,BJCA000152,0050407743,관훈동 0192,
"경기도 경성부 중부 종로2정목외16정-012[관철동,인사동,관훈동,낙원동,경운동,운니동] - 관훈동 0001",https://theme.archives.go.kr/next/acreage/viewCadastreDetail.do?typesub=Y&type=12&packid=0000508313&docid=0014177171&mngno=BJCA000153&want=0&formType=oldName&rtURL=,https://theme.archives.go.kr/viewer/common/archWebViewer.do?singleData=Y&archiveEventId=0014177171,True,0014177171,BJCA000153,0014177171,관훈동 0001,
"경기도 경성부 중부 종로2정목외16정-012[관철동,인사동,관훈동,낙원동,경운동,운니동] - 관훈동 0002",https://theme.archives.go.kr/next/acreage/viewCadastreDetail.do?typesub=Y&type=12&packid=0000508313&docid=0049889310&mngno=BJCA000153&want=0&formType=oldName&rtURL=,https://theme.archives.go.kr/viewer/common/archWebViewer.do?singleData=Y&archiveEventId=0049889310,True,0014177171,BJCA000153,0049889310,관훈동 0002,
"경기도 경성부 중부 종로2정목외16정-012[관철동,인사동,관훈동,낙원동,경운동,운니동] - 관훈동 0003",https://theme.archives.go.kr/next/acreage/viewCadastreDetail.do?typesub=Y&type=12&packid=0000508313&docid=0049403225&mngno=BJCA000153&want=0&formType=oldName&rtURL=,https://theme.archives.go.kr/viewer/common/archWebViewer.do?singleData=Y&archiveEventId=0049403225,True,0014177171,BJCA000153,0049403225,관훈동 0003,
"경기도 경성부 중부 종로2정목외16정-012[관철동,인사동,관훈동,낙원동,경운동,운니동] - 관훈동 0004",https://theme.archives.go.kr/next/acreage/viewCadastreDetail.do?typesub=Y&type=12&packid=0000508313&docid=0049403226&mngno=BJCA000153&want=0&formType=oldName&rtURL=,https://theme.archives.go.kr/viewer/common/archWebViewer.do?singleData=Y&archiveEventId=0049403226,True,0014177171,BJCA000153,0049403226,관훈동 0004,
"경기도 경성부 중부 종로2정목외16정-012[관철동,인사동,관훈동,낙원동,경운동,운니동] - 관훈동 0005",https://theme.archives.go.kr/next/acreage/viewCadastreDetail.do?typesub=Y&type=12&packid=0000508313&docid=0049889312&mngno=BJCA000153&want=0&formType=oldName&rtURL=,https://theme.archives.go.kr/viewer/common/archWebViewer.do?singleData=Y&archiveEventId=0049889312,True,0014177171,BJCA000153,0049889312,관훈동 0005,
"경기도 경성부 중부 종로2정목외16정-012[관철동,인사동,관훈동,낙원동,경운동,운니동] - 관훈동 0006",https://theme.archives.go.kr/next/acreage/viewCadastreDetail.do?typesub=Y&type=12&packid=0000508313&docid=0049403227&mngno=BJCA000153&want=0&formType=oldName&rtURL=,https://theme.archives.go.kr/viewer/common/archWebViewer.do?singleData=Y&archiveEventId=0049403227,True,0014177171,BJCA000153,0049403227,관훈동 0006,
"경기도 경성부 중부 종로2정목외16정-012[관철동,인사동,관훈동,낙원동,경운동,운니동] - 관훈동 0007",https://theme.archives.go.kr/next/acreage/viewCadastreDetail.do?typesub=Y&type=12&packid=0000508313&docid=0049403228&mngno=BJCA000153&want=0&formType=oldName&rtURL=,https://theme.archives.go.kr/viewer/common/archWebViewer.do?singleData=Y&archiveEventId=0049403228,True,0014177171,BJCA000153,0049403228,관훈동 0007,
"경기도 경성부 중부 종로2정목외16정-012[관철동,인사동,관훈동,낙원동,경운동,운니동] - 관훈동 0008",https://theme.archives.go.kr/next/acreage/viewCadastreDetail.do?typesub=Y&type=12&packid=0000508313&docid=0049403229&mngno=BJCA000153&want=0&formType=oldName&rtURL=,https://theme.archives.go.kr/viewer/common/archWebViewer.do?singleData=Y&archiveEventId=0049403229,True,0014177171,BJCA000153,0049403229,관훈동 0008,
"경기도 경성부 중부 종로2정목외16정-012[관철동,인사동,관훈동,낙원동,경운동,운니동] - 관훈동 0009",https://theme.archives.go.kr/next/acreage/viewCadastreDetail.do?typesub=Y&type=12&packid=0000508313&docid=0049889213&mngno=BJCA000153&want=0&formType=oldName&rtURL=,https://theme.archives.go.kr/viewer/common/archWebViewer.do?singleData=Y&archiveEventId=0049889213,True,0014177171,BJCA000153,0049889213,관훈동 0009,
"경기도 경성부 중부 종로2정목외16정-012[관철동,인사동,관훈동,낙원동,경운동,운니동] - 관훈동 0010",https://theme.archives.go.kr/next/acreage/viewCadastreDetail.do?typesub=Y&type=12&packid=0000508313&docid=0049732139&mngno=BJCA000153&want=0&formType=oldName&rtURL=,https://theme.archives.go.kr/viewer/common/archWebViewer.do?singleData=Y&archiveEventId=0049732139,True,0014177171,BJCA000153,0049732139,관훈동 0010,
"경기도 경성부 중부 종로2정목외16정-012[관철동,인사동,관훈동,낙원동,경운동,운니동] - 관훈동 0011",https://theme.archives.go.kr/next/acreage/viewCadastreDetail.do?typesub=Y&type=12&packid=0000508313&docid=0049403230&mngno=BJCA000153&want=0&formType=oldName&rtURL=,https://theme.archives.go.kr/viewer/common/archWebViewer.do?singleData=Y&archiveEventId=0049403230,True,0014177171,BJCA000153,0049403230,관훈동 0011,
"경기도 경성부 중부 종로2정목외16정-012[관철동,인사동,관훈동,낙원동,경운동,운니동] - 관훈동 0012",https://theme.archives.go.kr/next/acreage/viewCadastreDetail.do?typesub=Y&type=12&packid=0000508313&docid=0049889215&mngno=BJCA000153&want=0&formType=oldName&rtURL=,https://theme.archives.go.kr/viewer/common/archWebViewer.do?singleData=Y&archiveEventId=0049889215,True,0014177171,BJCA000153,0049889215,관훈동 0012,
"경기도 경성부 중부 종로2정목외16정-012[관철동,인사동,관훈동,낙원동,경운동,운니동] - 관훈동 0013",https://theme.archives.go.kr/next/acreage/viewCadastreDetail.do?typesub=Y&type=12&packid=0000508313&docid=0049403231&mngno=BJCA000153&want=0&formType=oldName&rtURL=,https://theme.archives.go.kr/viewer/common/archWebViewer.do?singleData=Y&archiveEventId=0049403231,True,0014177171,BJCA000153,0049403231,관훈동 0013,
"경기도 경성부 중부 종로2정목외16정-012[관철동,인사동,관훈동,낙원동,경운동,운니동] - 관훈동 0014",https://theme.archives.go.kr/next/acreage/viewCadastreDetail.do?typesub=Y&type=12&packid=0000508313&docid=0049403232&mngno=BJCA000153&want=0&formType=oldName&rtURL=,https://theme.archives.go.kr/viewer/common/archWebViewer.do?singleData=Y&archiveEventId=0049403232,True,0014177171,BJCA000153,0049403232,관훈동 0014,
"경기도 경성부 중부 종로2정목외16정-012[관철동,인사동,관훈동,낙원동,경운동,운니동] - 관훈동 0015",https://theme.archives.go.kr/next/acreage/viewCadastreDetail.do?typesub=Y&type=12&packid=0000508313&docid=0049889217&mngno=BJCA000153&want=0&formType=oldName&rtURL=,https://theme.archives.go.kr/viewer/common/archWebViewer.do?singleData=Y&archiveEventId=0049889217,True,0014177171,BJCA000153,0049889217,관훈동 0015,
"경기도 경성부 중부 종로2정목외16정-012[관철동,인사동,관훈동,낙원동,경운동,운니동] - 관훈동 0016",https://theme.archives.go.kr/next/acreage/viewCadastreDetail.do?typesub=Y&type=12&packid=0000508313&docid=0049403233&mngno=BJCA000153&want=0&formType=oldName&rtURL=,https://theme.archives.go.kr/viewer/common/archWebViewer.do?singleData=Y&archiveEventId=0049403233,True,0014177171,BJCA000153,0049403233,관훈동 0016,
"경기도 경성부 중부 종로2정목외16정-012[관철동,인사동,관훈동,낙원동,경운동,운니동] - 관훈동 0017",https://theme.archives.go.kr/next/acreage/viewCadastreDetail.do?typesub=Y&type=12&packid=0000508313&docid=0049403234&mngno=BJCA000153&want=0&formType=oldName&rtURL=,https://theme.archives.go.kr/viewer/common/archWebViewer.do?singleData=Y&archiveEventId=0049403234,True,0014177171,BJCA000153,0049403234,관훈동 0017,
"경기도 경성부 중부 종로2정목외16정-012[관철동,인사동,관훈동,낙원동,경운동,운니동] - 관훈동 0018",https://theme.archives.go.kr/next/acreage/viewCadastreDetail.do?typesub=Y&type=12&packid=0000508313&docid=0049889219&mngno=BJCA000153&want=0&formType=oldName&rtURL=,https://theme.archives.go.kr/viewer/common/archWebViewer.do?singleData=Y&archiveEventId=0049889219,True,0014177171,BJCA000153,0049889219,관훈동 0018,
"경기도 경성부 중부 종로2정목외16정-012[관철동,인사동,관훈동,낙원동,경운동,운니동] - 관훈동 0019",https://theme.archives.go.kr/next/acreage/viewCadastreDetail.do?typesub=Y&type=12&packid=0000508313&docid=0049403235&mngno=BJCA000153&want=0&formType=oldName&rtURL=,https://theme.archives.go.kr/viewer/common/archWebViewer.do?singleData=Y&archiveEventId=0049403235,True,0014177171,BJCA000153,0049403235,관훈동 0019,
"경기도 경성부 중부 종로2정목외16정-012[관철동,인사동,관훈동,낙원동,경운동,운니동] - 관훈동 0020",https://theme.archives.go.kr/next/acreage/viewCadastreDetail.do?typesub=Y&type=12&packid=0000508313&docid=0049403236&mngno=BJCA000153&want=0&formType=oldName&rtURL=,https://theme.archives.go.kr/viewer/common/archWebViewer.do?singleData=Y&archiveEventId=0049403236,True,0014177171,BJCA000153,0049403236,관훈동 0020,
"경기도 경성부 중부 종로2정목외16정-012[관철동,인사동,관훈동,낙원동,경운동,운니동] - 관훈동 0021",https://theme.archives.go.kr/next/acreage/viewCadastreDetail.do?typesub=Y&type=12&packid=0000508313&docid=0049889221&mngno=BJCA000153&want=0&formType=oldName&rtURL=,https://theme.archives.go.kr/viewer/common/archWebViewer.do?singleData=Y&archiveEventId=0049889221,True,0014177171,BJCA000153,0049889221,관훈동 0021,
"경기도 경성부 중부 종로2정목외16정-012[관철동,인사동,관훈동,낙원동,경운동,운니동] - 관훈동 0022",https://theme.archives.go.kr/next/acreage/viewCadastreDetail.do?typesub=Y&type=12&packid=0000508313&docid=0049403237&mngno=BJCA000153&want=0&formType=oldName&rtURL=,https://theme.archives.go.kr/viewer/common/archWebViewer.do?singleData=Y&archiveEventId=0049403237,True,0014177171,BJCA000153,0049403237,관훈동 0022,
"경기도 경성부 중부 종로2정목외16정-012[관철동,인사동,관훈동,낙원동,경운동,운니동] - 관훈동 0023",https://theme.archives.go.kr/next/acreage/viewCadastreDetail.do?typesub=Y&type=12&packid=0000508313&docid=0049403238&mngno=BJCA000153&want=0&formType=oldName&rtURL=,https://theme.archives.go.kr/viewer/common/archWebViewer.do?singleData=Y&archiveEventId=0049403238,True,0014177171,BJCA000153,0049403238,관훈동 0023,
"경기도 경성부 중부 종로2정목외16정-012[관철동,인사동,관훈동,낙원동,경운동,운니동] - 관훈동 0024",https://theme.archives.go.kr/next/acreage/viewCadastreDetail.do?typesub=Y&type=12&packid=0000508313&docid=0049889223&mngno=BJCA000153&want=0&formType=oldName&rtURL=,https://theme.archives.go.kr/viewer/common/archWebViewer.do?singleData=Y&archiveEventId=0049889223,True,0014177171,BJCA000153,0049889223,관훈동 0024,
"경기도 경성부 중부 종로2정목외16정-012[관철동,인사동,관훈동,낙원동,경운동,운니동] - 관훈동 0025",https://theme.archives.go.kr/next/acreage/viewCadastreDetail.do?typesub=Y&type=12&packid=0000508313&docid=0049403239&mngno=BJCA000153&want=0&formType=oldName&rtURL=,https://theme.archives.go.kr/viewer/common/archWebViewer.do?singleData=Y&archiveEventId=0049403239,True,0014177171,BJCA000153,0049403239,관훈동 0025,
"경기도 경성부 중부 종로2정목외16정-012[관철동,인사동,관훈동,낙원동,경운동,운니동] - 관훈동 0026",https://theme.archives.go.kr/next/acreage/viewCadastreDetail.do?typesub=Y&type=12&packid=0000508313&docid=0049403240&mngno=BJCA000153&want=0&formType=oldName&rtURL=,https://theme.archives.go.kr/viewer/common/archWebViewer.do?singleData=Y&archiveEventId=0049403240,True,0014177171,BJCA000153,0049403240,관훈동 0026,
"경기도 경성부 중부 종로2정목외16정-012[관철동,인사동,관훈동,낙원동,경운동,운니동] - 관훈동 0028",https://theme.archives.go.kr/next/acreage/viewCadastreDetail.do?typesub=Y&type=12&packid=0000508313&docid=0049889225&mngno=BJCA000153&want=0&formType=oldName&rtURL=,https://theme.archives.go.kr/viewer/common/archWebViewer.do?singleData=Y&archiveEventId=0049889225,True,0014177171,BJCA000153,0049889225,관훈동 0028,
"경기도 경성부 중부 종로2정목외16정-012[관철동,인사동,관훈동,낙원동,경운동,운니동] - 관훈동 0178",https://theme.archives.go.kr/next/acreage/viewCadastreDetail.do?typesub=Y&type=12&packid=0000508313&docid=0049403241&mngno=BJCA000153&want=0&formType=oldName&rtURL=,https://theme.archives.go.kr/viewer/common/archWebViewer.do?singleData=Y&archiveEventId=0049403241,True,0014177171,BJCA000153,0049403241,관훈동 0178,
"경기도 경성부 중부 종로2정목외16정-012[관철동,인사동,관훈동,낙원동,경운동,운니동] - 관훈동 0179",https://theme.archives.go.kr/next/acreage/viewCadastreDetail.do?typesub=Y&type=12&packid=0000508313&docid=0049403242&mngno=BJCA000153&want=0&formType=oldName&rtURL=,https://theme.archives.go.kr/viewer/common/archWebViewer.do?singleData=Y&archiveEventId=0049403242,True,0014177171,BJCA000153,0049403242,관훈동 0179,
"경기도 경성부 중부 종로2정목외16정-012[관철동,인사동,관훈동,낙원동,경운동,운니동] - 관훈동 0193",https://theme.archives.go.kr/next/acreage/viewCadastreDetail.do?typesub=Y&type=12&packid=0000508313&docid=0049889227&mngno=BJCA000153&want=0&formType=oldName&rtURL=,https://theme.archives.go.kr/viewer/common/archWebViewer.do?singleData=Y&archiveEventId=0049889227,True,0014177171,BJCA000153,0049889227,관훈동 0193,
"경기도 경성부 중부 종로2정목외16정-012[관철동,인사동,관훈동,낙원동,경운동,운니동] - 관훈동 0194",https://theme.archives.go.kr/next/acreage/viewCadastreDetail.do?typesub=Y&type=12&packid=0000508313&docid=0049403243&mngno=BJCA000153&want=0&formType=oldName&rtURL=,https://theme.archives.go.kr/viewer/common/archWebViewer.do?singleData=Y&archiveEventId=0049403243,True,0014177171,BJCA000153,0049403243,관훈동 0194,
"경기도 경성부 중부 종로2정목외16정-012[관철동,인사동,관훈동,낙원동,경운동,운니동] - 관훈동 0195",https://theme.archives.go.kr/next/acreage/viewCadastreDetail.do?typesub=Y&type=12&packid=0000508313&docid=0049403244&mngno=BJCA000153&want=0&formType=oldName&rtURL=,https://theme.archives.go.kr/viewer/common/archWebViewer.do?singleData=Y&archiveEventId=0049403244,True,0014177171,BJCA000153,0049403244,관훈동 0195,
"경기도 경성부 중부 종로2정목외16정-012[관철동,인사동,관훈동,낙원동,경운동,운니동] - 관훈동 0196",https://theme.archives.go.kr/next/acreage/viewCadastreDetail.do?typesub=Y&type=12&packid=0000508313&docid=0049889229&mngno=BJCA000153&want=0&formType=oldName&rtURL=,https://theme.archives.go.kr/viewer/common/archWebViewer.do?singleData=Y&archiveEventId=0049889229,True,0014177171,BJCA000153,0049889229,관훈동 0196,
"경기도 경성부 중부 종로2정목외16정-012[관철동,인사동,관훈동,낙원동,경운동,운니동] - 관훈동 0197",https://theme.archives.go.kr/next/acreage/viewCadastreDetail.do?typesub=Y&type=12&packid=0000508313&docid=0049403245&mngno=BJCA000153&want=0&formType=oldName&rtURL=,https://theme.archives.go.kr/viewer/common/archWebViewer.do?singleData=Y&archiveEventId=0049403245,True,0014177171,BJCA000153,0049403245,관훈동 0197,
"경기도 경성부 중부 종로2정목외16정-012[관철동,인사동,관훈동,낙원동,경운동,운니동] - 관훈동 0198",https://theme.archives.go.kr/next/acreage/viewCadastreDetail.do?typesub=Y&type=12&packid=0000508313&docid=0049403246&mngno=BJCA000153&want=0&formType=oldName&rtURL=,https://theme.archives.go.kr/viewer/common/archWebViewer.do?singleData=Y&archiveEventId=0049403246,True,0014177171,BJCA000153,0049403246,관훈동 0198,
"경기도 경성부 중부 종로2정목외16정-012[관철동,인사동,관훈동,낙원동,경운동,운니동] - 인사동 0001",https://theme.archives.go.kr/next/acreage/viewCadastreDetail.do?typesub=Y&type=12&packid=0000508313&docid=0049403247&mngno=BJCA000153&want=0&formType=oldName&rtURL=,https://theme.archives.go.kr/viewer/common/archWebViewer.do?singleData=Y&archiveEventId=0049403247,True,0014177171,BJCA000153,0049403247,인사동 0001,src-0013
"경기도 경성부 중부 종로2정목외16정-012[관철동,인사동,관훈동,낙원동,경운동,운니동] - 인사동 0002",https://theme.archives.go.kr/next/acreage/viewCadastreDetail.do?typesub=Y&type=12&packid=0000508313&docid=0049889231&mngno=BJCA000153&want=0&formType=oldName&rtURL=,https://theme.archives.go.kr/viewer/common/archWebViewer.do?singleData=Y&archiveEventId=0049889231,True,0014177171,BJCA000153,0049889231,인사동 0002,
"경기도 경성부 중부 종로2정목외16정-012[관철동,인사동,관훈동,낙원동,경운동,운니동] - 인사동 0003",https://theme.archives.go.kr/next/acreage/viewCadastreDetail.do?typesub=Y&type=12&packid=0000508313&docid=0049889304&mngno=BJCA000153&want=0&formType=oldName&rtURL=,https://theme.archives.go.kr/viewer/common/archWebViewer.do?singleData=Y&archiveEventId=0049889304,True,0014177171,BJCA000153,0049889304,인사동 0003,
"경기도 경성부 중부 종로2정목외16정-012[관철동,인사동,관훈동,낙원동,경운동,운니동] - 인사동 0004",https://theme.archives.go.kr/next/acreage/viewCadastreDetail.do?typesub=Y&type=12&packid=0000508313&docid=0049403248&mngno=BJCA000153&want=0&formType=oldName&rtURL=,https://theme.archives.go.kr/viewer/common/archWebViewer.do?singleData=Y&archiveEventId=0049403248,True,0014177171,BJCA000153,0049403248,인사동 0004,
"경기도 경성부 중부 종로2정목외16정-012[관철동,인사동,관훈동,낙원동,경운동,운니동] - 인사동 0005",https://theme.archives.go.kr/next/acreage/viewCadastreDetail.do?typesub=Y&type=12&packid=0000508313&docid=0049403249&mngno=BJCA000153&want=0&formType=oldName&rtURL=,https://theme.archives.go.kr/viewer/common/archWebViewer.do?singleData=Y&archiveEventId=0049403249,True,0014177171,BJCA000153,0049403249,인사동 0005,
"경기도 경성부 중부 종로2정목외16정-012[관철동,인사동,관훈동,낙원동,경운동,운니동] - 인사동 0006",https://theme.archives.go.kr/next/acreage/viewCadastreDetail.do?typesub=Y&type=12&packid=0000508313&docid=0049889233&mngno=BJCA000153&want=0&formType=oldName&rtURL=,https://theme.archives.go.kr/viewer/common/archWebViewer.do?singleData=Y&archiveEventId=0049889233,True,0014177171,BJCA000153,0049889233,인사동 0006,
"경기도 경성부 중부 종로2정목외16정-012[관철동,인사동,관훈동,낙원동,경운동,운니동] - 인사동 0011",https://theme.archives.go.kr/next/acreage/viewCadastreDetail.do?typesub=Y&type=12&packid=0000508313&docid=0049403250&mngno=BJCA000153&want=0&formType=oldName&rtURL=,https://theme.archives.go.kr/viewer/common/archWebViewer.do?singleData=Y&archiveEventId=0049403250,True,0014177171,BJCA000153,0049403250,인사동 0011,
"경기도 경성부 중부 종로2정목외16정-012[관철동,인사동,관훈동,낙원동,경운동,운니동] - 인사동 0012",https://theme.archives.go.kr/next/acreage/viewCadastreDetail.do?typesub=Y&type=12&packid=0000508313&docid=0049403251&mngno=BJCA000153&want=0&formType=oldName&rtURL=,https://theme.archives.go.kr/viewer/common/archWebViewer.do?singleData=Y&archiveEventId=0049403251,True,0014177171,BJCA000153,0049403251,인사동 0012,
"경기도 경성부 중부 종로2정목외16정-012[관철동,인사동,관훈동,낙원동,경운동,운니동] - 인사동 0013",https://theme.archives.go.kr/next/acreage/viewCadastreDetail.do?typesub=Y&type=12&packid=0000508313&docid=0049403252&mngno=BJCA000153&want=0&formType=oldName&rtURL=,https://theme.archives.go.kr/viewer/common/archWebViewer.do?singleData=Y&archiveEventId=0049403252,True,0014177171,BJCA000153,0049403252,인사동 0013,
"경기도 경성부 중부 종로2정목외16정-012[관철동,인사동,관훈동,낙원동,경운동,운니동] - 인사동 0014",https://theme.archives.go.kr/next/acreage/viewCadastreDetail.do?typesub=Y&type=12&packid=0000508313&docid=0049403253&mngno=BJCA000153&want=0&formType=oldName&rtURL=,https://theme.archives.go.kr/viewer/common/archWebViewer.do?singleData=Y&archiveEventId=0049403253,True,0014177171,BJCA000153,0049403253,인사동 0014,
"경기도 경성부 중부 종로2정목외16정-012[관철동,인사동,관훈동,낙원동,경운동,운니동] - 인사동 0015",https://theme.archives.go.kr/next/acreage/viewCadastreDetail.do?typesub=Y&type=12&packid=0000508313&docid=0049889235&mngno=BJCA000153&want=0&formType=oldName&rtURL=,https://theme.archives.go.kr/viewer/common/archWebViewer.do?singleData=Y&archiveEventId=0049889235,True,0014177171,BJCA000153,0049889235,인사동 0015,
"경기도 경성부 중부 종로2정목외16정-012[관철동,인사동,관훈동,낙원동,경운동,운니동] - 인사동 0019",https://theme.archives.go.kr/next/acreage/viewCadastreDetail.do?typesub=Y&type=12&packid=0000508313&docid=0049403254&mngno=BJCA000153&want=0&formType=oldName&rtURL=,https://theme.archives.go.kr/viewer/common/archWebViewer.do?singleData=Y&archiveEventId=0049403254,True,0014177171,BJCA000153,0049403254,인사동 0019,
"경기도 경성부 중부 종로2정목외16정-012[관철동,인사동,관훈동,낙원동,경운동,운니동] - 인사동 0020",https://theme.archives.go.kr/next/acreage/viewCadastreDetail.do?typesub=Y&type=12&packid=0000508313&docid=0049403255&mngno=BJCA000153&want=0&formType=oldName&rtURL=,https://theme.archives.go.kr/viewer/common/archWebViewer.do?singleData=Y&archiveEventId=0049403255,True,0014177171,BJCA000153,0049403255,인사동 0020,
"경기도 경성부 중부 종로2정목외16정-012[관철동,인사동,관훈동,낙원동,경운동,운니동] - 인사동 0021",https://theme.archives.go.kr/next/acreage/viewCadastreDetail.do?typesub=Y&type=12&packid=0000508313&docid=0049889237&mngno=BJCA000153&want=0&formType=oldName&rtURL=,https://theme.archives.go.kr/viewer/common/archWebViewer.do?singleData=Y&archiveEventId=0049889237,True,0014177171,BJCA000153,0049889237,인사동 0021,
"경기도 경성부 중부 종로2정목외16정-012[관철동,인사동,관훈동,낙원동,경운동,운니동] - 인사동 0022",https://theme.archives.go.kr/next/acreage/viewCadastreDetail.do?typesub=Y&type=12&packid=0000508313&docid=0049403256&mngno=BJCA000153&want=0&formType=oldName&rtURL=,https://theme.archives.go.kr/viewer/common/archWebViewer.do?singleData=Y&archiveEventId=0049403256,True,0014177171,BJCA000153,0049403256,인사동 0022,
"경기도 경성부 중부 종로2정목외16정-012[관철동,인사동,관훈동,낙원동,경운동,운니동] - 인사동 0023",https://theme.archives.go.kr/next/acreage/viewCadastreDetail.do?typesub=Y&type=12&packid=0000508313&docid=0049403257&mngno=BJCA000153&want=0&formType=oldName&rtURL=,https://theme.archives.go.kr/viewer/common/archWebViewer.do?singleData=Y&archiveEventId=0049403257,True,0014177171,BJCA000153,0049403257,인사동 0023,
"경기도 경성부 중부 종로2정목외16정-012[관철동,인사동,관훈동,낙원동,경운동,운니동] - 인사동 0027",https://theme.archives.go.kr/next/acreage/viewCadastreDetail.do?typesub=Y&type=12&packid=0000508313&docid=0049889239&mngno=BJCA000153&want=0&formType=oldName&rtURL=,https://theme.archives.go.kr/viewer/common/archWebViewer.do?singleData=Y&archiveEventId=0049889239,True,0014177171,BJCA000153,0049889239,인사동 0027,
"경기도 경성부 중부 종로2정목외16정-012[관철동,인사동,관훈동,낙원동,경운동,운니동] - 인사동 0154",https://theme.archives.go.kr/next/acreage/viewCadastreDetail.do?typesub=Y&type=12&packid=0000508313&docid=0049403258&mngno=BJCA000153&want=0&formType=oldName&rtURL=,https://theme.archives.go.kr/viewer/common/archWebViewer.do?singleData=Y&archiveEventId=0049403258,True,0014177171,BJCA000153,0049403258,인사동 0154,
"경기도 경성부 중부 종로2정목외16정-012[관철동,인사동,관훈동,낙원동,경운동,운니동] - 인사동 0155",https://theme.archives.go.kr/next/acreage/viewCadastreDetail.do?typesub=Y&type=12&packid=0000508313&docid=0049732122&mngno=BJCA000153&want=0&formType=oldName&rtURL=,https://theme.archives.go.kr/viewer/common/archWebViewer.do?singleData=Y&archiveEventId=0049732122,True,0014177171,BJCA000153,0049732122,인사동 0155,
"경기도 경성부 중부 종로2정목외16정-012[관철동,인사동,관훈동,낙원동,경운동,운니동] - 인사동 0156",https://theme.archives.go.kr/next/acreage/viewCadastreDetail.do?typesub=Y&type=12&packid=0000508313&docid=0049889241&mngno=BJCA000153&want=0&formType=oldName&rtURL=,https://theme.archives.go.kr/viewer/common/archWebViewer.do?singleData=Y&archiveEventId=0049889241,True,0014177171,BJCA000153,0049889241,인사동 0156,
"경기도 경성부 중부 종로2정목외16정-012[관철동,인사동,관훈동,낙원동,경운동,운니동] - 인사동 0157",https://theme.archives.go.kr/next/acreage/viewCadastreDetail.do?typesub=Y&type=12&packid=0000508313&docid=0049403259&mngno=BJCA000153&want=0&formType=oldName&rtURL=,https://theme.archives.go.kr/viewer/common/archWebViewer.do?singleData=Y&archiveEventId=0049403259,True,0014177171,BJCA000153,0049403259,인사동 0157,
"경기도 경성부 중부 종로2정목외16정-012[관철동,인사동,관훈동,낙원동,경운동,운니동] - 인사동 0158",https://theme.archives.go.kr/next/acreage/viewCadastreDetail.do?typesub=Y&type=12&packid=0000508313&docid=0049403260&mngno=BJCA000153&want=0&formType=oldName&rtURL=,https://theme.archives.go.kr/viewer/common/archWebViewer.do?singleData=Y&archiveEventId=0049403260,True,0014177171,BJCA000153,0049403260,인사동 0158,
"경기도 경성부 중부 종로2정목외16정-012[관철동,인사동,관훈동,낙원동,경운동,운니동] - 인사동 0159",https://theme.archives.go.kr/next/acreage/viewCadastreDetail.do?typesub=Y&type=12&packid=0000508313&docid=0049403261&mngno=BJCA000153&want=0&formType=oldName&rtURL=,https://theme.archives.go.kr/viewer/common/archWebViewer.do?singleData=Y&archiveEventId=0049403261,True,0014177171,BJCA000153,0049403261,인사동 0159,
"경기도 경성부 중부 종로2정목외16정-012[관철동,인사동,관훈동,낙원동,경운동,운니동] - 인사동 0160",https://theme.archives.go.kr/next/acreage/viewCadastreDetail.do?typesub=Y&type=12&packid=0000508313&docid=0049889243&mngno=BJCA000153&want=0&formType=oldName&rtURL=,https://theme.archives.go.kr/viewer/common/archWebViewer.do?singleData=Y&archiveEventId=0049889243,True,0014177171,BJCA000153,0049889243,인사동 0160,
"경기도 경성부 중부 종로2정목외16정-012[관철동,인사동,관훈동,낙원동,경운동,운니동] - 인사동 0161",https://theme.archives.go.kr/next/acreage/viewCadastreDetail.do?typesub=Y&type=12&packid=0000508313&docid=0049403263&mngno=BJCA000153&want=0&formType=oldName&rtURL=,https://theme.archives.go.kr/viewer/common/archWebViewer.do?singleData=Y&archiveEventId=0049403263,True,0014177171,BJCA000153,0049403263,인사동 0161,
"경기도 경성부 중부 종로2정목외16정-012[관철동,인사동,관훈동,낙원동,경운동,운니동] - 인사동 0162",https://theme.archives.go.kr/next/acreage/viewCadastreDetail.do?typesub=Y&type=12&packid=0000508313&docid=0049403264&mngno=BJCA000153&want=0&formType=oldName&rtURL=,https://theme.archives.go.kr/viewer/common/archWebViewer.do?singleData=Y&archiveEventId=0049403264,True,0014177171,BJCA000153,0049403264,인사동 0162,
"경기도 경성부 중부 종로2정목외16정-012[관철동,인사동,관훈동,낙원동,경운동,운니동] - 인사동 0163",https://theme.archives.go.kr/next/acreage/viewCadastreDetail.do?typesub=Y&type=12&packid=0000508313&docid=0049889245&mngno=BJCA000153&want=0&formType=oldName&rtURL=,https://theme.archives.go.kr/viewer/common/archWebViewer.do?singleData=Y&archiveEventId=0049889245,True,0014177171,BJCA000153,0049889245,인사동 0163,
"경기도 경성부 중부 종로2정목외16정-012[관철동,인사동,관훈동,낙원동,경운동,운니동] - 인사동 0164",https://theme.archives.go.kr/next/acreage/viewCadastreDetail.do?typesub=Y&type=12&packid=0000508313&docid=0049403206&mngno=BJCA000153&want=0&formType=oldName&rtURL=,https://theme.archives.go.kr/viewer/common/archWebViewer.do?singleData=Y&archiveEventId=0049403206,True,0014177171,BJCA000153,0049403206,인사동 0164,
"경기도 경성부 중부 종로2정목외16정-012[관철동,인사동,관훈동,낙원동,경운동,운니동] - 인사동 0165",https://theme.archives.go.kr/next/acreage/viewCadastreDetail.do?typesub=Y&type=12&packid=0000508313&docid=0049403208&mngno=BJCA000153&want=0&formType=oldName&rtURL=,https://theme.archives.go.kr/viewer/common/archWebViewer.do?singleData=Y&archiveEventId=0049403208,True,0014177171,BJCA000153,0049403208,인사동 0165,
"경기도 경성부 중부 종로2정목외16정-012[관철동,인사동,관훈동,낙원동,경운동,운니동] - 인사동 0166",https://theme.archives.go.kr/next/acreage/viewCadastreDetail.do?typesub=Y&type=12&packid=0000508313&docid=0049889247&mngno=BJCA000153&want=0&formType=oldName&rtURL=,https://theme.archives.go.kr/viewer/common/archWebViewer.do?singleData=Y&archiveEventId=0049889247,True,0014177171,BJCA000153,0049889247,인사동 0166,
"경기도 경성부 중부 종로2정목외16정-012[관철동,인사동,관훈동,낙원동,경운동,운니동] - 인사동 0167",https://theme.archives.go.kr/next/acreage/viewCadastreDetail.do?typesub=Y&type=12&packid=0000508313&docid=0049403209&mngno=BJCA000153&want=0&formType=oldName&rtURL=,https://theme.archives.go.kr/viewer/common/archWebViewer.do?singleData=Y&archiveEventId=0049403209,True,0014177171,BJCA000153,0049403209,인사동 0167,
"경기도 경성부 중부 종로2정목외16정-012[관철동,인사동,관훈동,낙원동,경운동,운니동] - 인사동 0168",https://theme.archives.go.kr/next/acreage/viewCadastreDetail.do?typesub=Y&type=12&packid=0000508313&docid=0049403210&mngno=BJCA000153&want=0&formType=oldName&rtURL=,https://theme.archives.go.kr/viewer/common/archWebViewer.do?singleData=Y&archiveEventId=0049403210,True,0014177171,BJCA000153,0049403210,인사동 0168,
"경기도 경성부 중부 종로2정목외16정-012[관철동,인사동,관훈동,낙원동,경운동,운니동] - 인사동 0169",https://theme.archives.go.kr/next/acreage/viewCadastreDetail.do?typesub=Y&type=12&packid=0000508313&docid=0049889249&mngno=BJCA000153&want=0&formType=oldName&rtURL=,https://theme.archives.go.kr/viewer/common/archWebViewer.do?singleData=Y&archiveEventId=0049889249,True,0014177171,BJCA000153,0049889249,인사동 0169,
"경기도 경성부 중부 종로2정목외16정-012[관철동,인사동,관훈동,낙원동,경운동,운니동] - 인사동 0170",https://theme.archives.go.kr/next/acreage/viewCadastreDetail.do?typesub=Y&type=12&packid=0000508313&docid=0049403211&mngno=BJCA000153&want=0&formType=oldName&rtURL=,https://theme.archives.go.kr/viewer/common/archWebViewer.do?singleData=Y&archiveEventId=0049403211,True,0014177171,BJCA000153,0049403211,인사동 0170,
"경기도 경성부 중부 종로2정목외16정-012[관철동,인사동,관훈동,낙원동,경운동,운니동] - 인사동 0171",https://theme.archives.go.kr/next/acreage/viewCadastreDetail.do?typesub=Y&type=12&packid=0000508313&docid=0049889306&mngno=BJCA000153&want=0&formType=oldName&rtURL=,https://theme.archives.go.kr/viewer/common/archWebViewer.do?singleData=Y&archiveEventId=0049889306,True,0014177171,BJCA000153,0049889306,인사동 0171,
"경기도 경성부 중부 종로2정목외16정-012[관철동,인사동,관훈동,낙원동,경운동,운니동] - 인사동 0172",https://theme.archives.go.kr/next/acreage/viewCadastreDetail.do?typesub=Y&type=12&packid=0000508313&docid=0049746647&mngno=BJCA000153&want=0&formType=oldName&rtURL=,https://theme.archives.go.kr/viewer/common/archWebViewer.do?singleData=Y&archiveEventId=0049746647,True,0014177171,BJCA000153,0049746647,인사동 0172,
"경기도 경성부 중부 종로2정목외16정-012[관철동,인사동,관훈동,낙원동,경운동,운니동] - 인사동 0173",https://theme.archives.go.kr/next/acreage/viewCadastreDetail.do?typesub=Y&type=12&packid=0000508313&docid=0049889251&mngno=BJCA000153&want=0&formType=oldName&rtURL=,https://theme.archives.go.kr/viewer/common/archWebViewer.do?singleData=Y&archiveEventId=0049889251,True,0014177171,BJCA000153,0049889251,인사동 0173,
"경기도 경성부 중부 종로2정목외16정-012[관철동,인사동,관훈동,낙원동,경운동,운니동] - 인사동 0174",https://theme.archives.go.kr/next/acreage/viewCadastreDetail.do?typesub=Y&type=12&packid=0000508313&docid=0049403212&mngno=BJCA000153&want=0&formType=oldName&rtURL=,https://theme.archives.go.kr/viewer/common/archWebViewer.do?singleData=Y&archiveEventId=0049403212,True,0014177171,BJCA000153,0049403212,인사동 0174,
"경기도 경성부 중부 종로2정목외16정-012[관철동,인사동,관훈동,낙원동,경운동,운니동] - 인사동 0175",https://theme.archives.go.kr/next/acreage/viewCadastreDetail.do?typesub=Y&type=12&packid=0000508313&docid=0049403213&mngno=BJCA000153&want=0&formType=oldName&rtURL=,https://theme.archives.go.kr/viewer/common/archWebViewer.do?singleData=Y&archiveEventId=0049403213,True,0014177171,BJCA000153,0049403213,인사동 0175,
"경기도 경성부 중부 종로2정목외16정-012[관철동,인사동,관훈동,낙원동,경운동,운니동] - 인사동 0176",https://theme.archives.go.kr/next/acreage/viewCadastreDetail.do?typesub=Y&type=12&packid=0000508313&docid=0049889253&mngno=BJCA000153&want=0&formType=oldName&rtURL=,https://theme.archives.go.kr/viewer/common/archWebViewer.do?singleData=Y&archiveEventId=0049889253,True,0014177171,BJCA000153,0049889253,인사동 0176,
"경기도 경성부 중부 종로2정목외16정-012[관철동,인사동,관훈동,낙원동,경운동,운니동] - 인사동 0177",https://theme.archives.go.kr/next/acreage/viewCadastreDetail.do?typesub=Y&type=12&packid=0000508313&docid=0049403214&mngno=BJCA000153&want=0&formType=oldName&rtURL=,https://theme.archives.go.kr/viewer/common/archWebViewer.do?singleData=Y&archiveEventId=0049403214,True,0014177171,BJCA000153,0049403214,인사동 0177,
"경기도 경성부 중부 종로2정목외16정-012[관철동,인사동,관훈동,낙원동,경운동,운니동] - 인사동 0178",https://theme.archives.go.kr/next/acreage/viewCadastreDetail.do?typesub=Y&type=12&packid=0000508313&docid=0049403215&mngno=BJCA000153&want=0&formType=oldName&rtURL=,https://theme.archives.go.kr/viewer/common/archWebViewer.do?singleData=Y&archiveEventId=0049403215,True,0014177171,BJCA000153,0049403215,인사동 0178,
"경기도 경성부 중부 종로2정목외16정-012[관철동,인사동,관훈동,낙원동,경운동,운니동] - 인사동 0179",https://theme.archives.go.kr/next/acreage/viewCadastreDetail.do?typesub=Y&type=12&packid=0000508313&docid=0049403216&mngno=BJCA000153&want=0&formType=oldName&rtURL=,https://theme.archives.go.kr/viewer/common/archWebViewer.do?singleData=Y&archiveEventId=0049403216,True,0014177171,BJCA000153,0049403216,인사동 0179,
"경기도 경성부 중부 종로2정목외16정-012[관철동,인사동,관훈동,낙원동,경운동,운니동] - 인사동 0180",https://theme.archives.go.kr/next/acreage/viewCadastreDetail.do?typesub=Y&type=12&packid=0000508313&docid=0049889255&mngno=BJCA000153&want=0&formType=oldName&rtURL=,https://theme.archives.go.kr/viewer/common/archWebViewer.do?singleData=Y&archiveEventId=0049889255,True,0014177171,BJCA000153,0049889255,인사동 0180,
"경기도 경성부 중부 종로2정목외16정-012[관철동,인사동,관훈동,낙원동,경운동,운니동] - 인사동 0181",https://theme.archives.go.kr/next/acreage/viewCadastreDetail.do?typesub=Y&type=12&packid=0000508313&docid=0049403217&mngno=BJCA000153&want=0&formType=oldName&rtURL=,https://theme.archives.go.kr/viewer/common/archWebViewer.do?singleData=Y&archiveEventId=0049403217,True,0014177171,BJCA000153,0049403217,인사동 0181,
"경기도 경성부 중부 종로2정목외16정-012[관철동,인사동,관훈동,낙원동,경운동,운니동] - 인사동 0182",https://theme.archives.go.kr/next/acreage/viewCadastreDetail.do?typesub=Y&type=12&packid=0000508313&docid=0049403218&mngno=BJCA000153&want=0&formType=oldName&rtURL=,https://theme.archives.go.kr/viewer/common/archWebViewer.do?singleData=Y&archiveEventId=0049403218,True,0014177171,BJCA000153,0049403218,인사동 0182,
"경기도 경성부 중부 종로2정목외16정-012[관철동,인사동,관훈동,낙원동,경운동,운니동] - 인사동 0183",https://theme.archives.go.kr/next/acreage/viewCadastreDetail.do?typesub=Y&type=12&packid=0000508313&docid=0049889257&mngno=BJCA000153&want=0&formType=oldName&rtURL=,https://theme.archives.go.kr/viewer/common/archWebViewer.do?singleData=Y&archiveEventId=0049889257,True,0014177171,BJCA000153,0049889257,인사동 0183,
"경기도 경성부 중부 종로2정목외16정-012[관철동,인사동,관훈동,낙원동,경운동,운니동] - 인사동 0184",https://theme.archives.go.kr/next/acreage/viewCadastreDetail.do?typesub=Y&type=12&packid=0000508313&docid=0049403219&mngno=BJCA000153&want=0&formType=oldName&rtURL=,https://theme.archives.go.kr/viewer/common/archWebViewer.do?singleData=Y&archiveEventId=0049403219,True,0014177171,BJCA000153,0049403219,인사동 0184,
"경기도 경성부 중부 종로2정목외16정-012[관철동,인사동,관훈동,낙원동,경운동,운니동] - 인사동 0185",https://theme.archives.go.kr/next/acreage/viewCadastreDetail.do?typesub=Y&type=12&packid=0000508313&docid=0049403220&mngno=BJCA000153&want=0&formType=oldName&rtURL=,https://theme.archives.go.kr/viewer/common/archWebViewer.do?singleData=Y&archiveEventId=0049403220,True,0014177171,BJCA000153,0049403220,인사동 0185,
"경기도 경성부 중부 종로2정목외16정-012[관철동,인사동,관훈동,낙원동,경운동,운니동] - 인사동 0186",https://theme.archives.go.kr/next/acreage/viewCadastreDetail.do?typesub=Y&type=12&packid=0000508313&docid=0049889308&mngno=BJCA000153&want=0&formType=oldName&rtURL=,https://theme.archives.go.kr/viewer/common/archWebViewer.do?singleData=Y&archiveEventId=0049889308,True,0014177171,BJCA000153,0049889308,인사동 0186,
"경기도 경성부 중부 종로2정목외16정-012[관철동,인사동,관훈동,낙원동,경운동,운니동] - 인사동 0187",https://theme.archives.go.kr/next/acreage/viewCadastreDetail.do?typesub=Y&type=12&packid=0000508313&docid=0049889259&mngno=BJCA000153&want=0&formType=oldName&rtURL=,https://theme.archives.go.kr/viewer/common/archWebViewer.do?singleData=Y&archiveEventId=0049889259,True,0014177171,BJCA000153,0049889259,인사동 0187,
"경기도 경성부 중부 종로2정목외16정-012[관철동,인사동,관훈동,낙원동,경운동,운니동] - 인사동 0188",https://theme.archives.go.kr/next/acreage/viewCadastreDetail.do?typesub=Y&type=12&packid=0000508313&docid=0049403221&mngno=BJCA000153&want=0&formType=oldName&rtURL=,https://theme.archives.go.kr/viewer/common/archWebViewer.do?singleData=Y&archiveEventId=0049403221,True,0014177171,BJCA000153,0049403221,인사동 0188,
"경기도 경성부 중부 종로2정목외16정-012[관철동,인사동,관훈동,낙원동,경운동,운니동] - 인사동 0189",https://theme.archives.go.kr/next/acreage/viewCadastreDetail.do?typesub=Y&type=12&packid=0000508313&docid=0049403222&mngno=BJCA000153&want=0&formType=oldName&rtURL=,https://theme.archives.go.kr/viewer/common/archWebViewer.do?singleData=Y&archiveEventId=0049403222,True,0014177171,BJCA000153,0049403222,인사동 0189,
"경기도 경성부 중부 종로2정목외16정-012[관철동,인사동,관훈동,낙원동,경운동,운니동] - 인사동 0190",https://theme.archives.go.kr/next/acreage/viewCadastreDetail.do?typesub=Y&type=12&packid=0000508313&docid=0049889261&mngno=BJCA000153&want=0&formType=oldName&rtURL=,https://theme.archives.go.kr/viewer/common/archWebViewer.do?singleData=Y&archiveEventId=0049889261,True,0014177171,BJCA000153,0049889261,인사동 0190,
"경기도 경성부 중부 종로2정목외16정-012[관철동,인사동,관훈동,낙원동,경운동,운니동] - 인사동 0191",https://theme.archives.go.kr/next/acreage/viewCadastreDetail.do?typesub=Y&type=12&packid=0000508313&docid=0049889153&mngno=BJCA000153&want=0&formType=oldName&rtURL=,https://theme.archives.go.kr/viewer/common/archWebViewer.do?singleData=Y&archiveEventId=0049889153,True,0014177171,BJCA000153,0049889153,인사동 0191,
"경기도 경성부 중부 종로2정목외16정-012[관철동,인사동,관훈동,낙원동,경운동,운니동] - 인사동 0192",https://theme.archives.go.kr/next/acreage/viewCadastreDetail.do?typesub=Y&type=12&packid=0000508313&docid=0049403223&mngno=BJCA000153&want=0&formType=oldName&rtURL=,https://theme.archives.go.kr/viewer/common/archWebViewer.do?singleData=Y&archiveEventId=0049403223,True,0014177171,BJCA000153,0049403223,인사동 0192,
"경기도 경성부 중부 종로2정목외16정-012[관철동,인사동,관훈동,낙원동,경운동,운니동] - 인사동 0193",https://theme.archives.go.kr/next/acreage/viewCadastreDetail.do?typesub=Y&type=12&packid=0000508313&docid=0049403224&mngno=BJCA000153&want=0&formType=oldName&rtURL=,https://theme.archives.go.kr/viewer/common/archWebViewer.do?singleData=Y&archiveEventId=0049403224,True,0014177171,BJCA000153,0049403224,인사동 0193,
"경기도 경성부 중부 종로2정목외16정-012[관철동,인사동,관훈동,낙원동,경운동,운니동] - 인사동 0194",https://theme.archives.go.kr/next/acreage/viewCadastreDetail.do?typesub=Y&type=12&packid=0000508313&docid=0049889155&mngno=BJCA000153&want=0&formType=oldName&rtURL=,https://theme.archives.go.kr/viewer/common/archWebViewer.do?singleData=Y&archiveEventId=0049889155,True,0014177171,BJCA000153,0049889155,인사동 0194,
"경기도 경성부 중부 종로2정목외16정-013[관철동,인사동,관훈동,낙원동,경운동,운니동] - 인사동 0084",https://theme.archives.go.kr/next/acreage/viewCadastreDetail.do?typesub=Y&type=12&packid=0000508314&docid=0014177172&mngno=BJCA000154&want=0&formType=oldName&rtURL=,https://theme.archives.go.kr/viewer/common/archWebViewer.do?singleData=Y&archiveEventId=0014177172,True,0014177172,BJCA000154,0014177172,인사동 0084,src-0016
"경기도 경성부 중부 종로2정목외16정-013[관철동,인사동,관훈동,낙원동,경운동,운니동] - 인사동 0085",https://theme.archives.go.kr/next/acreage/viewCadastreDetail.do?typesub=Y&type=12&packid=0000508314&docid=0049889157&mngno=BJCA000154&want=0&formType=oldName&rtURL=,https://theme.archives.go.kr/viewer/common/archWebViewer.do?singleData=Y&archiveEventId=0049889157,True,0014177172,BJCA000154,0049889157,인사동 0085,
"경기도 경성부 중부 종로2정목외16정-013[관철동,인사동,관훈동,낙원동,경운동,운니동] - 인사동 0086",https://theme.archives.go.kr/next/acreage/viewCadastreDetail.do?typesub=Y&type=12&packid=0000508314&docid=0049403265&mngno=BJCA000154&want=0&formType=oldName&rtURL=,https://theme.archives.go.kr/viewer/common/archWebViewer.do?singleData=Y&archiveEventId=0049403265,True,0014177172,BJCA000154,0049403265,인사동 0086,
"경기도 경성부 중부 종로2정목외16정-013[관철동,인사동,관훈동,낙원동,경운동,운니동] - 인사동 0087",https://theme.archives.go.kr/next/acreage/viewCadastreDetail.do?typesub=Y&type=12&packid=0000508314&docid=0049403266&mngno=BJCA000154&want=0&formType=oldName&rtURL=,https://theme.archives.go.kr/viewer/common/archWebViewer.do?singleData=Y&archiveEventId=0049403266,True,0014177172,BJCA000154,0049403266,인사동 0087,
"경기도 경성부 중부 종로2정목외16정-013[관철동,인사동,관훈동,낙원동,경운동,운니동] - 인사동 0088",https://theme.archives.go.kr/next/acreage/viewCadastreDetail.do?typesub=Y&type=12&packid=0000508314&docid=0049889165&mngno=BJCA000154&want=0&formType=oldName&rtURL=,https://theme.archives.go.kr/viewer/common/archWebViewer.do?singleData=Y&archiveEventId=0049889165,True,0014177172,BJCA000154,0049889165,인사동 0088,
"경기도 경성부 중부 종로2정목외16정-013[관철동,인사동,관훈동,낙원동,경운동,운니동] - 인사동 0089",https://theme.archives.go.kr/next/acreage/viewCadastreDetail.do?typesub=Y&type=12&packid=0000508314&docid=0049403267&mngno=BJCA000154&want=0&formType=oldName&rtURL=,https://theme.archives.go.kr/viewer/common/archWebViewer.do?singleData=Y&archiveEventId=0049403267,True,0014177172,BJCA000154,0049403267,인사동 0089,
"경기도 경성부 중부 종로2정목외16정-013[관철동,인사동,관훈동,낙원동,경운동,운니동] - 인사동 0090",https://theme.archives.go.kr/next/acreage/viewCadastreDetail.do?typesub=Y&type=12&packid=0000508314&docid=0049403268&mngno=BJCA000154&want=0&formType=oldName&rtURL=,https://theme.archives.go.kr/viewer/common/archWebViewer.do?singleData=Y&archiveEventId=0049403268,True,0014177172,BJCA000154,0049403268,인사동 0090,
"경기도 경성부 중부 종로2정목외16정-013[관철동,인사동,관훈동,낙원동,경운동,운니동] - 인사동 0091",https://theme.archives.go.kr/next/acreage/viewCadastreDetail.do?typesub=Y&type=12&packid=0000508314&docid=0049889167&mngno=BJCA000154&want=0&formType=oldName&rtURL=,https://theme.archives.go.kr/viewer/common/archWebViewer.do?singleData=Y&archiveEventId=0049889167,True,0014177172,BJCA000154,0049889167,인사동 0091,
"경기도 경성부 중부 종로2정목외16정-013[관철동,인사동,관훈동,낙원동,경운동,운니동] - 인사동 0092",https://theme.archives.go.kr/next/acreage/viewCadastreDetail.do?typesub=Y&type=12&packid=0000508314&docid=0049403269&mngno=BJCA000154&want=0&formType=oldName&rtURL=,https://theme.archives.go.kr/viewer/common/archWebViewer.do?singleData=Y&archiveEventId=0049403269,True,0014177172,BJCA000154,0049403269,인사동 0092,
"경기도 경성부 중부 종로2정목외16정-013[관철동,인사동,관훈동,낙원동,경운동,운니동] - 인사동 0093",https://theme.archives.go.kr/next/acreage/viewCadastreDetail.do?typesub=Y&type=12&packid=0000508314&docid=0049403270&mngno=BJCA000154&want=0&formType=oldName&rtURL=,https://theme.archives.go.kr/viewer/common/archWebViewer.do?singleData=Y&archiveEventId=0049403270,True,0014177172,BJCA000154,0049403270,인사동 0093,
"경기도 경성부 중부 종로2정목외16정-013[관철동,인사동,관훈동,낙원동,경운동,운니동] - 인사동 0094",https://theme.archives.go.kr/next/acreage/viewCadastreDetail.do?typesub=Y&type=12&packid=0000508314&docid=0049889169&mngno=BJCA000154&want=0&formType=oldName&rtURL=,https://theme.archives.go.kr/viewer/common/archWebViewer.do?singleData=Y&archiveEventId=0049889169,True,0014177172,BJCA000154,0049889169,인사동 0094,
"경기도 경성부 중부 종로2정목외16정-013[관철동,인사동,관훈동,낙원동,경운동,운니동] - 인사동 0095",https://theme.archives.go.kr/next/acreage/viewCadastreDetail.do?typesub=Y&type=12&packid=0000508314&docid=0049403271&mngno=BJCA000154&want=0&formType=oldName&rtURL=,https://theme.archives.go.kr/viewer/common/archWebViewer.do?singleData=Y&archiveEventId=0049403271,True,0014177172,BJCA000154,0049403271,인사동 0095,
"경기도 경성부 중부 종로2정목외16정-013[관철동,인사동,관훈동,낙원동,경운동,운니동] - 인사동 0096",https://theme.archives.go.kr/next/acreage/viewCadastreDetail.do?typesub=Y&type=12&packid=0000508314&docid=0049403272&mngno=BJCA000154&want=0&formType=oldName&rtURL=,https://theme.archives.go.kr/viewer/common/archWebViewer.do?singleData=Y&archiveEventId=0049403272,True,0014177172,BJCA000154,0049403272,인사동 0096,
"경기도 경성부 중부 종로2정목외16정-013[관철동,인사동,관훈동,낙원동,경운동,운니동] - 인사동 0097",https://theme.archives.go.kr/next/acreage/viewCadastreDetail.do?typesub=Y&type=12&packid=0000508314&docid=0049889171&mngno=BJCA000154&want=0&formType=oldName&rtURL=,https://theme.archives.go.kr/viewer/common/archWebViewer.do?singleData=Y&archiveEventId=0049889171,True,0014177172,BJCA000154,0049889171,인사동 0097,
"경기도 경성부 중부 종로2정목외16정-013[관철동,인사동,관훈동,낙원동,경운동,운니동] - 인사동 0098",https://theme.archives.go.kr/next/acreage/viewCadastreDetail.do?typesub=Y&type=12&packid=0000508314&docid=0049403273&mngno=BJCA000154&want=0&formType=oldName&rtURL=,https://theme.archives.go.kr/viewer/common/archWebViewer.do?singleData=Y&archiveEventId=0049403273,True,0014177172,BJCA000154,0049403273,인사동 0098,
"경기도 경성부 중부 종로2정목외16정-013[관철동,인사동,관훈동,낙원동,경운동,운니동] - 인사동 0099",https://theme.archives.go.kr/next/acreage/viewCadastreDetail.do?typesub=Y&type=12&packid=0000508314&docid=0049403274&mngno=BJCA000154&want=0&formType=oldName&rtURL=,https://theme.archives.go.kr/viewer/common/archWebViewer.do?singleData=Y&archiveEventId=0049403274,True,0014177172,BJCA000154,0049403274,인사동 0099,
"경기도 경성부 중부 종로2정목외16정-013[관철동,인사동,관훈동,낙원동,경운동,운니동] - 인사동 0100",https://theme.archives.go.kr/next/acreage/viewCadastreDetail.do?typesub=Y&type=12&packid=0000508314&docid=0049889159&mngno=BJCA000154&want=0&formType=oldName&rtURL=,https://theme.archives.go.kr/viewer/common/archWebViewer.do?singleData=Y&archiveEventId=0049889159,True,0014177172,BJCA000154,0049889159,인사동 0100,
"경기도 경성부 중부 종로2정목외16정-013[관철동,인사동,관훈동,낙원동,경운동,운니동] - 인사동 0101",https://theme.archives.go.kr/next/acreage/viewCadastreDetail.do?typesub=Y&type=12&packid=0000508314&docid=0049403275&mngno=BJCA000154&want=0&formType=oldName&rtURL=,https://theme.archives.go.kr/viewer/common/archWebViewer.do?singleData=Y&archiveEventId=0049403275,True,0014177172,BJCA000154,0049403275,인사동 0101,
"경기도 경성부 중부 종로2정목외16정-013[관철동,인사동,관훈동,낙원동,경운동,운니동] - 인사동 0102",https://theme.archives.go.kr/next/acreage/viewCadastreDetail.do?typesub=Y&type=12&packid=0000508314&docid=0049889173&mngno=BJCA000154&want=0&formType=oldName&rtURL=,https://theme.archives.go.kr/viewer/common/archWebViewer.do?singleData=Y&archiveEventId=0049889173,True,0014177172,BJCA000154,0049889173,인사동 0102,
"경기도 경성부 중부 종로2정목외16정-013[관철동,인사동,관훈동,낙원동,경운동,운니동] - 인사동 0103",https://theme.archives.go.kr/next/acreage/viewCadastreDetail.do?typesub=Y&type=12&packid=0000508314&docid=0049403276&mngno=BJCA000154&want=0&formType=oldName&rtURL=,https://theme.archives.go.kr/viewer/common/archWebViewer.do?singleData=Y&archiveEventId=0049403276,True,0014177172,BJCA000154,0049403276,인사동 0103,
"경기도 경성부 중부 종로2정목외16정-013[관철동,인사동,관훈동,낙원동,경운동,운니동] - 인사동 0116",https://theme.archives.go.kr/next/acreage/viewCadastreDetail.do?typesub=Y&type=12&packid=0000508314&docid=0049403277&mngno=BJCA000154&want=0&formType=oldName&rtURL=,https://theme.archives.go.kr/viewer/common/archWebViewer.do?singleData=Y&archiveEventId=0049403277,True,0014177172,BJCA000154,0049403277,인사동 0116,
"경기도 경성부 중부 종로2정목외16정-013[관철동,인사동,관훈동,낙원동,경운동,운니동] - 인사동 0117",https://theme.archives.go.kr/next/acreage/viewCadastreDetail.do?typesub=Y&type=12&packid=0000508314&docid=0049889175&mngno=BJCA000154&want=0&formType=oldName&rtURL=,https://theme.archives.go.kr/viewer/common/archWebViewer.do?singleData=Y&archiveEventId=0049889175,True,0014177172,BJCA000154,0049889175,인사동 0117,
"경기도 경성부 중부 종로2정목외16정-013[관철동,인사동,관훈동,낙원동,경운동,운니동] - 인사동 0118",https://theme.archives.go.kr/next/acreage/viewCadastreDetail.do?typesub=Y&type=12&packid=0000508314&docid=0049403278&mngno=BJCA000154&want=0&formType=oldName&rtURL=,https://theme.archives.go.kr/viewer/common/archWebViewer.do?singleData=Y&archiveEventId=0049403278,True,0014177172,BJCA000154,0049403278,인사동 0118,
"경기도 경성부 중부 종로2정목외16정-013[관철동,인사동,관훈동,낙원동,경운동,운니동] - 인사동 0119",https://theme.archives.go.kr/next/acreage/viewCadastreDetail.do?typesub=Y&type=12&packid=0000508314&docid=0049403279&mngno=BJCA000154&want=0&formType=oldName&rtURL=,https://theme.archives.go.kr/viewer/common/archWebViewer.do?singleData=Y&archiveEventId=0049403279,True,0014177172,BJCA000154,0049403279,인사동 0119,
"경기도 경성부 중부 종로2정목외16정-013[관철동,인사동,관훈동,낙원동,경운동,운니동] - 인사동 0120",https://theme.archives.go.kr/next/acreage/viewCadastreDetail.do?typesub=Y&type=12&packid=0000508314&docid=0049889177&mngno=BJCA000154&want=0&formType=oldName&rtURL=,https://theme.archives.go.kr/viewer/common/archWebViewer.do?singleData=Y&archiveEventId=0049889177,True,0014177172,BJCA000154,0049889177,인사동 0120,
"경기도 경성부 중부 종로2정목외16정-013[관철동,인사동,관훈동,낙원동,경운동,운니동] - 인사동 0121",https://theme.archives.go.kr/next/acreage/viewCadastreDetail.do?typesub=Y&type=12&packid=0000508314&docid=0049403280&mngno=BJCA000154&want=0&formType=oldName&rtURL=,https://theme.archives.go.kr/viewer/common/archWebViewer.do?singleData=Y&archiveEventId=0049403280,True,0014177172,BJCA000154,0049403280,인사동 0121,
"경기도 경성부 중부 종로2정목외16정-013[관철동,인사동,관훈동,낙원동,경운동,운니동] - 인사동 0136",https://theme.archives.go.kr/next/acreage/viewCadastreDetail.do?typesub=Y&type=12&packid=0000508314&docid=0049403281&mngno=BJCA000154&want=0&formType=oldName&rtURL=,https://theme.archives.go.kr/viewer/common/archWebViewer.do?singleData=Y&archiveEventId=0049403281,True,0014177172,BJCA000154,0049403281,인사동 0136,
"경기도 경성부 중부 종로2정목외16정-013[관철동,인사동,관훈동,낙원동,경운동,운니동] - 인사동 0137",https://theme.archives.go.kr/next/acreage/viewCadastreDetail.do?typesub=Y&type=12&packid=0000508314&docid=0049889179&mngno=BJCA000154&want=0&formType=oldName&rtURL=,https://theme.archives.go.kr/viewer/common/archWebViewer.do?singleData=Y&archiveEventId=0049889179,True,0014177172,BJCA000154,0049889179,인사동 0137,
"경기도 경성부 중부 종로2정목외16정-013[관철동,인사동,관훈동,낙원동,경운동,운니동] - 인사동 0138",https://theme.archives.go.kr/next/acreage/viewCadastreDetail.do?typesub=Y&type=12&packid=0000508314&docid=0049889181&mngno=BJCA000154&want=0&formType=oldName&rtURL=,https://theme.archives.go.kr/viewer/common/archWebViewer.do?singleData=Y&archiveEventId=0049889181,True,0014177172,BJCA000154,0049889181,인사동 0138,
"경기도 경성부 중부 종로2정목외16정-013[관철동,인사동,관훈동,낙원동,경운동,운니동] - 인사동 0139",https://theme.archives.go.kr/next/acreage/viewCadastreDetail.do?typesub=Y&type=12&packid=0000508314&docid=0049403282&mngno=BJCA000154&want=0&formType=oldName&rtURL=,https://theme.archives.go.kr/viewer/common/archWebViewer.do?singleData=Y&archiveEventId=0049403282,True,0014177172,BJCA000154,0049403282,인사동 0139,
"경기도 경성부 중부 종로2정목외16정-013[관철동,인사동,관훈동,낙원동,경운동,운니동] - 인사동 0140",https://theme.archives.go.kr/next/acreage/viewCadastreDetail.do?typesub=Y&type=12&packid=0000508314&docid=0049403283&mngno=BJCA000154&want=0&formType=oldName&rtURL=,https://theme.archives.go.kr/viewer/common/archWebViewer.do?singleData=Y&archiveEventId=0049403283,True,0014177172,BJCA000154,0049403283,인사동 0140,
"경기도 경성부 중부 종로2정목외16정-013[관철동,인사동,관훈동,낙원동,경운동,운니동] - 인사동 0141",https://theme.archives.go.kr/next/acreage/viewCadastreDetail.do?typesub=Y&type=12&packid=0000508314&docid=0049889183&mngno=BJCA000154&want=0&formType=oldName&rtURL=,https://theme.archives.go.kr/viewer/common/archWebViewer.do?singleData=Y&archiveEventId=0049889183,True,0014177172,BJCA000154,0049889183,인사동 0141,
"경기도 경성부 중부 종로2정목외16정-013[관철동,인사동,관훈동,낙원동,경운동,운니동] - 인사동 0142",https://theme.archives.go.kr/next/acreage/viewCadastreDetail.do?typesub=Y&type=12&packid=0000508314&docid=0049403284&mngno=BJCA000154&want=0&formType=oldName&rtURL=,https://theme.archives.go.kr/viewer/common/archWebViewer.do?singleData=Y&archiveEventId=0049403284,True,0014177172,BJCA000154,0049403284,인사동 0142,
"경기도 경성부 중부 종로2정목외16정-013[관철동,인사동,관훈동,낙원동,경운동,운니동] - 인사동 0147",https://theme.archives.go.kr/next/acreage/viewCadastreDetail.do?typesub=Y&type=12&packid=0000508314&docid=0049403285&mngno=BJCA000154&want=0&formType=oldName&rtURL=,https://theme.archives.go.kr/viewer/common/archWebViewer.do?singleData=Y&archiveEventId=0049403285,True,0014177172,BJCA000154,0049403285,인사동 0147,
"경기도 경성부 중부 종로2정목외16정-013[관철동,인사동,관훈동,낙원동,경운동,운니동] - 인사동 0151",https://theme.archives.go.kr/next/acreage/viewCadastreDetail.do?typesub=Y&type=12&packid=0000508314&docid=0049889185&mngno=BJCA000154&want=0&formType=oldName&rtURL=,https://theme.archives.go.kr/viewer/common/archWebViewer.do?singleData=Y&archiveEventId=0049889185,True,0014177172,BJCA000154,0049889185,인사동 0151,
"경기도 경성부 중부 종로2정목외16정-013[관철동,인사동,관훈동,낙원동,경운동,운니동] - 인사동 0152",https://theme.archives.go.kr/next/acreage/viewCadastreDetail.do?typesub=Y&type=12&packid=0000508314&docid=0049732124&mngno=BJCA000154&want=0&formType=oldName&rtURL=,https://theme.archives.go.kr/viewer/common/archWebViewer.do?singleData=Y&archiveEventId=0049732124,True,0014177172,BJCA000154,0049732124,인사동 0152,
"경기도 경성부 중부 종로2정목외16정-013[관철동,인사동,관훈동,낙원동,경운동,운니동] - 인사동 0153",https://theme.archives.go.kr/next/acreage/viewCadastreDetail.do?typesub=Y&type=12&packid=0000508314&docid=0049403286&mngno=BJCA000154&want=0&formType=oldName&rtURL=,https://theme.archives.go.kr/viewer/common/archWebViewer.do?singleData=Y&archiveEventId=0049403286,True,0014177172,BJCA000154,0049403286,인사동 0153,
"경기도 경성부 중부 종로2정목외16정-013[관철동,인사동,관훈동,낙원동,경운동,운니동] - 인사동 0194",https://theme.archives.go.kr/next/acreage/viewCadastreDetail.do?typesub=Y&type=12&packid=0000508314&docid=0049403287&mngno=BJCA000154&want=0&formType=oldName&rtURL=,https://theme.archives.go.kr/viewer/common/archWebViewer.do?singleData=Y&archiveEventId=0049403287,True,0014177172,BJCA000154,0049403287,인사동 0194,
"경기도 경성부 중부 종로2정목외16정-013[관철동,인사동,관훈동,낙원동,경운동,운니동] - 인사동 0195",https://theme.archives.go.kr/next/acreage/viewCadastreDetail.do?typesub=Y&type=12&packid=0000508314&docid=0049889187&mngno=BJCA000154&want=0&formType=oldName&rtURL=,https://theme.archives.go.kr/viewer/common/archWebViewer.do?singleData=Y&archiveEventId=0049889187,True,0014177172,BJCA000154,0049889187,인사동 0195,
"경기도 경성부 중부 종로2정목외16정-013[관철동,인사동,관훈동,낙원동,경운동,운니동] - 인사동 0196",https://theme.archives.go.kr/next/acreage/viewCadastreDetail.do?typesub=Y&type=12&packid=0000508314&docid=0049403288&mngno=BJCA000154&want=0&formType=oldName&rtURL=,https://theme.archives.go.kr/viewer/common/archWebViewer.do?singleData=Y&archiveEventId=0049403288,True,0014177172,BJCA000154,0049403288,인사동 0196,
"경기도 경성부 중부 종로2정목외16정-013[관철동,인사동,관훈동,낙원동,경운동,운니동] - 인사동 0197",https://theme.archives.go.kr/next/acreage/viewCadastreDetail.do?typesub=Y&type=12&packid=0000508314&docid=0049403289&mngno=BJCA000154&want=0&formType=oldName&rtURL=,https://theme.archives.go.kr/viewer/common/archWebViewer.do?singleData=Y&archiveEventId=0049403289,True,0014177172,BJCA000154,0049403289,인사동 0197,
"경기도 경성부 중부 종로2정목외16정-013[관철동,인사동,관훈동,낙원동,경운동,운니동] - 인사동 0198",https://theme.archives.go.kr/next/acreage/viewCadastreDetail.do?typesub=Y&type=12&packid=0000508314&docid=0049889189&mngno=BJCA000154&want=0&formType=oldName&rtURL=,https://theme.archives.go.kr/viewer/common/archWebViewer.do?singleData=Y&archiveEventId=0049889189,True,0014177172,BJCA000154,0049889189,인사동 0198,
"경기도 경성부 중부 종로2정목외16정-013[관철동,인사동,관훈동,낙원동,경운동,운니동] - 인사동 0199",https://theme.archives.go.kr/next/acreage/viewCadastreDetail.do?typesub=Y&type=12&packid=0000508314&docid=0049403290&mngno=BJCA000154&want=0&formType=oldName&rtURL=,https://theme.archives.go.kr/viewer/common/archWebViewer.do?singleData=Y&archiveEventId=0049403290,True,0014177172,BJCA000154,0049403290,인사동 0199,
"경기도 경성부 중부 종로2정목외16정-013[관철동,인사동,관훈동,낙원동,경운동,운니동] - 인사동 0200",https://theme.archives.go.kr/next/acreage/viewCadastreDetail.do?typesub=Y&type=12&packid=0000508314&docid=0049403291&mngno=BJCA000154&want=0&formType=oldName&rtURL=,https://theme.archives.go.kr/viewer/common/archWebViewer.do?singleData=Y&archiveEventId=0049403291,True,0014177172,BJCA000154,0049403291,인사동 0200,
"경기도 경성부 중부 종로2정목외16정-013[관철동,인사동,관훈동,낙원동,경운동,운니동] - 인사동 0201",https://theme.archives.go.kr/next/acreage/viewCadastreDetail.do?typesub=Y&type=12&packid=0000508314&docid=0049889191&mngno=BJCA000154&want=0&formType=oldName&rtURL=,https://theme.archives.go.kr/viewer/common/archWebViewer.do?singleData=Y&archiveEventId=0049889191,True,0014177172,BJCA000154,0049889191,인사동 0201,
"경기도 경성부 중부 종로2정목외16정-013[관철동,인사동,관훈동,낙원동,경운동,운니동] - 인사동 0202",https://theme.archives.go.kr/next/acreage/viewCadastreDetail.do?typesub=Y&type=12&packid=0000508314&docid=0049403292&mngno=BJCA000154&want=0&formType=oldName&rtURL=,https://theme.archives.go.kr/viewer/common/archWebViewer.do?singleData=Y&archiveEventId=0049403292,True,0014177172,BJCA000154,0049403292,인사동 0202,
"경기도 경성부 중부 종로2정목외16정-013[관철동,인사동,관훈동,낙원동,경운동,운니동] - 인사동 0203",https://theme.archives.go.kr/next/acreage/viewCadastreDetail.do?typesub=Y&type=12&packid=0000508314&docid=0049403293&mngno=BJCA000154&want=0&formType=oldName&rtURL=,https://theme.archives.go.kr/viewer/common/archWebViewer.do?singleData=Y&archiveEventId=0049403293,True,0014177172,BJCA000154,0049403293,인사동 0203,
"경기도 경성부 중부 종로2정목외16정-013[관철동,인사동,관훈동,낙원동,경운동,운니동] - 인사동 0204",https://theme.archives.go.kr/next/acreage/viewCadastreDetail.do?typesub=Y&type=12&packid=0000508314&docid=0049889193&mngno=BJCA000154&want=0&formType=oldName&rtURL=,https://theme.archives.go.kr/viewer/common/archWebViewer.do?singleData=Y&archiveEventId=0049889193,True,0014177172,BJCA000154,0049889193,인사동 0204,
"경기도 경성부 중부 종로2정목외16정-013[관철동,인사동,관훈동,낙원동,경운동,운니동] - 인사동 0205",https://theme.archives.go.kr/next/acreage/viewCadastreDetail.do?typesub=Y&type=12&packid=0000508314&docid=0049403294&mngno=BJCA000154&want=0&formType=oldName&rtURL=,https://theme.archives.go.kr/viewer/common/archWebViewer.do?singleData=Y&archiveEventId=0049403294,True,0014177172,BJCA000154,0049403294,인사동 0205,
"경기도 경성부 중부 종로2정목외16정-013[관철동,인사동,관훈동,낙원동,경운동,운니동] - 인사동 0206",https://theme.archives.go.kr/next/acreage/viewCadastreDetail.do?typesub=Y&type=12&packid=0000508314&docid=0049403296&mngno=BJCA000154&want=0&formType=oldName&rtURL=,https://theme.archives.go.kr/viewer/common/archWebViewer.do?singleData=Y&archiveEventId=0049403296,True,0014177172,BJCA000154,0049403296,인사동 0206,
"경기도 경성부 중부 종로2정목외16정-013[관철동,인사동,관훈동,낙원동,경운동,운니동] - 인사동 0207",https://theme.archives.go.kr/next/acreage/viewCadastreDetail.do?typesub=Y&type=12&packid=0000508314&docid=0049889195&mngno=BJCA000154&want=0&formType=oldName&rtURL=,https://theme.archives.go.kr/viewer/common/archWebViewer.do?singleData=Y&archiveEventId=0049889195,True,0014177172,BJCA000154,0049889195,인사동 0207,
"경기도 경성부 중부 종로2정목외16정-013[관철동,인사동,관훈동,낙원동,경운동,운니동] - 인사동 0208",https://theme.archives.go.kr/next/acreage/viewCadastreDetail.do?typesub=Y&type=12&packid=0000508314&docid=0049403297&mngno=BJCA000154&want=0&formType=oldName&rtURL=,https://theme.archives.go.kr/viewer/common/archWebViewer.do?singleData=Y&archiveEventId=0049403297,True,0014177172,BJCA000154,0049403297,인사동 0208,
"경기도 경성부 중부 종로2정목외16정-013[관철동,인사동,관훈동,낙원동,경운동,운니동] - 인사동 0209",https://theme.archives.go.kr/next/acreage/viewCadastreDetail.do?typesub=Y&type=12&packid=0000508314&docid=0049403298&mngno=BJCA000154&want=0&formType=oldName&rtURL=,https://theme.archives.go.kr/viewer/common/archWebViewer.do?singleData=Y&archiveEventId=0049403298,True,0014177172,BJCA000154,0049403298,인사동 0209,
"경기도 경성부 중부 종로2정목외16정-013[관철동,인사동,관훈동,낙원동,경운동,운니동] - 인사동 0210",https://theme.archives.go.kr/next/acreage/viewCadastreDetail.do?typesub=Y&type=12&packid=0000508314&docid=0049889197&mngno=BJCA000154&want=0&formType=oldName&rtURL=,https://theme.archives.go.kr/viewer/common/archWebViewer.do?singleData=Y&archiveEventId=0049889197,True,0014177172,BJCA000154,0049889197,인사동 0210,
"경기도 경성부 중부 종로2정목외16정-013[관철동,인사동,관훈동,낙원동,경운동,운니동] - 인사동 0211",https://theme.archives.go.kr/next/acreage/viewCadastreDetail.do?typesub=Y&type=12&packid=0000508314&docid=0049403299&mngno=BJCA000154&want=0&formType=oldName&rtURL=,https://theme.archives.go.kr/viewer/common/archWebViewer.do?singleData=Y&archiveEventId=0049403299,True,0014177172,BJCA000154,0049403299,인사동 0211,
"경기도 경성부 중부 종로2정목외16정-013[관철동,인사동,관훈동,낙원동,경운동,운니동] - 인사동 0212",https://theme.archives.go.kr/next/acreage/viewCadastreDetail.do?typesub=Y&type=12&packid=0000508314&docid=0049403300&mngno=BJCA000154&want=0&formType=oldName&rtURL=,https://theme.archives.go.kr/viewer/common/archWebViewer.do?singleData=Y&archiveEventId=0049403300,True,0014177172,BJCA000154,0049403300,인사동 0212,
"경기도 경성부 중부 종로2정목외16정-013[관철동,인사동,관훈동,낙원동,경운동,운니동] - 인사동 0213",https://theme.archives.go.kr/next/acreage/viewCadastreDetail.do?typesub=Y&type=12&packid=0000508314&docid=0049889199&mngno=BJCA000154&want=0&formType=oldName&rtURL=,https://theme.archives.go.kr/viewer/common/archWebViewer.do?singleData=Y&archiveEventId=0049889199,True,0014177172,BJCA000154,0049889199,인사동 0213,
"경기도 경성부 중부 종로2정목외16정-013[관철동,인사동,관훈동,낙원동,경운동,운니동] - 인사동 0214",https://theme.archives.go.kr/next/acreage/viewCadastreDetail.do?typesub=Y&type=12&packid=0000508314&docid=0049403301&mngno=BJCA000154&want=0&formType=oldName&rtURL=,https://theme.archives.go.kr/viewer/common/archWebViewer.do?singleData=Y&archiveEventId=0049403301,True,0014177172,BJCA000154,0049403301,인사동 0214,
"경기도 경성부 중부 종로2정목외16정-013[관철동,인사동,관훈동,낙원동,경운동,운니동] - 인사동 0215",https://theme.archives.go.kr/next/acreage/viewCadastreDetail.do?typesub=Y&type=12&packid=0000508314&docid=0049403302&mngno=BJCA000154&want=0&formType=oldName&rtURL=,https://theme.archives.go.kr/viewer/common/archWebViewer.do?singleData=Y&archiveEventId=0049403302,True,0014177172,BJCA000154,0049403302,인사동 0215,
"경기도 경성부 중부 종로2정목외16정-013[관철동,인사동,관훈동,낙원동,경운동,운니동] - 인사동 0216",https://theme.archives.go.kr/next/acreage/viewCadastreDetail.do?typesub=Y&type=12&packid=0000508314&docid=0049889103&mngno=BJCA000154&want=0&formType=oldName&rtURL=,https://theme.archives.go.kr/viewer/common/archWebViewer.do?singleData=Y&archiveEventId=0049889103,True,0014177172,BJCA000154,0049889103,인사동 0216,
"경기도 경성부 중부 종로2정목외16정-013[관철동,인사동,관훈동,낙원동,경운동,운니동] - 인사동 0217",https://theme.archives.go.kr/next/acreage/viewCadastreDetail.do?typesub=Y&type=12&packid=0000508314&docid=0049403303&mngno=BJCA000154&want=0&formType=oldName&rtURL=,https://theme.archives.go.kr/viewer/common/archWebViewer.do?singleData=Y&archiveEventId=0049403303,True,0014177172,BJCA000154,0049403303,인사동 0217,
"경기도 경성부 중부 종로2정목외16정-013[관철동,인사동,관훈동,낙원동,경운동,운니동] - 인사동 0218",https://theme.archives.go.kr/next/acreage/viewCadastreDetail.do?typesub=Y&type=12&packid=0000508314&docid=0049403304&mngno=BJCA000154&want=0&formType=oldName&rtURL=,https://theme.archives.go.kr/viewer/common/archWebViewer.do?singleData=Y&archiveEventId=0049403304,True,0014177172,BJCA000154,0049403304,인사동 0218,
"경기도 경성부 중부 종로2정목외16정-013[관철동,인사동,관훈동,낙원동,경운동,운니동] - 인사동 0219",https://theme.archives.go.kr/next/acreage/viewCadastreDetail.do?typesub=Y&type=12&packid=0000508314&docid=0049889105&mngno=BJCA000154&want=0&formType=oldName&rtURL=,https://theme.archives.go.kr/viewer/common/archWebViewer.do?singleData=Y&archiveEventId=0049889105,True,0014177172,BJCA000154,0049889105,인사동 0219,
"경기도 경성부 중부 종로2정목외16정-013[관철동,인사동,관훈동,낙원동,경운동,운니동] - 인사동 0220",https://theme.archives.go.kr/next/acreage/viewCadastreDetail.do?typesub=Y&type=12&packid=0000508314&docid=0049403305&mngno=BJCA000154&want=0&formType=oldName&rtURL=,https://theme.archives.go.kr/viewer/common/archWebViewer.do?singleData=Y&archiveEventId=0049403305,True,0014177172,BJCA000154,0049403305,인사동 0220,
"경기도 경성부 중부 종로2정목외16정-013[관철동,인사동,관훈동,낙원동,경운동,운니동] - 인사동 0221",https://theme.archives.go.kr/next/acreage/viewCadastreDetail.do?typesub=Y&type=12&packid=0000508314&docid=0049889161&mngno=BJCA000154&want=0&formType=oldName&rtURL=,https://theme.archives.go.kr/viewer/common/archWebViewer.do?singleData=Y&archiveEventId=0049889161,True,0014177172,BJCA000154,0049889161,인사동 0221,
"경기도 경성부 중부 종로2정목외16정-013[관철동,인사동,관훈동,낙원동,경운동,운니동] - 인사동 0222",https://theme.archives.go.kr/next/acreage/viewCadastreDetail.do?typesub=Y&type=12&packid=0000508314&docid=0049403306&mngno=BJCA000154&want=0&formType=oldName&rtURL=,https://theme.archives.go.kr/viewer/common/archWebViewer.do?singleData=Y&archiveEventId=0049403306,True,0014177172,BJCA000154,0049403306,인사동 0222,
"경기도 경성부 중부 종로2정목외16정-013[관철동,인사동,관훈동,낙원동,경운동,운니동] - 인사동 0223",https://theme.archives.go.kr/next/acreage/viewCadastreDetail.do?typesub=Y&type=12&packid=0000508314&docid=0049403307&mngno=BJCA000154&want=0&formType=oldName&rtURL=,https://theme.archives.go.kr/viewer/common/archWebViewer.do?singleData=Y&archiveEventId=0049403307,True,0014177172,BJCA000154,0049403307,인사동 0223,
"경기도 경성부 중부 종로2정목외16정-013[관철동,인사동,관훈동,낙원동,경운동,운니동] - 인사동 0224",https://theme.archives.go.kr/next/acreage/viewCadastreDetail.do?typesub=Y&type=12&packid=0000508314&docid=0049889107&mngno=BJCA000154&want=0&formType=oldName&rtURL=,https://theme.archives.go.kr/viewer/common/archWebViewer.do?singleData=Y&archiveEventId=0049889107,True,0014177172,BJCA000154,0049889107,인사동 0224,
"경기도 경성부 중부 종로2정목외16정-013[관철동,인사동,관훈동,낙원동,경운동,운니동] - 인사동 0225",https://theme.archives.go.kr/next/acreage/viewCadastreDetail.do?typesub=Y&type=12&packid=0000508314&docid=0049403308&mngno=BJCA000154&want=0&formType=oldName&rtURL=,https://theme.archives.go.kr/viewer/common/archWebViewer.do?singleData=Y&archiveEventId=0049403308,True,0014177172,BJCA000154,0049403308,인사동 0225,
"경기도 경성부 중부 종로2정목외16정-013[관철동,인사동,관훈동,낙원동,경운동,운니동] - 인사동 0226",https://theme.archives.go.kr/next/acreage/viewCadastreDetail.do?typesub=Y&type=12&packid=0000508314&docid=0049403309&mngno=BJCA000154&want=0&formType=oldName&rtURL=,https://theme.archives.go.kr/viewer/common/archWebViewer.do?singleData=Y&archiveEventId=0049403309,True,0014177172,BJCA000154,0049403309,인사동 0226,
"경기도 경성부 중부 종로2정목외16정-013[관철동,인사동,관훈동,낙원동,경운동,운니동] - 인사동 0227",https://theme.archives.go.kr/next/acreage/viewCadastreDetail.do?typesub=Y&type=12&packid=0000508314&docid=0049889109&mngno=BJCA000154&want=0&formType=oldName&rtURL=,https://theme.archives.go.kr/viewer/common/archWebViewer.do?singleData=Y&archiveEventId=0049889109,True,0014177172,BJCA000154,0049889109,인사동 0227,
"경기도 경성부 중부 종로2정목외16정-013[관철동,인사동,관훈동,낙원동,경운동,운니동] - 인사동 0228",https://theme.archives.go.kr/next/acreage/viewCadastreDetail.do?typesub=Y&type=12&packid=0000508314&docid=0049403310&mngno=BJCA000154&want=0&formType=oldName&rtURL=,https://theme.archives.go.kr/viewer/common/archWebViewer.do?singleData=Y&archiveEventId=0049403310,True,0014177172,BJCA000154,0049403310,인사동 0228,
"경기도 경성부 중부 종로2정목외16정-013[관철동,인사동,관훈동,낙원동,경운동,운니동] - 인사동 0229",https://theme.archives.go.kr/next/acreage/viewCadastreDetail.do?typesub=Y&type=12&packid=0000508314&docid=0049403311&mngno=BJCA000154&want=0&formType=oldName&rtURL=,https://theme.archives.go.kr/viewer/common/archWebViewer.do?singleData=Y&archiveEventId=0049403311,True,0014177172,BJCA000154,0049403311,인사동 0229,
"경기도 경성부 중부 종로2정목외16정-013[관철동,인사동,관훈동,낙원동,경운동,운니동] - 인사동 0230",https://theme.archives.go.kr/next/acreage/viewCadastreDetail.do?typesub=Y&type=12&packid=0000508314&docid=0049889111&mngno=BJCA000154&want=0&formType=oldName&rtURL=,https://theme.archives.go.kr/viewer/common/archWebViewer.do?singleData=Y&archiveEventId=0049889111,True,0014177172,BJCA000154,0049889111,인사동 0230,
"경기도 경성부 중부 종로2정목외16정-013[관철동,인사동,관훈동,낙원동,경운동,운니동] - 인사동 0231",https://theme.archives.go.kr/next/acreage/viewCadastreDetail.do?typesub=Y&type=12&packid=0000508314&docid=0049889113&mngno=BJCA000154&want=0&formType=oldName&rtURL=,https://theme.archives.go.kr/viewer/common/archWebViewer.do?singleData=Y&archiveEventId=0049889113,True,0014177172,BJCA000154,0049889113,인사동 0231,
"경기도 경성부 중부 종로2정목외16정-013[관철동,인사동,관훈동,낙원동,경운동,운니동] - 인사동 0232",https://theme.archives.go.kr/next/acreage/viewCadastreDetail.do?typesub=Y&type=12&packid=0000508314&docid=0049403312&mngno=BJCA000154&want=0&formType=oldName&rtURL=,https://theme.archives.go.kr/viewer/common/archWebViewer.do?singleData=Y&archiveEventId=0049403312,True,0014177172,BJCA000154,0049403312,인사동 0232,
"경기도 경성부 중부 종로2정목외16정-013[관철동,인사동,관훈동,낙원동,경운동,운니동] - 인사동 0233",https://theme.archives.go.kr/next/acreage/viewCadastreDetail.do?typesub=Y&type=12&packid=0000508314&docid=0049403313&mngno=BJCA000154&want=0&formType=oldName&rtURL=,https://theme.archives.go.kr/viewer/common/archWebViewer.do?singleData=Y&archiveEventId=0049403313,True,0014177172,BJCA000154,0049403313,인사동 0233,
"경기도 경성부 중부 종로2정목외16정-013[관철동,인사동,관훈동,낙원동,경운동,운니동] - 인사동 0234",https://theme.archives.go.kr/next/acreage/viewCadastreDetail.do?typesub=Y&type=12&packid=0000508314&docid=0049889115&mngno=BJCA000154&want=0&formType=oldName&rtURL=,https://theme.archives.go.kr/viewer/common/archWebViewer.do?singleData=Y&archiveEventId=0049889115,True,0014177172,BJCA000154,0049889115,인사동 0234,
"경기도 경성부 중부 종로2정목외16정-013[관철동,인사동,관훈동,낙원동,경운동,운니동] - 인사동 0235",https://theme.archives.go.kr/next/acreage/viewCadastreDetail.do?typesub=Y&type=12&packid=0000508314&docid=0049403314&mngno=BJCA000154&want=0&formType=oldName&rtURL=,https://theme.archives.go.kr/viewer/common/archWebViewer.do?singleData=Y&archiveEventId=0049403314,True,0014177172,BJCA000154,0049403314,인사동 0235,
"경기도 경성부 중부 종로2정목외16정-013[관철동,인사동,관훈동,낙원동,경운동,운니동] - 인사동 0236",https://theme.archives.go.kr/next/acreage/viewCadastreDetail.do?typesub=Y&type=12&packid=0000508314&docid=0049403315&mngno=BJCA000154&want=0&formType=oldName&rtURL=,https://theme.archives.go.kr/viewer/common/archWebViewer.do?singleData=Y&archiveEventId=0049403315,True,0014177172,BJCA000154,0049403315,인사동 0236,
"경기도 경성부 중부 종로2정목외16정-013[관철동,인사동,관훈동,낙원동,경운동,운니동] - 인사동 0237",https://theme.archives.go.kr/next/acreage/viewCadastreDetail.do?typesub=Y&type=12&packid=0000508314&docid=0049889117&mngno=BJCA000154&want=0&formType=oldName&rtURL=,https://theme.archives.go.kr/viewer/common/archWebViewer.do?singleData=Y&archiveEventId=0049889117,True,0014177172,BJCA000154,0049889117,인사동 0237,
"경기도 경성부 중부 종로2정목외16정-013[관철동,인사동,관훈동,낙원동,경운동,운니동] - 인사동 0238",https://theme.archives.go.kr/next/acreage/viewCadastreDetail.do?typesub=Y&type=12&packid=0000508314&docid=0049403316&mngno=BJCA000154&want=0&formType=oldName&rtURL=,https://theme.archives.go.kr/viewer/common/archWebViewer.do?singleData=Y&archiveEventId=0049403316,True,0014177172,BJCA000154,0049403316,인사동 0238,
"경기도 경성부 중부 종로2정목외16정-013[관철동,인사동,관훈동,낙원동,경운동,운니동] - 인사동 0239",https://theme.archives.go.kr/next/acreage/viewCadastreDetail.do?typesub=Y&type=12&packid=0000508314&docid=0049403317&mngno=BJCA000154&want=0&formType=oldName&rtURL=,https://theme.archives.go.kr/viewer/common/archWebViewer.do?singleData=Y&archiveEventId=0049403317,True,0014177172,BJCA000154,0049403317,인사동 0239,
"경기도 경성부 중부 종로2정목외16정-013[관철동,인사동,관훈동,낙원동,경운동,운니동] - 인사동 0240",https://theme.archives.go.kr/next/acreage/viewCadastreDetail.do?typesub=Y&type=12&packid=0000508314&docid=0049889119&mngno=BJCA000154&want=0&formType=oldName&rtURL=,https://theme.archives.go.kr/viewer/common/archWebViewer.do?singleData=Y&archiveEventId=0049889119,True,0014177172,BJCA000154,0049889119,인사동 0240,
"경기도 경성부 중부 종로2정목외16정-013[관철동,인사동,관훈동,낙원동,경운동,운니동] - 인사동 0241",https://theme.archives.go.kr/next/acreage/viewCadastreDetail.do?typesub=Y&type=12&packid=0000508314&docid=0049403318&mngno=BJCA000154&want=0&formType=oldName&rtURL=,https://theme.archives.go.kr/viewer/common/archWebViewer.do?singleData=Y&archiveEventId=0049403318,True,0014177172,BJCA000154,0049403318,인사동 0241,
"경기도 경성부 중부 종로2정목외16정-013[관철동,인사동,관훈동,낙원동,경운동,운니동] - 인사동 0242",https://theme.archives.go.kr/next/acreage/viewCadastreDetail.do?typesub=Y&type=12&packid=0000508314&docid=0049403319&mngno=BJCA000154&want=0&formType=oldName&rtURL=,https://theme.archives.go.kr/viewer/common/archWebViewer.do?singleData=Y&archiveEventId=0049403319,True,0014177172,BJCA000154,0049403319,인사동 0242,
"경기도 경성부 중부 종로2정목외16정-013[관철동,인사동,관훈동,낙원동,경운동,운니동] - 인사동 0243",https://theme.archives.go.kr/next/acreage/viewCadastreDetail.do?typesub=Y&type=12&packid=0000508314&docid=0049889121&mngno=BJCA000154&want=0&formType=oldName&rtURL=,https://theme.archives.go.kr/viewer/common/archWebViewer.do?singleData=Y&archiveEventId=0049889121,True,0014177172,BJCA000154,0049889121,인사동 0243,
"경기도 경성부 중부 종로2정목외16정-013[관철동,인사동,관훈동,낙원동,경운동,운니동] - 인사동 0244",https://theme.archives.go.kr/next/acreage/viewCadastreDetail.do?typesub=Y&type=12&packid=0000508314&docid=0049403320&mngno=BJCA000154&want=0&formType=oldName&rtURL=,https://theme.archives.go.kr/viewer/common/archWebViewer.do?singleData=Y&archiveEventId=0049403320,True,0014177172,BJCA000154,0049403320,인사동 0244,
"경기도 경성부 중부 종로2정목외16정-013[관철동,인사동,관훈동,낙원동,경운동,운니동] - 인사동 0245",https://theme.archives.go.kr/next/acreage/viewCadastreDetail.do?typesub=Y&type=12&packid=0000508314&docid=0049403321&mngno=BJCA000154&want=0&formType=oldName&rtURL=,https://theme.archives.go.kr/viewer/common/archWebViewer.do?singleData=Y&archiveEventId=0049403321,True,0014177172,BJCA000154,0049403321,인사동 0245,
"경기도 경성부 중부 종로2정목외16정-013[관철동,인사동,관훈동,낙원동,경운동,운니동] - 인사동 0246",https://theme.archives.go.kr/next/acreage/viewCadastreDetail.do?typesub=Y&type=12&packid=0000508314&docid=0049889123&mngno=BJCA000154&want=0&formType=oldName&rtURL=,https://theme.archives.go.kr/viewer/common/archWebViewer.do?singleData=Y&archiveEventId=0049889123,True,0014177172,BJCA000154,0049889123,인사동 0246,
"경기도 경성부 중부 종로2정목외16정-013[관철동,인사동,관훈동,낙원동,경운동,운니동] - 인사동 0247",https://theme.archives.go.kr/next/acreage/viewCadastreDetail.do?typesub=Y&type=12&packid=0000508314&docid=0049403322&mngno=BJCA000154&want=0&formType=oldName&rtURL=,https://theme.archives.go.kr/viewer/common/archWebViewer.do?singleData=Y&archiveEventId=0049403322,True,0014177172,BJCA000154,0049403322,인사동 0247,
"경기도 경성부 중부 종로2정목외16정-013[관철동,인사동,관훈동,낙원동,경운동,운니동] - 인사동 0248",https://theme.archives.go.kr/next/acreage/viewCadastreDetail.do?typesub=Y&type=12&packid=0000508314&docid=0049403323&mngno=BJCA000154&want=0&formType=oldName&rtURL=,https://theme.archives.go.kr/viewer/common/archWebViewer.do?singleData=Y&archiveEventId=0049403323,True,0014177172,BJCA000154,0049403323,인사동 0248,
"경기도 경성부 중부 종로2정목외16정-013[관철동,인사동,관훈동,낙원동,경운동,운니동] - 인사동 0249",https://theme.archives.go.kr/next/acreage/viewCadastreDetail.do?typesub=Y&type=12&packid=0000508314&docid=0049889125&mngno=BJCA000154&want=0&formType=oldName&rtURL=,https://theme.archives.go.kr/viewer/common/archWebViewer.do?singleData=Y&archiveEventId=0049889125,True,0014177172,BJCA000154,0049889125,인사동 0249,
"경기도 경성부 중부 종로2정목외16정-013[관철동,인사동,관훈동,낙원동,경운동,운니동] - 인사동 0250",https://theme.archives.go.kr/next/acreage/viewCadastreDetail.do?typesub=Y&type=12&packid=0000508314&docid=0049403324&mngno=BJCA000154&want=0&formType=oldName&rtURL=,https://theme.archives.go.kr/viewer/common/archWebViewer.do?singleData=Y&archiveEventId=0049403324,True,0014177172,BJCA000154,0049403324,인사동 0250,
"경기도 경성부 중부 종로2정목외16정-013[관철동,인사동,관훈동,낙원동,경운동,운니동] - 인사동 0251",https://theme.archives.go.kr/next/acreage/viewCadastreDetail.do?typesub=Y&type=12&packid=0000508314&docid=0049403325&mngno=BJCA000154&want=0&formType=oldName&rtURL=,https://theme.archives.go.kr/viewer/common/archWebViewer.do?singleData=Y&archiveEventId=0049403325,True,0014177172,BJCA000154,0049403325,인사동 0251,
"경기도 경성부 중부 종로2정목외16정-013[관철동,인사동,관훈동,낙원동,경운동,운니동] - 인사동 0252",https://theme.archives.go.kr/next/acreage/viewCadastreDetail.do?typesub=Y&type=12&packid=0000508314&docid=0049889127&mngno=BJCA000154&want=0&formType=oldName&rtURL=,https://theme.archives.go.kr/viewer/common/archWebViewer.do?singleData=Y&archiveEventId=0049889127,True,0014177172,BJCA000154,0049889127,인사동 0252,
"경기도 경성부 중부 종로2정목외16정-013[관철동,인사동,관훈동,낙원동,경운동,운니동] - 인사동 0253",https://theme.archives.go.kr/next/acreage/viewCadastreDetail.do?typesub=Y&type=12&packid=0000508314&docid=0049403326&mngno=BJCA000154&want=0&formType=oldName&rtURL=,https://theme.archives.go.kr/viewer/common/archWebViewer.do?singleData=Y&archiveEventId=0049403326,True,0014177172,BJCA000154,0049403326,인사동 0253,
"경기도 경성부 중부 종로2정목외16정-013[관철동,인사동,관훈동,낙원동,경운동,운니동] - 인사동 0254",https://theme.archives.go.kr/next/acreage/viewCadastreDetail.do?typesub=Y&type=12&packid=0000508314&docid=0049403327&mngno=BJCA000154&want=0&formType=oldName&rtURL=,https://theme.archives.go.kr/viewer/common/archWebViewer.do?singleData=Y&archiveEventId=0049403327,True,0014177172,BJCA000154,0049403327,인사동 0254,
"경기도 경성부 중부 종로2정목외16정-013[관철동,인사동,관훈동,낙원동,경운동,운니동] - 인사동 0255",https://theme.archives.go.kr/next/acreage/viewCadastreDetail.do?typesub=Y&type=12&packid=0000508314&docid=0049403328&mngno=BJCA000154&want=0&formType=oldName&rtURL=,https://theme.archives.go.kr/viewer/common/archWebViewer.do?singleData=Y&archiveEventId=0049403328,True,0014177172,BJCA000154,0049403328,인사동 0255,
"경기도 경성부 중부 종로2정목외16정-013[관철동,인사동,관훈동,낙원동,경운동,운니동] - 인사동 0256",https://theme.archives.go.kr/next/acreage/viewCadastreDetail.do?typesub=Y&type=12&packid=0000508314&docid=0049889129&mngno=BJCA000154&want=0&formType=oldName&rtURL=,https://theme.archives.go.kr/viewer/common/archWebViewer.do?singleData=Y&archiveEventId=0049889129,True,0014177172,BJCA000154,0049889129,인사동 0256,
"경기도 경성부 중부 종로2정목외16정-013[관철동,인사동,관훈동,낙원동,경운동,운니동] - 인사동 0257",https://theme.archives.go.kr/next/acreage/viewCadastreDetail.do?typesub=Y&type=12&packid=0000508314&docid=0049403329&mngno=BJCA000154&want=0&formType=oldName&rtURL=,https://theme.archives.go.kr/viewer/common/archWebViewer.do?singleData=Y&archiveEventId=0049403329,True,0014177172,BJCA000154,0049403329,인사동 0257,
"경기도 경성부 중부 종로2정목외16정-013[관철동,인사동,관훈동,낙원동,경운동,운니동] - 인사동 0258",https://theme.archives.go.kr/next/acreage/viewCadastreDetail.do?typesub=Y&type=12&packid=0000508314&docid=0049403330&mngno=BJCA000154&want=0&formType=oldName&rtURL=,https://theme.archives.go.kr/viewer/common/archWebViewer.do?singleData=Y&archiveEventId=0049403330,True,0014177172,BJCA000154,0049403330,인사동 0258,
"경기도 경성부 중부 종로2정목외16정-013[관철동,인사동,관훈동,낙원동,경운동,운니동] - 인사동 0259",https://theme.archives.go.kr/next/acreage/viewCadastreDetail.do?typesub=Y&type=12&packid=0000508314&docid=0049889131&mngno=BJCA000154&want=0&formType=oldName&rtURL=,https://theme.archives.go.kr/viewer/common/archWebViewer.do?singleData=Y&archiveEventId=0049889131,True,0014177172,BJCA000154,0049889131,인사동 0259,
"경기도 경성부 중부 종로2정목외16정-013[관철동,인사동,관훈동,낙원동,경운동,운니동] - 인사동 0260",https://theme.archives.go.kr/next/acreage/viewCadastreDetail.do?typesub=Y&type=12&packid=0000508314&docid=0049403331&mngno=BJCA000154&want=0&formType=oldName&rtURL=,https://theme.archives.go.kr/viewer/common/archWebViewer.do?singleData=Y&archiveEventId=0049403331,True,0014177172,BJCA000154,0049403331,인사동 0260,
"경기도 경성부 중부 종로2정목외16정-013[관철동,인사동,관훈동,낙원동,경운동,운니동] - 인사동 0261",https://theme.archives.go.kr/next/acreage/viewCadastreDetail.do?typesub=Y&type=12&packid=0000508314&docid=0049403332&mngno=BJCA000154&want=0&formType=oldName&rtURL=,https://theme.archives.go.kr/viewer/common/archWebViewer.do?singleData=Y&archiveEventId=0049403332,True,0014177172,BJCA000154,0049403332,인사동 0261,
"경기도 경성부 중부 종로2정목외16정-013[관철동,인사동,관훈동,낙원동,경운동,운니동] - 인사동 0262",https://theme.archives.go.kr/next/acreage/viewCadastreDetail.do?typesub=Y&type=12&packid=0000508314&docid=0049889163&mngno=BJCA000154&want=0&formType=oldName&rtURL=,https://theme.archives.go.kr/viewer/common/archWebViewer.do?singleData=Y&archiveEventId=0049889163,True,0014177172,BJCA000154,0049889163,인사동 0262,
"경기도 경성부 중부 종로2정목외16정-013[관철동,인사동,관훈동,낙원동,경운동,운니동] - 인사동 0263",https://theme.archives.go.kr/next/acreage/viewCadastreDetail.do?typesub=Y&type=12&packid=0000508314&docid=0049889133&mngno=BJCA000154&want=0&formType=oldName&rtURL=,https://theme.archives.go.kr/viewer/common/archWebViewer.do?singleData=Y&archiveEventId=0049889133,True,0014177172,BJCA000154,0049889133,인사동 0263,
"경기도 경성부 중부 종로2정목외16정-013[관철동,인사동,관훈동,낙원동,경운동,운니동] - 인사동 0264",https://theme.archives.go.kr/next/acreage/viewCadastreDetail.do?typesub=Y&type=12&packid=0000508314&docid=0049403333&mngno=BJCA000154&want=0&formType=oldName&rtURL=,https://theme.archives.go.kr/viewer/common/archWebViewer.do?singleData=Y&archiveEventId=0049403333,True,0014177172,BJCA000154,0049403333,인사동 0264,
"경기도 경성부 중부 종로2정목외16정-013[관철동,인사동,관훈동,낙원동,경운동,운니동] - 인사동 0265",https://theme.archives.go.kr/next/acreage/viewCadastreDetail.do?typesub=Y&type=12&packid=0000508314&docid=0049403334&mngno=BJCA000154&want=0&formType=oldName&rtURL=,https://theme.archives.go.kr/viewer/common/archWebViewer.do?singleData=Y&archiveEventId=0049403334,True,0014177172,BJCA000154,0049403334,인사동 0265,
"경기도 경성부 중부 종로2정목외16정-013[관철동,인사동,관훈동,낙원동,경운동,운니동] - 인사동 0266",https://theme.archives.go.kr/next/acreage/viewCadastreDetail.do?typesub=Y&type=12&packid=0000508314&docid=0049889135&mngno=BJCA000154&want=0&formType=oldName&rtURL=,https://theme.archives.go.kr/viewer/common/archWebViewer.do?singleData=Y&archiveEventId=0049889135,True,0014177172,BJCA000154,0049889135,인사동 0266,
"경기도 경성부 중부 종로2정목외16정-013[관철동,인사동,관훈동,낙원동,경운동,운니동] - 인사동 0267",https://theme.archives.go.kr/next/acreage/viewCadastreDetail.do?typesub=Y&type=12&packid=0000508314&docid=0049403335&mngno=BJCA000154&want=0&formType=oldName&rtURL=,https://theme.archives.go.kr/viewer/common/archWebViewer.do?singleData=Y&archiveEventId=0049403335,True,0014177172,BJCA000154,0049403335,인사동 0267,
"경기도 경성부 중부 종로2정목외16정-013[관철동,인사동,관훈동,낙원동,경운동,운니동] - 인사동 0268",https://theme.archives.go.kr/next/acreage/viewCadastreDetail.do?typesub=Y&type=12&packid=0000508314&docid=0049403336&mngno=BJCA000154&want=0&formType=oldName&rtURL=,https://theme.archives.go.kr/viewer/common/archWebViewer.do?singleData=Y&archiveEventId=0049403336,True,0014177172,BJCA000154,0049403336,인사동 0268,
"경기도 경성부 중부 종로2정목외16정-013[관철동,인사동,관훈동,낙원동,경운동,운니동] - 종로2정목 0006",https://theme.archives.go.kr/next/acreage/viewCadastreDetail.do?typesub=Y&type=12&packid=0000508314&docid=0049889137&mngno=BJCA000154&want=0&formType=oldName&rtURL=,https://theme.archives.go.kr/viewer/common/archWebViewer.do?singleData=Y&archiveEventId=0049889137,True,0014177172,BJCA000154,0049889137,종로2정목 0006,
"경기도 경성부 중부 종로2정목외16정-013[관철동,인사동,관훈동,낙원동,경운동,운니동] - 종로2정목 0007",https://theme.archives.go.kr/next/acreage/viewCadastreDetail.do?typesub=Y&type=12&packid=0000508314&docid=0049746649&mngno=BJCA000154&want=0&formType=oldName&rtURL=,https://theme.archives.go.kr/viewer/common/archWebViewer.do?singleData=Y&archiveEventId=0049746649,True,0014177172,BJCA000154,0049746649,종로2정목 0007,
"경기도 경성부 중부 종로2정목외16정-013[관철동,인사동,관훈동,낙원동,경운동,운니동] - 종로2정목 0008",https://theme.archives.go.kr/next/acreage/viewCadastreDetail.do?typesub=Y&type=12&packid=0000508314&docid=0049403337&mngno=BJCA000154&want=0&formType=oldName&rtURL=,https://theme.archives.go.kr/viewer/common/archWebViewer.do?singleData=Y&archiveEventId=0049403337,True,0014177172,BJCA000154,0049403337,종로2정목 0008,
"경기도 경성부 중부 종로2정목외16정-013[관철동,인사동,관훈동,낙원동,경운동,운니동] - 종로2정목 0009",https://theme.archives.go.kr/next/acreage/viewCadastreDetail.do?typesub=Y&type=12&packid=0000508314&docid=0049889139&mngno=BJCA000154&want=0&formType=oldName&rtURL=,https://theme.archives.go.kr/viewer/common/archWebViewer.do?singleData=Y&archiveEventId=0049889139,True,0014177172,BJCA000154,0049889139,종로2정목 0009,
"경기도 경성부 중부 종로2정목외16정-013[관철동,인사동,관훈동,낙원동,경운동,운니동] - 종로2정목 0010",https://theme.archives.go.kr/next/acreage/viewCadastreDetail.do?typesub=Y&type=12&packid=0000508314&docid=0049403340&mngno=BJCA000154&want=0&formType=oldName&rtURL=,https://theme.archives.go.kr/viewer/common/archWebViewer.do?singleData=Y&archiveEventId=0049403340,True,0014177172,BJCA000154,0049403340,종로2정목 0010,
"경기도 경성부 중부 종로2정목외16정-013[관철동,인사동,관훈동,낙원동,경운동,운니동] - 종로2정목 0011",https://theme.archives.go.kr/next/acreage/viewCadastreDetail.do?typesub=Y&type=12&packid=0000508314&docid=0049403341&mngno=BJCA000154&want=0&formType=oldName&rtURL=,https://theme.archives.go.kr/viewer/common/archWebViewer.do?singleData=Y&archiveEventId=0049403341,True,0014177172,BJCA000154,0049403341,종로2정목 0011,
"경기도 경성부 중부 종로2정목외16정-013[관철동,인사동,관훈동,낙원동,경운동,운니동] - 종로2정목 0012",https://theme.archives.go.kr/next/acreage/viewCadastreDetail.do?typesub=Y&type=12&packid=0000508314&docid=0049889141&mngno=BJCA000154&want=0&formType=oldName&rtURL=,https://theme.archives.go.kr/viewer/common/archWebViewer.do?singleData=Y&archiveEventId=0049889141,True,0014177172,BJCA000154,0049889141,종로2정목 0012,
"경기도 경성부 중부 종로2정목외16정-013[관철동,인사동,관훈동,낙원동,경운동,운니동] - 종로2정목 0013",https://theme.archives.go.kr/next/acreage/viewCadastreDetail.do?typesub=Y&type=12&packid=0000508314&docid=0049403342&mngno=BJCA000154&want=0&formType=oldName&rtURL=,https://theme.archives.go.kr/viewer/common/archWebViewer.do?singleData=Y&archiveEventId=0049403342,True,0014177172,BJCA000154,0049403342,종로2정목 0013,
"경기도 경성부 중부 종로2정목외16정-013[관철동,인사동,관훈동,낙원동,경운동,운니동] - 종로2정목 0014",https://theme.archives.go.kr/next/acreage/viewCadastreDetail.do?typesub=Y&type=12&packid=0000508314&docid=0049403343&mngno=BJCA000154&want=0&formType=oldName&rtURL=,https://theme.archives.go.kr/viewer/common/archWebViewer.do?singleData=Y&archiveEventId=0049403343,True,0014177172,BJCA000154,0049403343,종로2정목 0014,
"경기도 경성부 중부 종로2정목외16정-013[관철동,인사동,관훈동,낙원동,경운동,운니동] - 종로2정목 0015",https://theme.archives.go.kr/next/acreage/viewCadastreDetail.do?typesub=Y&type=12&packid=0000508314&docid=0049403344&mngno=BJCA000154&want=0&formType=oldName&rtURL=,https://theme.archives.go.kr/viewer/common/archWebViewer.do?singleData=Y&archiveEventId=0049403344,True,0014177172,BJCA000154,0049403344,종로2정목 0015,
"경기도 경성부 중부 종로2정목외16정-013[관철동,인사동,관훈동,낙원동,경운동,운니동] - 종로2정목 0016",https://theme.archives.go.kr/next/acreage/viewCadastreDetail.do?typesub=Y&type=12&packid=0000508314&docid=0049403345&mngno=BJCA000154&want=0&formType=oldName&rtURL=,https://theme.archives.go.kr/viewer/common/archWebViewer.do?singleData=Y&archiveEventId=0049403345,True,0014177172,BJCA000154,0049403345,종로2정목 0016,
"경기도 경성부 중부 종로2정목외16정-013[관철동,인사동,관훈동,낙원동,경운동,운니동] - 종로2정목 0017",https://theme.archives.go.kr/next/acreage/viewCadastreDetail.do?typesub=Y&type=12&packid=0000508314&docid=0049403346&mngno=BJCA000154&want=0&formType=oldName&rtURL=,https://theme.archives.go.kr/viewer/common/archWebViewer.do?singleData=Y&archiveEventId=0049403346,True,0014177172,BJCA000154,0049403346,종로2정목 0017,
"경기도 경성부 중부 종로2정목외16정-013[관철동,인사동,관훈동,낙원동,경운동,운니동] - 종로2정목 0018",https://theme.archives.go.kr/next/acreage/viewCadastreDetail.do?typesub=Y&type=12&packid=0000508314&docid=0049889143&mngno=BJCA000154&want=0&formType=oldName&rtURL=,https://theme.archives.go.kr/viewer/common/archWebViewer.do?singleData=Y&archiveEventId=0049889143,True,0014177172,BJCA000154,0049889143,종로2정목 0018,
"경기도 경성부 중부 종로2정목외16정-014[관철동,인사동,관훈동,낙원동,경운동,운니동] - 관철동 0090",https://theme.archives.go.kr/next/acreage/viewCadastreDetail.do?typesub=Y&type=12&packid=0000508315&docid=0014177173&mngno=BJCA000155&want=0&formType=oldName&rtURL=,https://theme.archives.go.kr/viewer/common/archWebViewer.do?singleData=Y&archiveEventId=0014177173,True,0014177173,BJCA000155,0014177173,관철동 0090,
"경기도 경성부 중부 종로2정목외16정-014[관철동,인사동,관훈동,낙원동,경운동,운니동] - 관철동 0091",https://theme.archives.go.kr/next/acreage/viewCadastreDetail.do?typesub=Y&type=12&packid=0000508315&docid=0050237753&mngno=BJCA000155&want=0&formType=oldName&rtURL=,https://theme.archives.go.kr/viewer/common/archWebViewer.do?singleData=Y&archiveEventId=0050237753,True,0014177173,BJCA000155,0050237753,관철동 0091,
"경기도 경성부 중부 종로2정목외16정-014[관철동,인사동,관훈동,낙원동,경운동,운니동] - 관철동 0092",https://theme.archives.go.kr/next/acreage/viewCadastreDetail.do?typesub=Y&type=12&packid=0000508315&docid=0050237754&mngno=BJCA000155&want=0&formType=oldName&rtURL=,https://theme.archives.go.kr/viewer/common/archWebViewer.do?singleData=Y&archiveEventId=0050237754,True,0014177173,BJCA000155,0050237754,관철동 0092,
"경기도 경성부 중부 종로2정목외16정-014[관철동,인사동,관훈동,낙원동,경운동,운니동] - 관철동 0093",https://theme.archives.go.kr/next/acreage/viewCadastreDetail.do?typesub=Y&type=12&packid=0000508315&docid=0050576601&mngno=BJCA000155&want=0&formType=oldName&rtURL=,https://theme.archives.go.kr/viewer/common/archWebViewer.do?singleData=Y&archiveEventId=0050576601,True,0014177173,BJCA000155,0050576601,관철동 0093,
"경기도 경성부 중부 종로2정목외16정-014[관철동,인사동,관훈동,낙원동,경운동,운니동] - 관철동 0094",https://theme.archives.go.kr/next/acreage/viewCadastreDetail.do?typesub=Y&type=12&packid=0000508315&docid=0050237755&mngno=BJCA000155&want=0&formType=oldName&rtURL=,https://theme.archives.go.kr/viewer/common/archWebViewer.do?singleData=Y&archiveEventId=0050237755,True,0014177173,BJCA000155,0050237755,관철동 0094,
"경기도 경성부 중부 종로2정목외16정-014[관철동,인사동,관훈동,낙원동,경운동,운니동] - 관철동 0095",https://theme.archives.go.kr/next/acreage/viewCadastreDetail.do?typesub=Y&type=12&packid=0000508315&docid=0050237756&mngno=BJCA000155&want=0&formType=oldName&rtURL=,https://theme.archives.go.kr/viewer/common/archWebViewer.do?singleData=Y&archiveEventId=0050237756,True,0014177173,BJCA000155,0050237756,관철동 0095,
"경기도 경성부 중부 종로2정목외16정-014[관철동,인사동,관훈동,낙원동,경운동,운니동] - 관철동 0096",https://theme.archives.go.kr/next/acreage/viewCadastreDetail.do?typesub=Y&type=12&packid=0000508315&docid=0050576602&mngno=BJCA000155&want=0&formType=oldName&rtURL=,https://theme.archives.go.kr/viewer/common/archWebViewer.do?singleData=Y&archiveEventId=0050576602,True,0014177173,BJCA000155,0050576602,관철동 0096,
"경기도 경성부 중부 종로2정목외16정-014[관철동,인사동,관훈동,낙원동,경운동,운니동] - 관철동 0097",https://theme.archives.go.kr/next/acreage/viewCadastreDetail.do?typesub=Y&type=12&packid=0000508315&docid=0050237757&mngno=BJCA000155&want=0&formType=oldName&rtURL=,https://theme.archives.go.kr/viewer/common/archWebViewer.do?singleData=Y&archiveEventId=0050237757,True,0014177173,BJCA000155,0050237757,관철동 0097,
"경기도 경성부 중부 종로2정목외16정-014[관철동,인사동,관훈동,낙원동,경운동,운니동] - 관철동 0098",https://theme.archives.go.kr/next/acreage/viewCadastreDetail.do?typesub=Y&type=12&packid=0000508315&docid=0050237758&mngno=BJCA000155&want=0&formType=oldName&rtURL=,https://theme.archives.go.kr/viewer/common/archWebViewer.do?singleData=Y&archiveEventId=0050237758,True,0014177173,BJCA000155,0050237758,관철동 0098,
"경기도 경성부 중부 종로2정목외16정-014[관철동,인사동,관훈동,낙원동,경운동,운니동] - 관철동 0099",https://theme.archives.go.kr/next/acreage/viewCadastreDetail.do?typesub=Y&type=12&packid=0000508315&docid=0050576553&mngno=BJCA000155&want=0&formType=oldName&rtURL=,https://theme.archives.go.kr/viewer/common/archWebViewer.do?singleData=Y&archiveEventId=0050576553,True,0014177173,BJCA000155,0050576553,관철동 0099,
"경기도 경성부 중부 종로2정목외16정-014[관철동,인사동,관훈동,낙원동,경운동,운니동] - 관철동 0100",https://theme.archives.go.kr/next/acreage/viewCadastreDetail.do?typesub=Y&type=12&packid=0000508315&docid=0050237759&mngno=BJCA000155&want=0&formType=oldName&rtURL=,https://theme.archives.go.kr/viewer/common/archWebViewer.do?singleData=Y&archiveEventId=0050237759,True,0014177173,BJCA000155,0050237759,관철동 0100,
"경기도 경성부 중부 종로2정목외16정-014[관철동,인사동,관훈동,낙원동,경운동,운니동] - 관철동 0101",https://theme.archives.go.kr/next/acreage/viewCadastreDetail.do?typesub=Y&type=12&packid=0000508315&docid=0050237760&mngno=BJCA000155&want=0&formType=oldName&rtURL=,https://theme.archives.go.kr/viewer/common/archWebViewer.do?singleData=Y&archiveEventId=0050237760,True,0014177173,BJCA000155,0050237760,관철동 0101,
"경기도 경성부 중부 종로2정목외16정-014[관철동,인사동,관훈동,낙원동,경운동,운니동] - 관철동 0102",https://theme.archives.go.kr/next/acreage/viewCadastreDetail.do?typesub=Y&type=12&packid=0000508315&docid=0050576554&mngno=BJCA000155&want=0&formType=oldName&rtURL=,https://theme.archives.go.kr/viewer/common/archWebViewer.do?singleData=Y&archiveEventId=0050576554,True,0014177173,BJCA000155,0050576554,관철동 0102,
"경기도 경성부 중부 종로2정목외16정-014[관철동,인사동,관훈동,낙원동,경운동,운니동] - 관철동 0103",https://theme.archives.go.kr/next/acreage/viewCadastreDetail.do?typesub=Y&type=12&packid=0000508315&docid=0050237761&mngno=BJCA000155&want=0&formType=oldName&rtURL=,https://theme.archives.go.kr/viewer/common/archWebViewer.do?singleData=Y&archiveEventId=0050237761,True,0014177173,BJCA000155,0050237761,관철동 0103,
"경기도 경성부 중부 종로2정목외16정-014[관철동,인사동,관훈동,낙원동,경운동,운니동] - 관철동 0104",https://theme.archives.go.kr/next/acreage/viewCadastreDetail.do?typesub=Y&type=12&packid=0000508315&docid=0050576555&mngno=BJCA000155&want=0&formType=oldName&rtURL=,https://theme.archives.go.kr/viewer/common/archWebViewer.do?singleData=Y&archiveEventId=0050576555,True,0014177173,BJCA000155,0050576555,관철동 0104,
"경기도 경성부 중부 종로2정목외16정-014[관철동,인사동,관훈동,낙원동,경운동,운니동] - 관철동 0105",https://theme.archives.go.kr/next/acreage/viewCadastreDetail.do?typesub=Y&type=12&packid=0000508315&docid=0050237762&mngno=BJCA000155&want=0&formType=oldName&rtURL=,https://theme.archives.go.kr/viewer/common/archWebViewer.do?singleData=Y&archiveEventId=0050237762,True,0014177173,BJCA000155,0050237762,관철동 0105,
"경기도 경성부 중부 종로2정목외16정-014[관철동,인사동,관훈동,낙원동,경운동,운니동] - 관철동 0106",https://theme.archives.go.kr/next/acreage/viewCadastreDetail.do?typesub=Y&type=12&packid=0000508315&docid=0050237763&mngno=BJCA000155&want=0&formType=oldName&rtURL=,https://theme.archives.go.kr/viewer/common/archWebViewer.do?singleData=Y&archiveEventId=0050237763,True,0014177173,BJCA000155,0050237763,관철동 0106,
"경기도 경성부 중부 종로2정목외16정-014[관철동,인사동,관훈동,낙원동,경운동,운니동] - 관철동 0107",https://theme.archives.go.kr/next/acreage/viewCadastreDetail.do?typesub=Y&type=12&packid=0000508315&docid=0050576556&mngno=BJCA000155&want=0&formType=oldName&rtURL=,https://theme.archives.go.kr/viewer/common/archWebViewer.do?singleData=Y&archiveEventId=0050576556,True,0014177173,BJCA000155,0050576556,관철동 0107,
"경기도 경성부 중부 종로2정목외16정-014[관철동,인사동,관훈동,낙원동,경운동,운니동] - 관철동 0108",https://theme.archives.go.kr/next/acreage/viewCadastreDetail.do?typesub=Y&type=12&packid=0000508315&docid=0050237764&mngno=BJCA000155&want=0&formType=oldName&rtURL=,https://theme.archives.go.kr/viewer/common/archWebViewer.do?singleData=Y&archiveEventId=0050237764,True,0014177173,BJCA000155,0050237764,관철동 0108,
"경기도 경성부 중부 종로2정목외16정-014[관철동,인사동,관훈동,낙원동,경운동,운니동] - 관철동 0109",https://theme.archives.go.kr/next/acreage/viewCadastreDetail.do?typesub=Y&type=12&packid=0000508315&docid=0050237765&mngno=BJCA000155&want=0&formType=oldName&rtURL=,https://theme.archives.go.kr/viewer/common/archWebViewer.do?singleData=Y&archiveEventId=0050237765,True,0014177173,BJCA000155,0050237765,관철동 0109,
"경기도 경성부 중부 종로2정목외16정-014[관철동,인사동,관훈동,낙원동,경운동,운니동] - 관철동 0110",https://theme.archives.go.kr/next/acreage/viewCadastreDetail.do?typesub=Y&type=12&packid=0000508315&docid=0050576557&mngno=BJCA000155&want=0&formType=oldName&rtURL=,https://theme.archives.go.kr/viewer/common/archWebViewer.do?singleData=Y&archiveEventId=0050576557,True,0014177173,BJCA000155,0050576557,관철동 0110,
"경기도 경성부 중부 종로2정목외16정-014[관철동,인사동,관훈동,낙원동,경운동,운니동] - 관철동 0111",https://theme.archives.go.kr/next/acreage/viewCadastreDetail.do?typesub=Y&type=12&packid=0000508315&docid=0050477745&mngno=BJCA000155&want=0&formType=oldName&rtURL=,https://theme.archives.go.kr/viewer/common/archWebViewer.do?singleData=Y&archiveEventId=0050477745,True,0014177173,BJCA000155,0050477745,관철동 0111,
"경기도 경성부 중부 종로2정목외16정-014[관철동,인사동,관훈동,낙원동,경운동,운니동] - 관철동 0112",https://theme.archives.go.kr/next/acreage/viewCadastreDetail.do?typesub=Y&type=12&packid=0000508315&docid=0050237766&mngno=BJCA000155&want=0&formType=oldName&rtURL=,https://theme.archives.go.kr/viewer/common/archWebViewer.do?singleData=Y&archiveEventId=0050237766,True,0014177173,BJCA000155,0050237766,관철동 0112,
"경기도 경성부 중부 종로2정목외16정-014[관철동,인사동,관훈동,낙원동,경운동,운니동] - 관철동 0113",https://theme.archives.go.kr/next/acreage/viewCadastreDetail.do?typesub=Y&type=12&packid=0000508315&docid=0050237767&mngno=BJCA000155&want=0&formType=oldName&rtURL=,https://theme.archives.go.kr/viewer/common/archWebViewer.do?singleData=Y&archiveEventId=0050237767,True,0014177173,BJCA000155,0050237767,관철동 0113,
"경기도 경성부 중부 종로2정목외16정-014[관철동,인사동,관훈동,낙원동,경운동,운니동] - 관철동 0114",https://theme.archives.go.kr/next/acreage/viewCadastreDetail.do?typesub=Y&type=12&packid=0000508315&docid=0050576558&mngno=BJCA000155&want=0&formType=oldName&rtURL=,https://theme.archives.go.kr/viewer/common/archWebViewer.do?singleData=Y&archiveEventId=0050576558,True,0014177173,BJCA000155,0050576558,관철동 0114,
"경기도 경성부 중부 종로2정목외16정-014[관철동,인사동,관훈동,낙원동,경운동,운니동] - 관철동 0116",https://theme.archives.go.kr/next/acreage/viewCadastreDetail.do?typesub=Y&type=12&packid=0000508315&docid=0050237768&mngno=BJCA000155&want=0&formType=oldName&rtURL=,https://theme.archives.go.kr/viewer/common/archWebViewer.do?singleData=Y&archiveEventId=0050237768,True,0014177173,BJCA000155,0050237768,관철동 0116,
"경기도 경성부 중부 종로2정목외16정-014[관철동,인사동,관훈동,낙원동,경운동,운니동] - 관철동 0117",https://theme.archives.go.kr/next/acreage/viewCadastreDetail.do?typesub=Y&type=12&packid=0000508315&docid=0050237769&mngno=BJCA000155&want=0&formType=oldName&rtURL=,https://theme.archives.go.kr/viewer/common/archWebViewer.do?singleData=Y&archiveEventId=0050237769,True,0014177173,BJCA000155,0050237769,관철동 0117,
"경기도 경성부 중부 종로2정목외16정-014[관철동,인사동,관훈동,낙원동,경운동,운니동] - 관철동 0118",https://theme.archives.go.kr/next/acreage/viewCadastreDetail.do?typesub=Y&type=12&packid=0000508315&docid=0050576559&mngno=BJCA000155&want=0&formType=oldName&rtURL=,https://theme.archives.go.kr/viewer/common/archWebViewer.do?singleData=Y&archiveEventId=0050576559,True,0014177173,BJCA000155,0050576559,관철동 0118,
"경기도 경성부 중부 종로2정목외16정-014[관철동,인사동,관훈동,낙원동,경운동,운니동] - 관철동 0119",https://theme.archives.go.kr/next/acreage/viewCadastreDetail.do?typesub=Y&type=12&packid=0000508315&docid=0050237770&mngno=BJCA000155&want=0&formType=oldName&rtURL=,https://theme.archives.go.kr/viewer/common/archWebViewer.do?singleData=Y&archiveEventId=0050237770,True,0014177173,BJCA000155,0050237770,관철동 0119,
"경기도 경성부 중부 종로2정목외16정-014[관철동,인사동,관훈동,낙원동,경운동,운니동] - 관철동 0120",https://theme.archives.go.kr/next/acreage/viewCadastreDetail.do?typesub=Y&type=12&packid=0000508315&docid=0050237771&mngno=BJCA000155&want=0&formType=oldName&rtURL=,https://theme.archives.go.kr/viewer/common/archWebViewer.do?singleData=Y&archiveEventId=0050237771,True,0014177173,BJCA000155,0050237771,관철동 0120,
"경기도 경성부 중부 종로2정목외16정-014[관철동,인사동,관훈동,낙원동,경운동,운니동] - 관철동 0121",https://theme.archives.go.kr/next/acreage/viewCadastreDetail.do?typesub=Y&type=12&packid=0000508315&docid=0050576560&mngno=BJCA000155&want=0&formType=oldName&rtURL=,https://theme.archives.go.kr/viewer/common/archWebViewer.do?singleData=Y&archiveEventId=0050576560,True,0014177173,BJCA000155,0050576560,관철동 0121,
"경기도 경성부 중부 종로2정목외16정-014[관철동,인사동,관훈동,낙원동,경운동,운니동] - 관철동 0122",https://theme.archives.go.kr/next/acreage/viewCadastreDetail.do?typesub=Y&type=12&packid=0000508315&docid=0050237772&mngno=BJCA000155&want=0&formType=oldName&rtURL=,https://theme.archives.go.kr/viewer/common/archWebViewer.do?singleData=Y&archiveEventId=0050237772,True,0014177173,BJCA000155,0050237772,관철동 0122,
"경기도 경성부 중부 종로2정목외16정-014[관철동,인사동,관훈동,낙원동,경운동,운니동] - 관철동 0123",https://theme.archives.go.kr/next/acreage/viewCadastreDetail.do?typesub=Y&type=12&packid=0000508315&docid=0050237773&mngno=BJCA000155&want=0&formType=oldName&rtURL=,https://theme.archives.go.kr/viewer/common/archWebViewer.do?singleData=Y&archiveEventId=0050237773,True,0014177173,BJCA000155,0050237773,관철동 0123,
"경기도 경성부 중부 종로2정목외16정-014[관철동,인사동,관훈동,낙원동,경운동,운니동] - 관철동 0124",https://theme.archives.go.kr/next/acreage/viewCadastreDetail.do?typesub=Y&type=12&packid=0000508315&docid=0050576561&mngno=BJCA000155&want=0&formType=oldName&rtURL=,https://theme.archives.go.kr/viewer/common/archWebViewer.do?singleData=Y&archiveEventId=0050576561,True,0014177173,BJCA000155,0050576561,관철동 0124,
"경기도 경성부 중부 종로2정목외16정-014[관철동,인사동,관훈동,낙원동,경운동,운니동] - 관철동 0125",https://theme.archives.go.kr/next/acreage/viewCadastreDetail.do?typesub=Y&type=12&packid=0000508315&docid=0050237774&mngno=BJCA000155&want=0&formType=oldName&rtURL=,https://theme.archives.go.kr/viewer/common/archWebViewer.do?singleData=Y&archiveEventId=0050237774,True,0014177173,BJCA000155,0050237774,관철동 0125,
"경기도 경성부 중부 종로2정목외16정-014[관철동,인사동,관훈동,낙원동,경운동,운니동] - 관철동 0126",https://theme.archives.go.kr/next/acreage/viewCadastreDetail.do?typesub=Y&type=12&packid=0000508315&docid=0050237775&mngno=BJCA000155&want=0&formType=oldName&rtURL=,https://theme.archives.go.kr/viewer/common/archWebViewer.do?singleData=Y&archiveEventId=0050237775,True,0014177173,BJCA000155,0050237775,관철동 0126,
"경기도 경성부 중부 종로2정목외16정-014[관철동,인사동,관훈동,낙원동,경운동,운니동] - 관철동 0127",https://theme.archives.go.kr/next/acreage/viewCadastreDetail.do?typesub=Y&type=12&packid=0000508315&docid=0050576562&mngno=BJCA000155&want=0&formType=oldName&rtURL=,https://theme.archives.go.kr/viewer/common/archWebViewer.do?singleData=Y&archiveEventId=0050576562,True,0014177173,BJCA000155,0050576562,관철동 0127,
"경기도 경성부 중부 종로2정목외16정-014[관철동,인사동,관훈동,낙원동,경운동,운니동] - 관철동 0128",https://theme.archives.go.kr/next/acreage/viewCadastreDetail.do?typesub=Y&type=12&packid=0000508315&docid=0050237776&mngno=BJCA000155&want=0&formType=oldName&rtURL=,https://theme.archives.go.kr/viewer/common/archWebViewer.do?singleData=Y&archiveEventId=0050237776,True,0014177173,BJCA000155,0050237776,관철동 0128,
"경기도 경성부 중부 종로2정목외16정-014[관철동,인사동,관훈동,낙원동,경운동,운니동] - 관철동 0129",https://theme.archives.go.kr/next/acreage/viewCadastreDetail.do?typesub=Y&type=12&packid=0000508315&docid=0050237777&mngno=BJCA000155&want=0&formType=oldName&rtURL=,https://theme.archives.go.kr/viewer/common/archWebViewer.do?singleData=Y&archiveEventId=0050237777,True,0014177173,BJCA000155,0050237777,관철동 0129,
"경기도 경성부 중부 종로2정목외16정-014[관철동,인사동,관훈동,낙원동,경운동,운니동] - 관철동 0130",https://theme.archives.go.kr/next/acreage/viewCadastreDetail.do?typesub=Y&type=12&packid=0000508315&docid=0050576563&mngno=BJCA000155&want=0&formType=oldName&rtURL=,https://theme.archives.go.kr/viewer/common/archWebViewer.do?singleData=Y&archiveEventId=0050576563,True,0014177173,BJCA000155,0050576563,관철동 0130,
"경기도 경성부 중부 종로2정목외16정-014[관철동,인사동,관훈동,낙원동,경운동,운니동] - 관철동 0131",https://theme.archives.go.kr/next/acreage/viewCadastreDetail.do?typesub=Y&type=12&packid=0000508315&docid=0050237778&mngno=BJCA000155&want=0&formType=oldName&rtURL=,https://theme.archives.go.kr/viewer/common/archWebViewer.do?singleData=Y&archiveEventId=0050237778,True,0014177173,BJCA000155,0050237778,관철동 0131,
"경기도 경성부 중부 종로2정목외16정-014[관철동,인사동,관훈동,낙원동,경운동,운니동] - 관철동 0132",https://theme.archives.go.kr/next/acreage/viewCadastreDetail.do?typesub=Y&type=12&packid=0000508315&docid=0050237779&mngno=BJCA000155&want=0&formType=oldName&rtURL=,https://theme.archives.go.kr/viewer/common/archWebViewer.do?singleData=Y&archiveEventId=0050237779,True,0014177173,BJCA000155,0050237779,관철동 0132,
"경기도 경성부 중부 종로2정목외16정-014[관철동,인사동,관훈동,낙원동,경운동,운니동] - 관철동 0142",https://theme.archives.go.kr/next/acreage/viewCadastreDetail.do?typesub=Y&type=12&packid=0000508315&docid=0050576564&mngno=BJCA000155&want=0&formType=oldName&rtURL=,https://theme.archives.go.kr/viewer/common/archWebViewer.do?singleData=Y&archiveEventId=0050576564,True,0014177173,BJCA000155,0050576564,관철동 0142,
"경기도 경성부 중부 종로2정목외16정-014[관철동,인사동,관훈동,낙원동,경운동,운니동] - 관철동 0143",https://theme.archives.go.kr/next/acreage/viewCadastreDetail.do?typesub=Y&type=12&packid=0000508315&docid=0050237780&mngno=BJCA000155&want=0&formType=oldName&rtURL=,https://theme.archives.go.kr/viewer/common/archWebViewer.do?singleData=Y&archiveEventId=0050237780,True,0014177173,BJCA000155,0050237780,관철동 0143,
"경기도 경성부 중부 종로2정목외16정-014[관철동,인사동,관훈동,낙원동,경운동,운니동] - 관철동 0144",https://theme.archives.go.kr/next/acreage/viewCadastreDetail.do?typesub=Y&type=12&packid=0000508315&docid=0050237781&mngno=BJCA000155&want=0&formType=oldName&rtURL=,https://theme.archives.go.kr/viewer/common/archWebViewer.do?singleData=Y&archiveEventId=0050237781,True,0014177173,BJCA000155,0050237781,관철동 0144,
"경기도 경성부 중부 종로2정목외16정-014[관철동,인사동,관훈동,낙원동,경운동,운니동] - 관철동 0145",https://theme.archives.go.kr/next/acreage/viewCadastreDetail.do?typesub=Y&type=12&packid=0000508315&docid=0050576565&mngno=BJCA000155&want=0&formType=oldName&rtURL=,https://theme.archives.go.kr/viewer/common/archWebViewer.do?singleData=Y&archiveEventId=0050576565,True,0014177173,BJCA000155,0050576565,관철동 0145,
"경기도 경성부 중부 종로2정목외16정-014[관철동,인사동,관훈동,낙원동,경운동,운니동] - 관철동 0146",https://theme.archives.go.kr/next/acreage/viewCadastreDetail.do?typesub=Y&type=12&packid=0000508315&docid=0050237782&mngno=BJCA000155&want=0&formType=oldName&rtURL=,https://theme.archives.go.kr/viewer/common/archWebViewer.do?singleData=Y&archiveEventId=0050237782,True,0014177173,BJCA000155,0050237782,관철동 0146,
"경기도 경성부 중부 종로2정목외16정-014[관철동,인사동,관훈동,낙원동,경운동,운니동] - 관철동 0147",https://theme.archives.go.kr/next/acreage/viewCadastreDetail.do?typesub=Y&type=12&packid=0000508315&docid=0050237783&mngno=BJCA000155&want=0&formType=oldName&rtURL=,https://theme.archives.go.kr/viewer/common/archWebViewer.do?singleData=Y&archiveEventId=0050237783,True,0014177173,BJCA000155,0050237783,관철동 0147,
"경기도 경성부 중부 종로2정목외16정-014[관철동,인사동,관훈동,낙원동,경운동,운니동] - 관철동 0148",https://theme.archives.go.kr/next/acreage/viewCadastreDetail.do?typesub=Y&type=12&packid=0000508315&docid=0050576566&mngno=BJCA000155&want=0&formType=oldName&rtURL=,https://theme.archives.go.kr/viewer/common/archWebViewer.do?singleData=Y&archiveEventId=0050576566,True,0014177173,BJCA000155,0050576566,관철동 0148,
"경기도 경성부 중부 종로2정목외16정-014[관철동,인사동,관훈동,낙원동,경운동,운니동] - 관철동 0149",https://theme.archives.go.kr/next/acreage/viewCadastreDetail.do?typesub=Y&type=12&packid=0000508315&docid=0050237784&mngno=BJCA000155&want=0&formType=oldName&rtURL=,https://theme.archives.go.kr/viewer/common/archWebViewer.do?singleData=Y&archiveEventId=0050237784,True,0014177173,BJCA000155,0050237784,관철동 0149,
"경기도 경성부 중부 종로2정목외16정-014[관철동,인사동,관훈동,낙원동,경운동,운니동] - 관철동 0150",https://theme.archives.go.kr/next/acreage/viewCadastreDetail.do?typesub=Y&type=12&packid=0000508315&docid=0050576598&mngno=BJCA000155&want=0&formType=oldName&rtURL=,https://theme.archives.go.kr/viewer/common/archWebViewer.do?singleData=Y&archiveEventId=0050576598,True,0014177173,BJCA000155,0050576598,관철동 0150,
"경기도 경성부 중부 종로2정목외16정-014[관철동,인사동,관훈동,낙원동,경운동,운니동] - 관철동 0151",https://theme.archives.go.kr/next/acreage/viewCadastreDetail.do?typesub=Y&type=12&packid=0000508315&docid=0050237785&mngno=BJCA000155&want=0&formType=oldName&rtURL=,https://theme.archives.go.kr/viewer/common/archWebViewer.do?singleData=Y&archiveEventId=0050237785,True,0014177173,BJCA000155,0050237785,관철동 0151,
"경기도 경성부 중부 종로2정목외16정-014[관철동,인사동,관훈동,낙원동,경운동,운니동] - 관철동 0152",https://theme.archives.go.kr/next/acreage/viewCadastreDetail.do?typesub=Y&type=12&packid=0000508315&docid=0050237786&mngno=BJCA000155&want=0&formType=oldName&rtURL=,https://theme.archives.go.kr/viewer/common/archWebViewer.do?singleData=Y&archiveEventId=0050237786,True,0014177173,BJCA000155,0050237786,관철동 0152,
"경기도 경성부 중부 종로2정목외16정-014[관철동,인사동,관훈동,낙원동,경운동,운니동] - 관철동 0153",https://theme.archives.go.kr/next/acreage/viewCadastreDetail.do?typesub=Y&type=12&packid=0000508315&docid=0050576567&mngno=BJCA000155&want=0&formType=oldName&rtURL=,https://theme.archives.go.kr/viewer/common/archWebViewer.do?singleData=Y&archiveEventId=0050576567,True,0014177173,BJCA000155,0050576567,관철동 0153,
"경기도 경성부 중부 종로2정목외16정-014[관철동,인사동,관훈동,낙원동,경운동,운니동] - 관철동 0154",https://theme.archives.go.kr/next/acreage/viewCadastreDetail.do?typesub=Y&type=12&packid=0000508315&docid=0050237787&mngno=BJCA000155&want=0&formType=oldName&rtURL=,https://theme.archives.go.kr/viewer/common/archWebViewer.do?singleData=Y&archiveEventId=0050237787,True,0014177173,BJCA000155,0050237787,관철동 0154,
"경기도 경성부 중부 종로2정목외16정-014[관철동,인사동,관훈동,낙원동,경운동,운니동] - 관철동 0155",https://theme.archives.go.kr/next/acreage/viewCadastreDetail.do?typesub=Y&type=12&packid=0000508315&docid=0050237788&mngno=BJCA000155&want=0&formType=oldName&rtURL=,https://theme.archives.go.kr/viewer/common/archWebViewer.do?singleData=Y&archiveEventId=0050237788,True,0014177173,BJCA000155,0050237788,관철동 0155,
"경기도 경성부 중부 종로2정목외16정-014[관철동,인사동,관훈동,낙원동,경운동,운니동] - 관철동 0156",https://theme.archives.go.kr/next/acreage/viewCadastreDetail.do?typesub=Y&type=12&packid=0000508315&docid=0050576568&mngno=BJCA000155&want=0&formType=oldName&rtURL=,https://theme.archives.go.kr/viewer/common/archWebViewer.do?singleData=Y&archiveEventId=0050576568,True,0014177173,BJCA000155,0050576568,관철동 0156,
"경기도 경성부 중부 종로2정목외16정-014[관철동,인사동,관훈동,낙원동,경운동,운니동] - 관철동 0157",https://theme.archives.go.kr/next/acreage/viewCadastreDetail.do?typesub=Y&type=12&packid=0000508315&docid=0050237789&mngno=BJCA000155&want=0&formType=oldName&rtURL=,https://theme.archives.go.kr/viewer/common/archWebViewer.do?singleData=Y&archiveEventId=0050237789,True,0014177173,BJCA000155,0050237789,관철동 0157,
"경기도 경성부 중부 종로2정목외16정-014[관철동,인사동,관훈동,낙원동,경운동,운니동] - 관철동 0158",https://theme.archives.go.kr/next/acreage/viewCadastreDetail.do?typesub=Y&type=12&packid=0000508315&docid=0050237790&mngno=BJCA000155&want=0&formType=oldName&rtURL=,https://theme.archives.go.kr/viewer/common/archWebViewer.do?singleData=Y&archiveEventId=0050237790,True,0014177173,BJCA000155,0050237790,관철동 0158,
"경기도 경성부 중부 종로2정목외16정-014[관철동,인사동,관훈동,낙원동,경운동,운니동] - 관철동 0159",https://theme.archives.go.kr/next/acreage/viewCadastreDetail.do?typesub=Y&type=12&packid=0000508315&docid=0050576569&mngno=BJCA000155&want=0&formType=oldName&rtURL=,https://theme.archives.go.kr/viewer/common/archWebViewer.do?singleData=Y&archiveEventId=0050576569,True,0014177173,BJCA000155,0050576569,관철동 0159,
"경기도 경성부 중부 종로2정목외16정-014[관철동,인사동,관훈동,낙원동,경운동,운니동] - 관철동 0160",https://theme.archives.go.kr/next/acreage/viewCadastreDetail.do?typesub=Y&type=12&packid=0000508315&docid=0050576570&mngno=BJCA000155&want=0&formType=oldName&rtURL=,https://theme.archives.go.kr/viewer/common/archWebViewer.do?singleData=Y&archiveEventId=0050576570,True,0014177173,BJCA000155,0050576570,관철동 0160,
"경기도 경성부 중부 종로2정목외16정-014[관철동,인사동,관훈동,낙원동,경운동,운니동] - 관철동 0161",https://theme.archives.go.kr/next/acreage/viewCadastreDetail.do?typesub=Y&type=12&packid=0000508315&docid=0050237791&mngno=BJCA000155&want=0&formType=oldName&rtURL=,https://theme.archives.go.kr/viewer/common/archWebViewer.do?singleData=Y&archiveEventId=0050237791,True,0014177173,BJCA000155,0050237791,관철동 0161,
"경기도 경성부 중부 종로2정목외16정-014[관철동,인사동,관훈동,낙원동,경운동,운니동] - 관철동 0162",https://theme.archives.go.kr/next/acreage/viewCadastreDetail.do?typesub=Y&type=12&packid=0000508315&docid=0050477746&mngno=BJCA000155&want=0&formType=oldName&rtURL=,https://theme.archives.go.kr/viewer/common/archWebViewer.do?singleData=Y&archiveEventId=0050477746,True,0014177173,BJCA000155,0050477746,관철동 0162,
"경기도 경성부 중부 종로2정목외16정-014[관철동,인사동,관훈동,낙원동,경운동,운니동] - 관철동 0163",https://theme.archives.go.kr/next/acreage/viewCadastreDetail.do?typesub=Y&type=12&packid=0000508315&docid=0050576571&mngno=BJCA000155&want=0&formType=oldName&rtURL=,https://theme.archives.go.kr/viewer/common/archWebViewer.do?singleData=Y&archiveEventId=0050576571,True,0014177173,BJCA000155,0050576571,관철동 0163,
"경기도 경성부 중부 종로2정목외16정-014[관철동,인사동,관훈동,낙원동,경운동,운니동] - 관철동 0164",https://theme.archives.go.kr/next/acreage/viewCadastreDetail.do?typesub=Y&type=12&packid=0000508315&docid=0050237792&mngno=BJCA000155&want=0&formType=oldName&rtURL=,https://theme.archives.go.kr/viewer/common/archWebViewer.do?singleData=Y&archiveEventId=0050237792,True,0014177173,BJCA000155,0050237792,관철동 0164,
"경기도 경성부 중부 종로2정목외16정-014[관철동,인사동,관훈동,낙원동,경운동,운니동] - 관철동 0165",https://theme.archives.go.kr/next/acreage/viewCadastreDetail.do?typesub=Y&type=12&packid=0000508315&docid=0050237793&mngno=BJCA000155&want=0&formType=oldName&rtURL=,https://theme.archives.go.kr/viewer/common/archWebViewer.do?singleData=Y&archiveEventId=0050237793,True,0014177173,BJCA000155,0050237793,관철동 0165,
"경기도 경성부 중부 종로2정목외16정-014[관철동,인사동,관훈동,낙원동,경운동,운니동] - 관철동 0166",https://theme.archives.go.kr/next/acreage/viewCadastreDetail.do?typesub=Y&type=12&packid=0000508315&docid=0050576572&mngno=BJCA000155&want=0&formType=oldName&rtURL=,https://theme.archives.go.kr/viewer/common/archWebViewer.do?singleData=Y&archiveEventId=0050576572,True,0014177173,BJCA000155,0050576572,관철동 0166,
"경기도 경성부 중부 종로2정목외16정-014[관철동,인사동,관훈동,낙원동,경운동,운니동] - 관철동 0167",https://theme.archives.go.kr/next/acreage/viewCadastreDetail.do?typesub=Y&type=12&packid=0000508315&docid=0050237794&mngno=BJCA000155&want=0&formType=oldName&rtURL=,https://theme.archives.go.kr/viewer/common/archWebViewer.do?singleData=Y&archiveEventId=0050237794,True,0014177173,BJCA000155,0050237794,관철동 0167,
"경기도 경성부 중부 종로2정목외16정-014[관철동,인사동,관훈동,낙원동,경운동,운니동] - 관철동 0168",https://theme.archives.go.kr/next/acreage/viewCadastreDetail.do?typesub=Y&type=12&packid=0000508315&docid=0050237795&mngno=BJCA000155&want=0&formType=oldName&rtURL=,https://theme.archives.go.kr/viewer/common/archWebViewer.do?singleData=Y&archiveEventId=0050237795,True,0014177173,BJCA000155,0050237795,관철동 0168,
"경기도 경성부 중부 종로2정목외16정-014[관철동,인사동,관훈동,낙원동,경운동,운니동] - 관철동 0169",https://theme.archives.go.kr/next/acreage/viewCadastreDetail.do?typesub=Y&type=12&packid=0000508315&docid=0050576573&mngno=BJCA000155&want=0&formType=oldName&rtURL=,https://theme.archives.go.kr/viewer/common/archWebViewer.do?singleData=Y&archiveEventId=0050576573,True,0014177173,BJCA000155,0050576573,관철동 0169,
"경기도 경성부 중부 종로2정목외16정-014[관철동,인사동,관훈동,낙원동,경운동,운니동] - 관철동 0170",https://theme.archives.go.kr/next/acreage/viewCadastreDetail.do?typesub=Y&type=12&packid=0000508315&docid=0050237796&mngno=BJCA000155&want=0&formType=oldName&rtURL=,https://theme.archives.go.kr/viewer/common/archWebViewer.do?singleData=Y&archiveEventId=0050237796,True,0014177173,BJCA000155,0050237796,관철동 0170,
"경기도 경성부 중부 종로2정목외16정-014[관철동,인사동,관훈동,낙원동,경운동,운니동] - 관철동 0171",https://theme.archives.go.kr/next/acreage/viewCadastreDetail.do?typesub=Y&type=12&packid=0000508315&docid=0050237797&mngno=BJCA000155&want=0&formType=oldName&rtURL=,https://theme.archives.go.kr/viewer/common/archWebViewer.do?singleData=Y&archiveEventId=0050237797,True,0014177173,BJCA000155,0050237797,관철동 0171,
"경기도 경성부 중부 종로2정목외16정-014[관철동,인사동,관훈동,낙원동,경운동,운니동] - 관철동 0172",https://theme.archives.go.kr/next/acreage/viewCadastreDetail.do?typesub=Y&type=12&packid=0000508315&docid=0050237798&mngno=BJCA000155&want=0&formType=oldName&rtURL=,https://theme.archives.go.kr/viewer/common/archWebViewer.do?singleData=Y&archiveEventId=0050237798,True,0014177173,BJCA000155,0050237798,관철동 0172,
"경기도 경성부 중부 종로2정목외16정-014[관철동,인사동,관훈동,낙원동,경운동,운니동] - 관철동 0173",https://theme.archives.go.kr/next/acreage/viewCadastreDetail.do?typesub=Y&type=12&packid=0000508315&docid=0050576574&mngno=BJCA000155&want=0&formType=oldName&rtURL=,https://theme.archives.go.kr/viewer/common/archWebViewer.do?singleData=Y&archiveEventId=0050576574,True,0014177173,BJCA000155,0050576574,관철동 0173,
"경기도 경성부 중부 종로2정목외16정-014[관철동,인사동,관훈동,낙원동,경운동,운니동] - 관철동 0174",https://theme.archives.go.kr/next/acreage/viewCadastreDetail.do?typesub=Y&type=12&packid=0000508315&docid=0050237799&mngno=BJCA000155&want=0&formType=oldName&rtURL=,https://theme.archives.go.kr/viewer/common/archWebViewer.do?singleData=Y&archiveEventId=0050237799,True,0014177173,BJCA000155,0050237799,관철동 0174,
"경기도 경성부 중부 종로2정목외16정-014[관철동,인사동,관훈동,낙원동,경운동,운니동] - 관철동 0175",https://theme.archives.go.kr/next/acreage/viewCadastreDetail.do?typesub=Y&type=12&packid=0000508315&docid=0050237800&mngno=BJCA000155&want=0&formType=oldName&rtURL=,https://theme.archives.go.kr/viewer/common/archWebViewer.do?singleData=Y&archiveEventId=0050237800,True,0014177173,BJCA000155,0050237800,관철동 0175,
"경기도 경성부 중부 종로2정목외16정-014[관철동,인사동,관훈동,낙원동,경운동,운니동] - 관철동 0176",https://theme.archives.go.kr/next/acreage/viewCadastreDetail.do?typesub=Y&type=12&packid=0000508315&docid=0050576575&mngno=BJCA000155&want=0&formType=oldName&rtURL=,https://theme.archives.go.kr/viewer/common/archWebViewer.do?singleData=Y&archiveEventId=0050576575,True,0014177173,BJCA000155,0050576575,관철동 0176,
"경기도 경성부 중부 종로2정목외16정-014[관철동,인사동,관훈동,낙원동,경운동,운니동] - 관철동 0177",https://theme.archives.go.kr/next/acreage/viewCadastreDetail.do?typesub=Y&type=12&packid=0000508315&docid=0050237801&mngno=BJCA000155&want=0&formType=oldName&rtURL=,https://theme.archives.go.kr/viewer/common/archWebViewer.do?singleData=Y&archiveEventId=0050237801,True,0014177173,BJCA000155,0050237801,관철동 0177,
"경기도 경성부 중부 종로2정목외16정-014[관철동,인사동,관훈동,낙원동,경운동,운니동] - 관철동 0178",https://theme.archives.go.kr/next/acreage/viewCadastreDetail.do?typesub=Y&type=12&packid=0000508315&docid=0050237802&mngno=BJCA000155&want=0&formType=oldName&rtURL=,https://theme.archives.go.kr/viewer/common/archWebViewer.do?singleData=Y&archiveEventId=0050237802,True,0014177173,BJCA000155,0050237802,관철동 0178,
"경기도 경성부 중부 종로2정목외16정-014[관철동,인사동,관훈동,낙원동,경운동,운니동] - 관철동 0179",https://theme.archives.go.kr/next/acreage/viewCadastreDetail.do?typesub=Y&type=12&packid=0000508315&docid=0050576576&mngno=BJCA000155&want=0&formType=oldName&rtURL=,https://theme.archives.go.kr/viewer/common/archWebViewer.do?singleData=Y&archiveEventId=0050576576,True,0014177173,BJCA000155,0050576576,관철동 0179,
"경기도 경성부 중부 종로2정목외16정-014[관철동,인사동,관훈동,낙원동,경운동,운니동] - 관철동 0180",https://theme.archives.go.kr/next/acreage/viewCadastreDetail.do?typesub=Y&type=12&packid=0000508315&docid=0050237803&mngno=BJCA000155&want=0&formType=oldName&rtURL=,https://theme.archives.go.kr/viewer/common/archWebViewer.do?singleData=Y&archiveEventId=0050237803,True,0014177173,BJCA000155,0050237803,관철동 0180,
"경기도 경성부 중부 종로2정목외16정-014[관철동,인사동,관훈동,낙원동,경운동,운니동] - 관철동 0181",https://theme.archives.go.kr/next/acreage/viewCadastreDetail.do?typesub=Y&type=12&packid=0000508315&docid=0050237804&mngno=BJCA000155&want=0&formType=oldName&rtURL=,https://theme.archives.go.kr/viewer/common/archWebViewer.do?singleData=Y&archiveEventId=0050237804,True,0014177173,BJCA000155,0050237804,관철동 0181,
"경기도 경성부 중부 종로2정목외16정-014[관철동,인사동,관훈동,낙원동,경운동,운니동] - 관철동 0182",https://theme.archives.go.kr/next/acreage/viewCadastreDetail.do?typesub=Y&type=12&packid=0000508315&docid=0050576577&mngno=BJCA000155&want=0&formType=oldName&rtURL=,https://theme.archives.go.kr/viewer/common/archWebViewer.do?singleData=Y&archiveEventId=0050576577,True,0014177173,BJCA000155,0050576577,관철동 0182,
"경기도 경성부 중부 종로2정목외16정-014[관철동,인사동,관훈동,낙원동,경운동,운니동] - 관철동 0183",https://theme.archives.go.kr/next/acreage/viewCadastreDetail.do?typesub=Y&type=12&packid=0000508315&docid=0050237805&mngno=BJCA000155&want=0&formType=oldName&rtURL=,https://theme.archives.go.kr/viewer/common/archWebViewer.do?singleData=Y&archiveEventId=0050237805,True,0014177173,BJCA000155,0050237805,관철동 0183,
"경기도 경성부 중부 종로2정목외16정-014[관철동,인사동,관훈동,낙원동,경운동,운니동] - 관철동 0184",https://theme.archives.go.kr/next/acreage/viewCadastreDetail.do?typesub=Y&type=12&packid=0000508315&docid=0050237806&mngno=BJCA000155&want=0&formType=oldName&rtURL=,https://theme.archives.go.kr/viewer/common/archWebViewer.do?singleData=Y&archiveEventId=0050237806,True,0014177173,BJCA000155,0050237806,관철동 0184,
"경기도 경성부 중부 종로2정목외16정-014[관철동,인사동,관훈동,낙원동,경운동,운니동] - 관철동 0185",https://theme.archives.go.kr/next/acreage/viewCadastreDetail.do?typesub=Y&type=12&packid=0000508315&docid=0050576528&mngno=BJCA000155&want=0&formType=oldName&rtURL=,https://theme.archives.go.kr/viewer/common/archWebViewer.do?singleData=Y&archiveEventId=0050576528,True,0014177173,BJCA000155,0050576528,관철동 0185,
"경기도 경성부 중부 종로2정목외16정-014[관철동,인사동,관훈동,낙원동,경운동,운니동] - 관철동 0186",https://theme.archives.go.kr/next/acreage/viewCadastreDetail.do?typesub=Y&type=12&packid=0000508315&docid=0050237807&mngno=BJCA000155&want=0&formType=oldName&rtURL=,https://theme.archives.go.kr/viewer/common/archWebViewer.do?singleData=Y&archiveEventId=0050237807,True,0014177173,BJCA000155,0050237807,관철동 0186,
"경기도 경성부 중부 종로2정목외16정-014[관철동,인사동,관훈동,낙원동,경운동,운니동] - 관철동 0187",https://theme.archives.go.kr/next/acreage/viewCadastreDetail.do?typesub=Y&type=12&packid=0000508315&docid=0050237808&mngno=BJCA000155&want=0&formType=oldName&rtURL=,https://theme.archives.go.kr/viewer/common/archWebViewer.do?singleData=Y&archiveEventId=0050237808,True,0014177173,BJCA000155,0050237808,관철동 0187,
"경기도 경성부 중부 종로2정목외16정-014[관철동,인사동,관훈동,낙원동,경운동,운니동] - 관철동 0188",https://theme.archives.go.kr/next/acreage/viewCadastreDetail.do?typesub=Y&type=12&packid=0000508315&docid=0050576529&mngno=BJCA000155&want=0&formType=oldName&rtURL=,https://theme.archives.go.kr/viewer/common/archWebViewer.do?singleData=Y&archiveEventId=0050576529,True,0014177173,BJCA000155,0050576529,관철동 0188,
"경기도 경성부 중부 종로2정목외16정-014[관철동,인사동,관훈동,낙원동,경운동,운니동] - 관철동 0189",https://theme.archives.go.kr/next/acreage/viewCadastreDetail.do?typesub=Y&type=12&packid=0000508315&docid=0050237809&mngno=BJCA000155&want=0&formType=oldName&rtURL=,https://theme.archives.go.kr/viewer/common/archWebViewer.do?singleData=Y&archiveEventId=0050237809,True,0014177173,BJCA000155,0050237809,관철동 0189,
"경기도 경성부 중부 종로2정목외16정-014[관철동,인사동,관훈동,낙원동,경운동,운니동] - 관철동 0190",https://theme.archives.go.kr/next/acreage/viewCadastreDetail.do?typesub=Y&type=12&packid=0000508315&docid=0050237810&mngno=BJCA000155&want=0&formType=oldName&rtURL=,https://theme.archives.go.kr/viewer/common/archWebViewer.do?singleData=Y&archiveEventId=0050237810,True,0014177173,BJCA000155,0050237810,관철동 0190,
"경기도 경성부 중부 종로2정목외16정-014[관철동,인사동,관훈동,낙원동,경운동,운니동] - 관철동 0191",https://theme.archives.go.kr/next/acreage/viewCadastreDetail.do?typesub=Y&type=12&packid=0000508315&docid=0050576530&mngno=BJCA000155&want=0&formType=oldName&rtURL=,https://theme.archives.go.kr/viewer/common/archWebViewer.do?singleData=Y&archiveEventId=0050576530,True,0014177173,BJCA000155,0050576530,관철동 0191,
"경기도 경성부 중부 종로2정목외16정-014[관철동,인사동,관훈동,낙원동,경운동,운니동] - 관철동 0192",https://theme.archives.go.kr/next/acreage/viewCadastreDetail.do?typesub=Y&type=12&packid=0000508315&docid=0050237811&mngno=BJCA000155&want=0&formType=oldName&rtURL=,https://theme.archives.go.kr/viewer/common/archWebViewer.do?singleData=Y&archiveEventId=0050237811,True,0014177173,BJCA000155,0050237811,관철동 0192,
"경기도 경성부 중부 종로2정목외16정-014[관철동,인사동,관훈동,낙원동,경운동,운니동] - 관철동 0193",https://theme.archives.go.kr/next/acreage/viewCadastreDetail.do?typesub=Y&type=12&packid=0000508315&docid=0050237812&mngno=BJCA000155&want=0&formType=oldName&rtURL=,https://theme.archives.go.kr/viewer/common/archWebViewer.do?singleData=Y&archiveEventId=0050237812,True,0014177173,BJCA000155,0050237812,관철동 0193,
"경기도 경성부 중부 종로2정목외16정-014[관철동,인사동,관훈동,낙원동,경운동,운니동] - 관철동 0194",https://theme.archives.go.kr/next/acreage/viewCadastreDetail.do?typesub=Y&type=12&packid=0000508315&docid=0050576531&mngno=BJCA000155&want=0&formType=oldName&rtURL=,https://theme.archives.go.kr/viewer/common/archWebViewer.do?singleData=Y&archiveEventId=0050576531,True,0014177173,BJCA000155,0050576531,관철동 0194,
"경기도 경성부 중부 종로2정목외16정-014[관철동,인사동,관훈동,낙원동,경운동,운니동] - 관철동 0195",https://theme.archives.go.kr/next/acreage/viewCadastreDetail.do?typesub=Y&type=12&packid=0000508315&docid=0050576599&mngno=BJCA000155&want=0&formType=oldName&rtURL=,https://theme.archives.go.kr/viewer/common/archWebViewer.do?singleData=Y&archiveEventId=0050576599,True,0014177173,BJCA000155,0050576599,관철동 0195,
"경기도 경성부 중부 종로2정목외16정-014[관철동,인사동,관훈동,낙원동,경운동,운니동] - 관철동 0196",https://theme.archives.go.kr/next/acreage/viewCadastreDetail.do?typesub=Y&type=12&packid=0000508315&docid=0050237813&mngno=BJCA000155&want=0&formType=oldName&rtURL=,https://theme.archives.go.kr/viewer/common/archWebViewer.do?singleData=Y&archiveEventId=0050237813,True,0014177173,BJCA000155,0050237813,관철동 0196,
"경기도 경성부 중부 종로2정목외16정-014[관철동,인사동,관훈동,낙원동,경운동,운니동] - 관철동 0197",https://theme.archives.go.kr/next/acreage/viewCadastreDetail.do?typesub=Y&type=12&packid=0000508315&docid=0050237814&mngno=BJCA000155&want=0&formType=oldName&rtURL=,https://theme.archives.go.kr/viewer/common/archWebViewer.do?singleData=Y&archiveEventId=0050237814,True,0014177173,BJCA000155,0050237814,관철동 0197,
"경기도 경성부 중부 종로2정목외16정-014[관철동,인사동,관훈동,낙원동,경운동,운니동] - 관철동 0198",https://theme.archives.go.kr/next/acreage/viewCadastreDetail.do?typesub=Y&type=12&packid=0000508315&docid=0050237815&mngno=BJCA000155&want=0&formType=oldName&rtURL=,https://theme.archives.go.kr/viewer/common/archWebViewer.do?singleData=Y&archiveEventId=0050237815,True,0014177173,BJCA000155,0050237815,관철동 0198,
"경기도 경성부 중부 종로2정목외16정-014[관철동,인사동,관훈동,낙원동,경운동,운니동] - 관철동 0199",https://theme.archives.go.kr/next/acreage/viewCadastreDetail.do?typesub=Y&type=12&packid=0000508315&docid=0050576532&mngno=BJCA000155&want=0&formType=oldName&rtURL=,https://theme.archives.go.kr/viewer/common/archWebViewer.do?singleData=Y&archiveEventId=0050576532,True,0014177173,BJCA000155,0050576532,관철동 0199,
"경기도 경성부 중부 종로2정목외16정-014[관철동,인사동,관훈동,낙원동,경운동,운니동] - 관철동 0200",https://theme.archives.go.kr/next/acreage/viewCadastreDetail.do?typesub=Y&type=12&packid=0000508315&docid=0050237816&mngno=BJCA000155&want=0&formType=oldName&rtURL=,https://theme.archives.go.kr/viewer/common/archWebViewer.do?singleData=Y&archiveEventId=0050237816,True,0014177173,BJCA000155,0050237816,관철동 0200,
"경기도 경성부 중부 종로2정목외16정-014[관철동,인사동,관훈동,낙원동,경운동,운니동] - 관철동 0201",https://theme.archives.go.kr/next/acreage/viewCadastreDetail.do?typesub=Y&type=12&packid=0000508315&docid=0050237817&mngno=BJCA000155&want=0&formType=oldName&rtURL=,https://theme.archives.go.kr/viewer/common/archWebViewer.do?singleData=Y&archiveEventId=0050237817,True,0014177173,BJCA000155,0050237817,관철동 0201,
"경기도 경성부 중부 종로2정목외16정-014[관철동,인사동,관훈동,낙원동,경운동,운니동] - 관철동 0202",https://theme.archives.go.kr/next/acreage/viewCadastreDetail.do?typesub=Y&type=12&packid=0000508315&docid=0050576533&mngno=BJCA000155&want=0&formType=oldName&rtURL=,https://theme.archives.go.kr/viewer/common/archWebViewer.do?singleData=Y&archiveEventId=0050576533,True,0014177173,BJCA000155,0050576533,관철동 0202,
"경기도 경성부 중부 종로2정목외16정-014[관철동,인사동,관훈동,낙원동,경운동,운니동] - 관철동 0203",https://theme.archives.go.kr/next/acreage/viewCadastreDetail.do?typesub=Y&type=12&packid=0000508315&docid=0050237818&mngno=BJCA000155&want=0&formType=oldName&rtURL=,https://theme.archives.go.kr/viewer/common/archWebViewer.do?singleData=Y&archiveEventId=0050237818,True,0014177173,BJCA000155,0050237818,관철동 0203,
"경기도 경성부 중부 종로2정목외16정-014[관철동,인사동,관훈동,낙원동,경운동,운니동] - 관철동 0204",https://theme.archives.go.kr/next/acreage/viewCadastreDetail.do?typesub=Y&type=12&packid=0000508315&docid=0050237819&mngno=BJCA000155&want=0&formType=oldName&rtURL=,https://theme.archives.go.kr/viewer/common/archWebViewer.do?singleData=Y&archiveEventId=0050237819,True,0014177173,BJCA000155,0050237819,관철동 0204,
"경기도 경성부 중부 종로2정목외16정-014[관철동,인사동,관훈동,낙원동,경운동,운니동] - 관철동 0205",https://theme.archives.go.kr/next/acreage/viewCadastreDetail.do?typesub=Y&type=12&packid=0000508315&docid=0050576534&mngno=BJCA000155&want=0&formType=oldName&rtURL=,https://theme.archives.go.kr/viewer/common/archWebViewer.do?singleData=Y&archiveEventId=0050576534,True,0014177173,BJCA000155,0050576534,관철동 0205,
"경기도 경성부 중부 종로2정목외16정-014[관철동,인사동,관훈동,낙원동,경운동,운니동] - 관철동 0206",https://theme.archives.go.kr/next/acreage/viewCadastreDetail.do?typesub=Y&type=12&packid=0000508315&docid=0050576535&mngno=BJCA000155&want=0&formType=oldName&rtURL=,https://theme.archives.go.kr/viewer/common/archWebViewer.do?singleData=Y&archiveEventId=0050576535,True,0014177173,BJCA000155,0050576535,관철동 0206,
"경기도 경성부 중부 종로2정목외16정-014[관철동,인사동,관훈동,낙원동,경운동,운니동] - 관철동 0207",https://theme.archives.go.kr/next/acreage/viewCadastreDetail.do?typesub=Y&type=12&packid=0000508315&docid=0050237820&mngno=BJCA000155&want=0&formType=oldName&rtURL=,https://theme.archives.go.kr/viewer/common/archWebViewer.do?singleData=Y&archiveEventId=0050237820,True,0014177173,BJCA000155,0050237820,관철동 0207,
"경기도 경성부 중부 종로2정목외16정-014[관철동,인사동,관훈동,낙원동,경운동,운니동] - 관철동 0208",https://theme.archives.go.kr/next/acreage/viewCadastreDetail.do?typesub=Y&type=12&packid=0000508315&docid=0050237821&mngno=BJCA000155&want=0&formType=oldName&rtURL=,https://theme.archives.go.kr/viewer/common/archWebViewer.do?singleData=Y&archiveEventId=0050237821,True,0014177173,BJCA000155,0050237821,관철동 0208,
"경기도 경성부 중부 종로2정목외16정-014[관철동,인사동,관훈동,낙원동,경운동,운니동] - 관철동 0209",https://theme.archives.go.kr/next/acreage/viewCadastreDetail.do?typesub=Y&type=12&packid=0000508315&docid=0050576536&mngno=BJCA000155&want=0&formType=oldName&rtURL=,https://theme.archives.go.kr/viewer/common/archWebViewer.do?singleData=Y&archiveEventId=0050576536,True,0014177173,BJCA000155,0050576536,관철동 0209,
"경기도 경성부 중부 종로2정목외16정-014[관철동,인사동,관훈동,낙원동,경운동,운니동] - 관철동 0210",https://theme.archives.go.kr/next/acreage/viewCadastreDetail.do?typesub=Y&type=12&packid=0000508315&docid=0050237822&mngno=BJCA000155&want=0&formType=oldName&rtURL=,https://theme.archives.go.kr/viewer/common/archWebViewer.do?singleData=Y&archiveEventId=0050237822,True,0014177173,BJCA000155,0050237822,관철동 0210,
"경기도 경성부 중부 종로2정목외16정-014[관철동,인사동,관훈동,낙원동,경운동,운니동] - 관철동 0211",https://theme.archives.go.kr/next/acreage/viewCadastreDetail.do?typesub=Y&type=12&packid=0000508315&docid=0050237823&mngno=BJCA000155&want=0&formType=oldName&rtURL=,https://theme.archives.go.kr/viewer/common/archWebViewer.do?singleData=Y&archiveEventId=0050237823,True,0014177173,BJCA000155,0050237823,관철동 0211,
"경기도 경성부 중부 종로2정목외16정-014[관철동,인사동,관훈동,낙원동,경운동,운니동] - 관철동 0212",https://theme.archives.go.kr/next/acreage/viewCadastreDetail.do?typesub=Y&type=12&packid=0000508315&docid=0050576537&mngno=BJCA000155&want=0&formType=oldName&rtURL=,https://theme.archives.go.kr/viewer/common/archWebViewer.do?singleData=Y&archiveEventId=0050576537,True,0014177173,BJCA000155,0050576537,관철동 0212,
"경기도 경성부 중부 종로2정목외16정-014[관철동,인사동,관훈동,낙원동,경운동,운니동] - 관철동 0213",https://theme.archives.go.kr/next/acreage/viewCadastreDetail.do?typesub=Y&type=12&packid=0000508315&docid=0050237824&mngno=BJCA000155&want=0&formType=oldName&rtURL=,https://theme.archives.go.kr/viewer/common/archWebViewer.do?singleData=Y&archiveEventId=0050237824,True,0014177173,BJCA000155,0050237824,관철동 0213,
"경기도 경성부 중부 종로2정목외16정-014[관철동,인사동,관훈동,낙원동,경운동,운니동] - 관철동 0214",https://theme.archives.go.kr/next/acreage/viewCadastreDetail.do?typesub=Y&type=12&packid=0000508315&docid=0050237825&mngno=BJCA000155&want=0&formType=oldName&rtURL=,https://theme.archives.go.kr/viewer/common/archWebViewer.do?singleData=Y&archiveEventId=0050237825,True,0014177173,BJCA000155,0050237825,관철동 0214,
"경기도 경성부 중부 종로2정목외16정-014[관철동,인사동,관훈동,낙원동,경운동,운니동] - 관철동 0215",https://theme.archives.go.kr/next/acreage/viewCadastreDetail.do?typesub=Y&type=12&packid=0000508315&docid=0050576538&mngno=BJCA000155&want=0&formType=oldName&rtURL=,https://theme.archives.go.kr/viewer/common/archWebViewer.do?singleData=Y&archiveEventId=0050576538,True,0014177173,BJCA000155,0050576538,관철동 0215,
"경기도 경성부 중부 종로2정목외16정-014[관철동,인사동,관훈동,낙원동,경운동,운니동] - 관철동 0216",https://theme.archives.go.kr/next/acreage/viewCadastreDetail.do?typesub=Y&type=12&packid=0000508315&docid=0050237826&mngno=BJCA000155&want=0&formType=oldName&rtURL=,https://theme.archives.go.kr/viewer/common/archWebViewer.do?singleData=Y&archiveEventId=0050237826,True,0014177173,BJCA000155,0050237826,관철동 0216,
"경기도 경성부 중부 종로2정목외16정-014[관철동,인사동,관훈동,낙원동,경운동,운니동] - 관철동 0217",https://theme.archives.go.kr/next/acreage/viewCadastreDetail.do?typesub=Y&type=12&packid=0000508315&docid=0050237827&mngno=BJCA000155&want=0&formType=oldName&rtURL=,https://theme.archives.go.kr/viewer/common/archWebViewer.do?singleData=Y&archiveEventId=0050237827,True,0014177173,BJCA000155,0050237827,관철동 0217,
"경기도 경성부 중부 종로2정목외16정-014[관철동,인사동,관훈동,낙원동,경운동,운니동] - 관철동 0218",https://theme.archives.go.kr/next/acreage/viewCadastreDetail.do?typesub=Y&type=12&packid=0000508315&docid=0050576539&mngno=BJCA000155&want=0&formType=oldName&rtURL=,https://theme.archives.go.kr/viewer/common/archWebViewer.do?singleData=Y&archiveEventId=0050576539,True,0014177173,BJCA000155,0050576539,관철동 0218,
"경기도 경성부 중부 종로2정목외16정-014[관철동,인사동,관훈동,낙원동,경운동,운니동] - 관철동 0227",https://theme.archives.go.kr/next/acreage/viewCadastreDetail.do?typesub=Y&type=12&packid=0000508315&docid=0050237828&mngno=BJCA000155&want=0&formType=oldName&rtURL=,https://theme.archives.go.kr/viewer/common/archWebViewer.do?singleData=Y&archiveEventId=0050237828,True,0014177173,BJCA000155,0050237828,관철동 0227,
"경기도 경성부 중부 종로2정목외16정-014[관철동,인사동,관훈동,낙원동,경운동,운니동] - 관철동 0228",https://theme.archives.go.kr/next/acreage/viewCadastreDetail.do?typesub=Y&type=12&packid=0000508315&docid=0050237829&mngno=BJCA000155&want=0&formType=oldName&rtURL=,https://theme.archives.go.kr/viewer/common/archWebViewer.do?singleData=Y&archiveEventId=0050237829,True,0014177173,BJCA000155,0050237829,관철동 0228,
"경기도 경성부 중부 종로2정목외16정-014[관철동,인사동,관훈동,낙원동,경운동,운니동] - 관철동 0229",https://theme.archives.go.kr/next/acreage/viewCadastreDetail.do?typesub=Y&type=12&packid=0000508315&docid=0050576540&mngno=BJCA000155&want=0&formType=oldName&rtURL=,https://theme.archives.go.kr/viewer/common/archWebViewer.do?singleData=Y&archiveEventId=0050576540,True,0014177173,BJCA000155,0050576540,관철동 0229,
"경기도 경성부 중부 종로2정목외16정-014[관철동,인사동,관훈동,낙원동,경운동,운니동] - 관철동 0230",https://theme.archives.go.kr/next/acreage/viewCadastreDetail.do?typesub=Y&type=12&packid=0000508315&docid=0050237830&mngno=BJCA000155&want=0&formType=oldName&rtURL=,https://theme.archives.go.kr/viewer/common/archWebViewer.do?singleData=Y&archiveEventId=0050237830,True,0014177173,BJCA000155,0050237830,관철동 0230,
"경기도 경성부 중부 종로2정목외16정-014[관철동,인사동,관훈동,낙원동,경운동,운니동] - 관철동 0231",https://theme.archives.go.kr/next/acreage/viewCadastreDetail.do?typesub=Y&type=12&packid=0000508315&docid=0050237831&mngno=BJCA000155&want=0&formType=oldName&rtURL=,https://theme.archives.go.kr/viewer/common/archWebViewer.do?singleData=Y&archiveEventId=0050237831,True,0014177173,BJCA000155,0050237831,관철동 0231,
"경기도 경성부 중부 종로2정목외16정-014[관철동,인사동,관훈동,낙원동,경운동,운니동] - 관철동 0232",https://theme.archives.go.kr/next/acreage/viewCadastreDetail.do?typesub=Y&type=12&packid=0000508315&docid=0050576541&mngno=BJCA000155&want=0&formType=oldName&rtURL=,https://theme.archives.go.kr/viewer/common/archWebViewer.do?singleData=Y&archiveEventId=0050576541,True,0014177173,BJCA000155,0050576541,관철동 0232,
"경기도 경성부 중부 종로2정목외16정-014[관철동,인사동,관훈동,낙원동,경운동,운니동] - 관철동 0233",https://theme.archives.go.kr/next/acreage/viewCadastreDetail.do?typesub=Y&type=12&packid=0000508315&docid=0050237832&mngno=BJCA000155&want=0&formType=oldName&rtURL=,https://theme.archives.go.kr/viewer/common/archWebViewer.do?singleData=Y&archiveEventId=0050237832,True,0014177173,BJCA000155,0050237832,관철동 0233,
"경기도 경성부 중부 종로2정목외16정-014[관철동,인사동,관훈동,낙원동,경운동,운니동] - 관철동 0234",https://theme.archives.go.kr/next/acreage/viewCadastreDetail.do?typesub=Y&type=12&packid=0000508315&docid=0050237833&mngno=BJCA000155&want=0&formType=oldName&rtURL=,https://theme.archives.go.kr/viewer/common/archWebViewer.do?singleData=Y&archiveEventId=0050237833,True,0014177173,BJCA000155,0050237833,관철동 0234,
"경기도 경성부 중부 종로2정목외16정-014[관철동,인사동,관훈동,낙원동,경운동,운니동] - 관철동 0235",https://theme.archives.go.kr/next/acreage/viewCadastreDetail.do?typesub=Y&type=12&packid=0000508315&docid=0050576542&mngno=BJCA000155&want=0&formType=oldName&rtURL=,https://theme.archives.go.kr/viewer/common/archWebViewer.do?singleData=Y&archiveEventId=0050576542,True,0014177173,BJCA000155,0050576542,관철동 0235,
"경기도 경성부 중부 종로2정목외16정-014[관철동,인사동,관훈동,낙원동,경운동,운니동] - 관철동 0236",https://theme.archives.go.kr/next/acreage/viewCadastreDetail.do?typesub=Y&type=12&packid=0000508315&docid=0050237834&mngno=BJCA000155&want=0&formType=oldName&rtURL=,https://theme.archives.go.kr/viewer/common/archWebViewer.do?singleData=Y&archiveEventId=0050237834,True,0014177173,BJCA000155,0050237834,관철동 0236,
"경기도 경성부 중부 종로2정목외16정-014[관철동,인사동,관훈동,낙원동,경운동,운니동] - 관철동 0237",https://theme.archives.go.kr/next/acreage/viewCadastreDetail.do?typesub=Y&type=12&packid=0000508315&docid=0050237835&mngno=BJCA000155&want=0&formType=oldName&rtURL=,https://theme.archives.go.kr/viewer/common/archWebViewer.do?singleData=Y&archiveEventId=0050237835,True,0014177173,BJCA000155,0050237835,관철동 0237,
"경기도 경성부 중부 종로2정목외16정-014[관철동,인사동,관훈동,낙원동,경운동,운니동] - 관철동 0238",https://theme.archives.go.kr/next/acreage/viewCadastreDetail.do?typesub=Y&type=12&packid=0000508315&docid=0050237836&mngno=BJCA000155&want=0&formType=oldName&rtURL=,https://theme.archives.go.kr/viewer/common/archWebViewer.do?singleData=Y&archiveEventId=0050237836,True,0014177173,BJCA000155,0050237836,관철동 0238,
"경기도 경성부 중부 종로2정목외16정-014[관철동,인사동,관훈동,낙원동,경운동,운니동] - 관철동 0239",https://theme.archives.go.kr/next/acreage/viewCadastreDetail.do?typesub=Y&type=12&packid=0000508315&docid=0050576543&mngno=BJCA000155&want=0&formType=oldName&rtURL=,https://theme.archives.go.kr/viewer/common/archWebViewer.do?singleData=Y&archiveEventId=0050576543,True,0014177173,BJCA000155,0050576543,관철동 0239,
"경기도 경성부 중부 종로2정목외16정-014[관철동,인사동,관훈동,낙원동,경운동,운니동] - 관철동 0240",https://theme.archives.go.kr/next/acreage/viewCadastreDetail.do?typesub=Y&type=12&packid=0000508315&docid=0050237837&mngno=BJCA000155&want=0&formType=oldName&rtURL=,https://theme.archives.go.kr/viewer/common/archWebViewer.do?singleData=Y&archiveEventId=0050237837,True,0014177173,BJCA000155,0050237837,관철동 0240,
"경기도 경성부 중부 종로2정목외16정-014[관철동,인사동,관훈동,낙원동,경운동,운니동] - 관철동 0241",https://theme.archives.go.kr/next/acreage/viewCadastreDetail.do?typesub=Y&type=12&packid=0000508315&docid=0050237838&mngno=BJCA000155&want=0&formType=oldName&rtURL=,https://theme.archives.go.kr/viewer/common/archWebViewer.do?singleData=Y&archiveEventId=0050237838,True,0014177173,BJCA000155,0050237838,관철동 0241,
"경기도 경성부 중부 종로2정목외16정-014[관철동,인사동,관훈동,낙원동,경운동,운니동] - 관철동 0242",https://theme.archives.go.kr/next/acreage/viewCadastreDetail.do?typesub=Y&type=12&packid=0000508315&docid=0050576544&mngno=BJCA000155&want=0&formType=oldName&rtURL=,https://theme.archives.go.kr/viewer/common/archWebViewer.do?singleData=Y&archiveEventId=0050576544,True,0014177173,BJCA000155,0050576544,관철동 0242,
"경기도 경성부 중부 종로2정목외16정-014[관철동,인사동,관훈동,낙원동,경운동,운니동] - 관철동 0243",https://theme.archives.go.kr/next/acreage/viewCadastreDetail.do?typesub=Y&type=12&packid=0000508315&docid=0050237839&mngno=BJCA000155&want=0&formType=oldName&rtURL=,https://theme.archives.go.kr/viewer/common/archWebViewer.do?singleData=Y&archiveEventId=0050237839,True,0014177173,BJCA000155,0050237839,관철동 0243,
"경기도 경성부 중부 종로2정목외16정-014[관철동,인사동,관훈동,낙원동,경운동,운니동] - 관철동 0244",https://theme.archives.go.kr/next/acreage/viewCadastreDetail.do?typesub=Y&type=12&packid=0000508315&docid=0050576600&mngno=BJCA000155&want=0&formType=oldName&rtURL=,https://theme.archives.go.kr/viewer/common/archWebViewer.do?singleData=Y&archiveEventId=0050576600,True,0014177173,BJCA000155,0050576600,관철동 0244,
"경기도 경성부 중부 종로2정목외16정-014[관철동,인사동,관훈동,낙원동,경운동,운니동] - 관철동 0245",https://theme.archives.go.kr/next/acreage/viewCadastreDetail.do?typesub=Y&type=12&packid=0000508315&docid=0050237840&mngno=BJCA000155&want=0&formType=oldName&rtURL=,https://theme.archives.go.kr/viewer/common/archWebViewer.do?singleData=Y&archiveEventId=0050237840,True,0014177173,BJCA000155,0050237840,관철동 0245,
"경기도 경성부 중부 종로2정목외16정-014[관철동,인사동,관훈동,낙원동,경운동,운니동] - 관철동 0246",https://theme.archives.go.kr/next/acreage/viewCadastreDetail.do?typesub=Y&type=12&packid=0000508315&docid=0050576545&mngno=BJCA000155&want=0&formType=oldName&rtURL=,https://theme.archives.go.kr/viewer/common/archWebViewer.do?singleData=Y&archiveEventId=0050576545,True,0014177173,BJCA000155,0050576545,관철동 0246,
"경기도 경성부 중부 종로2정목외16정-014[관철동,인사동,관훈동,낙원동,경운동,운니동] - 관철동 0247",https://theme.archives.go.kr/next/acreage/viewCadastreDetail.do?typesub=Y&type=12&packid=0000508315&docid=0050485345&mngno=BJCA000155&want=0&formType=oldName&rtURL=,https://theme.archives.go.kr/viewer/common/archWebViewer.do?singleData=Y&archiveEventId=0050485345,True,0014177173,BJCA000155,0050485345,관철동 0247,
"경기도 경성부 중부 종로2정목외16정-014[관철동,인사동,관훈동,낙원동,경운동,운니동] - 관철동 0248",https://theme.archives.go.kr/next/acreage/viewCadastreDetail.do?typesub=Y&type=12&packid=0000508315&docid=0050237841&mngno=BJCA000155&want=0&formType=oldName&rtURL=,https://theme.archives.go.kr/viewer/common/archWebViewer.do?singleData=Y&archiveEventId=0050237841,True,0014177173,BJCA000155,0050237841,관철동 0248,
"경기도 경성부 중부 종로2정목외16정-014[관철동,인사동,관훈동,낙원동,경운동,운니동] - 관철동 0249",https://theme.archives.go.kr/next/acreage/viewCadastreDetail.do?typesub=Y&type=12&packid=0000508315&docid=0050576546&mngno=BJCA000155&want=0&formType=oldName&rtURL=,https://theme.archives.go.kr/viewer/common/archWebViewer.do?singleData=Y&archiveEventId=0050576546,True,0014177173,BJCA000155,0050576546,관철동 0249,
"경기도 경성부 중부 종로2정목외16정-014[관철동,인사동,관훈동,낙원동,경운동,운니동] - 관철동 0250",https://theme.archives.go.kr/next/acreage/viewCadastreDetail.do?typesub=Y&type=12&packid=0000508315&docid=0050237842&mngno=BJCA000155&want=0&formType=oldName&rtURL=,https://theme.archives.go.kr/viewer/common/archWebViewer.do?singleData=Y&archiveEventId=0050237842,True,0014177173,BJCA000155,0050237842,관철동 0250,
"경기도 경성부 중부 종로2정목외16정-014[관철동,인사동,관훈동,낙원동,경운동,운니동] - 관철동 0251",https://theme.archives.go.kr/next/acreage/viewCadastreDetail.do?typesub=Y&type=12&packid=0000508315&docid=0050237843&mngno=BJCA000155&want=0&formType=oldName&rtURL=,https://theme.archives.go.kr/viewer/common/archWebViewer.do?singleData=Y&archiveEventId=0050237843,True,0014177173,BJCA000155,0050237843,관철동 0251,
"경기도 경성부 중부 종로2정목외16정-014[관철동,인사동,관훈동,낙원동,경운동,운니동] - 관철동 0252",https://theme.archives.go.kr/next/acreage/viewCadastreDetail.do?typesub=Y&type=12&packid=0000508315&docid=0050576547&mngno=BJCA000155&want=0&formType=oldName&rtURL=,https://theme.archives.go.kr/viewer/common/archWebViewer.do?singleData=Y&archiveEventId=0050576547,True,0014177173,BJCA000155,0050576547,관철동 0252,
"경기도 경성부 중부 종로2정목외16정-014[관철동,인사동,관훈동,낙원동,경운동,운니동] - 관철동 0253",https://theme.archives.go.kr/next/acreage/viewCadastreDetail.do?typesub=Y&type=12&packid=0000508315&docid=0050237844&mngno=BJCA000155&want=0&formType=oldName&rtURL=,https://theme.archives.go.kr/viewer/common/archWebViewer.do?singleData=Y&archiveEventId=0050237844,True,0014177173,BJCA000155,0050237844,관철동 0253,
"경기도 경성부 중부 종로2정목외16정-014[관철동,인사동,관훈동,낙원동,경운동,운니동] - 관철동 0254",https://theme.archives.go.kr/next/acreage/viewCadastreDetail.do?typesub=Y&type=12&packid=0000508315&docid=0050237845&mngno=BJCA000155&want=0&formType=oldName&rtURL=,https://theme.archives.go.kr/viewer/common/archWebViewer.do?singleData=Y&archiveEventId=0050237845,True,0014177173,BJCA000155,0050237845,관철동 0254,
"경기도 경성부 중부 종로2정목외16정-014[관철동,인사동,관훈동,낙원동,경운동,운니동] - 관철동 0255",https://theme.archives.go.kr/next/acreage/viewCadastreDetail.do?typesub=Y&type=12&packid=0000508315&docid=0050576548&mngno=BJCA000155&want=0&formType=oldName&rtURL=,https://theme.archives.go.kr/viewer/common/archWebViewer.do?singleData=Y&archiveEventId=0050576548,True,0014177173,BJCA000155,0050576548,관철동 0255,
"경기도 경성부 중부 종로2정목외16정-014[관철동,인사동,관훈동,낙원동,경운동,운니동] - 종로2정목 0076",https://theme.archives.go.kr/next/acreage/viewCadastreDetail.do?typesub=Y&type=12&packid=0000508315&docid=0050237846&mngno=BJCA000155&want=0&formType=oldName&rtURL=,https://theme.archives.go.kr/viewer/common/archWebViewer.do?singleData=Y&archiveEventId=0050237846,True,0014177173,BJCA000155,0050237846,종로2정목 0076,
"경기도 경성부 중부 종로2정목외16정-014[관철동,인사동,관훈동,낙원동,경운동,운니동] - 종로2정목 0077",https://theme.archives.go.kr/next/acreage/viewCadastreDetail.do?typesub=Y&type=12&packid=0000508315&docid=0050237847&mngno=BJCA000155&want=0&formType=oldName&rtURL=,https://theme.archives.go.kr/viewer/common/archWebViewer.do?singleData=Y&archiveEventId=0050237847,True,0014177173,BJCA000155,0050237847,종로2정목 0077,
"경기도 경성부 중부 종로2정목외16정-014[관철동,인사동,관훈동,낙원동,경운동,운니동] - 종로2정목 0078",https://theme.archives.go.kr/next/acreage/viewCadastreDetail.do?typesub=Y&type=12&packid=0000508315&docid=0050576549&mngno=BJCA000155&want=0&formType=oldName&rtURL=,https://theme.archives.go.kr/viewer/common/archWebViewer.do?singleData=Y&archiveEventId=0050576549,True,0014177173,BJCA000155,0050576549,종로2정목 0078,
"경기도 경성부 중부 종로2정목외16정-014[관철동,인사동,관훈동,낙원동,경운동,운니동] - 종로2정목 0079",https://theme.archives.go.kr/next/acreage/viewCadastreDetail.do?typesub=Y&type=12&packid=0000508315&docid=0050237848&mngno=BJCA000155&want=0&formType=oldName&rtURL=,https://theme.archives.go.kr/viewer/common/archWebViewer.do?singleData=Y&archiveEventId=0050237848,True,0014177173,BJCA000155,0050237848,종로2정목 0079,
"경기도 경성부 중부 종로2정목외16정-014[관철동,인사동,관훈동,낙원동,경운동,운니동] - 종로2정목 0080",https://theme.archives.go.kr/next/acreage/viewCadastreDetail.do?typesub=Y&type=12&packid=0000508315&docid=0050576550&mngno=BJCA000155&want=0&formType=oldName&rtURL=,https://theme.archives.go.kr/viewer/common/archWebViewer.do?singleData=Y&archiveEventId=0050576550,True,0014177173,BJCA000155,0050576550,종로2정목 0080,
"경기도 경성부 중부 종로2정목외16정-014[관철동,인사동,관훈동,낙원동,경운동,운니동] - 종로2정목 0081",https://theme.archives.go.kr/next/acreage/viewCadastreDetail.do?typesub=Y&type=12&packid=0000508315&docid=0050237849&mngno=BJCA000155&want=0&formType=oldName&rtURL=,https://theme.archives.go.kr/viewer/common/archWebViewer.do?singleData=Y&archiveEventId=0050237849,True,0014177173,BJCA000155,0050237849,종로2정목 0081,
"경기도 경성부 중부 종로2정목외16정-014[관철동,인사동,관훈동,낙원동,경운동,운니동] - 종로2정목 0082",https://theme.archives.go.kr/next/acreage/viewCadastreDetail.do?typesub=Y&type=12&packid=0000508315&docid=0050237850&mngno=BJCA000155&want=0&formType=oldName&rtURL=,https://theme.archives.go.kr/viewer/common/archWebViewer.do?singleData=Y&archiveEventId=0050237850,True,0014177173,BJCA000155,0050237850,종로2정목 0082,
"경기도 경성부 중부 종로2정목외16정-014[관철동,인사동,관훈동,낙원동,경운동,운니동] - 종로2정목 0083",https://theme.archives.go.kr/next/acreage/viewCadastreDetail.do?typesub=Y&type=12&packid=0000508315&docid=0050576551&mngno=BJCA000155&want=0&formType=oldName&rtURL=,https://theme.archives.go.kr/viewer/common/archWebViewer.do?singleData=Y&archiveEventId=0050576551,True,0014177173,BJCA000155,0050576551,종로2정목 0083,
"경기도 경성부 중부 종로2정목외16정-014[관철동,인사동,관훈동,낙원동,경운동,운니동] - 종로2정목 0084",https://theme.archives.go.kr/next/acreage/viewCadastreDetail.do?typesub=Y&type=12&packid=0000508315&docid=0050237851&mngno=BJCA000155&want=0&formType=oldName&rtURL=,https://theme.archives.go.kr/viewer/common/archWebViewer.do?singleData=Y&archiveEventId=0050237851,True,0014177173,BJCA000155,0050237851,종로2정목 0084,
"경기도 경성부 중부 종로2정목외16정-014[관철동,인사동,관훈동,낙원동,경운동,운니동] - 종로2정목 0085",https://theme.archives.go.kr/next/acreage/viewCadastreDetail.do?typesub=Y&type=12&packid=0000508315&docid=0050237852&mngno=BJCA000155&want=0&formType=oldName&rtURL=,https://theme.archives.go.kr/viewer/common/archWebViewer.do?singleData=Y&archiveEventId=0050237852,True,0014177173,BJCA000155,0050237852,종로2정목 0085,
"경기도 경성부 중부 종로2정목외16정-014[관철동,인사동,관훈동,낙원동,경운동,운니동] - 종로2정목 0086",https://theme.archives.go.kr/next/acreage/viewCadastreDetail.do?typesub=Y&type=12&packid=0000508315&docid=0050576552&mngno=BJCA000155&want=0&formType=oldName&rtURL=,https://theme.archives.go.kr/viewer/common/archWebViewer.do?singleData=Y&archiveEventId=0050576552,True,0014177173,BJCA000155,0050576552,종로2정목 0086,
"경기도 경성부 중부 종로2정목외16정-014[관철동,인사동,관훈동,낙원동,경운동,운니동] - 종로2정목 0087",https://theme.archives.go.kr/next/acreage/viewCadastreDetail.do?typesub=Y&type=12&packid=0000508315&docid=0050237853&mngno=BJCA000155&want=0&formType=oldName&rtURL=,https://theme.archives.go.kr/viewer/common/archWebViewer.do?singleData=Y&archiveEventId=0050237853,True,0014177173,BJCA000155,0050237853,종로2정목 0087,
"경기도 경성부 중부 종로2정목외16정-014[관철동,인사동,관훈동,낙원동,경운동,운니동] - 종로2정목 0088",https://theme.archives.go.kr/next/acreage/viewCadastreDetail.do?typesub=Y&type=12&packid=0000508315&docid=0050237854&mngno=BJCA000155&want=0&formType=oldName&rtURL=,https://theme.archives.go.kr/viewer/common/archWebViewer.do?singleData=Y&archiveEventId=0050237854,True,0014177173,BJCA000155,0050237854,종로2정목 0088,
"경기도 경성부 중부 종로2정목외16정-014[관철동,인사동,관훈동,낙원동,경운동,운니동] - 종로2정목 0089",https://theme.archives.go.kr/next/acreage/viewCadastreDetail.do?typesub=Y&type=12&packid=0000508315&docid=0050576504&mngno=BJCA000155&want=0&formType=oldName&rtURL=,https://theme.archives.go.kr/viewer/common/archWebViewer.do?singleData=Y&archiveEventId=0050576504,True,0014177173,BJCA000155,0050576504,종로2정목 0089,
"경기도 경성부 중부 종로2정목외16정-014[관철동,인사동,관훈동,낙원동,경운동,운니동] - 종로2정목 0090",https://theme.archives.go.kr/next/acreage/viewCadastreDetail.do?typesub=Y&type=12&packid=0000508315&docid=0050237855&mngno=BJCA000155&want=0&formType=oldName&rtURL=,https://theme.archives.go.kr/viewer/common/archWebViewer.do?singleData=Y&archiveEventId=0050237855,True,0014177173,BJCA000155,0050237855,종로2정목 0090,
"경기도 경성부 중부 종로2정목외16정-014[관철동,인사동,관훈동,낙원동,경운동,운니동] - 종로2정목 0091",https://theme.archives.go.kr/next/acreage/viewCadastreDetail.do?typesub=Y&type=12&packid=0000508315&docid=0050237856&mngno=BJCA000155&want=0&formType=oldName&rtURL=,https://theme.archives.go.kr/viewer/common/archWebViewer.do?singleData=Y&archiveEventId=0050237856,True,0014177173,BJCA000155,0050237856,종로2정목 0091,
"경기도 경성부 중부 종로2정목외16정-014[관철동,인사동,관훈동,낙원동,경운동,운니동] - 종로2정목 0092",https://theme.archives.go.kr/next/acreage/viewCadastreDetail.do?typesub=Y&type=12&packid=0000508315&docid=0050576505&mngno=BJCA000155&want=0&formType=oldName&rtURL=,https://theme.archives.go.kr/viewer/common/archWebViewer.do?singleData=Y&archiveEventId=0050576505,True,0014177173,BJCA000155,0050576505,종로2정목 0092,
"경기도 경성부 중부 종로2정목외16정-014[관철동,인사동,관훈동,낙원동,경운동,운니동] - 종로2정목 0093",https://theme.archives.go.kr/next/acreage/viewCadastreDetail.do?typesub=Y&type=12&packid=0000508315&docid=0050237857&mngno=BJCA000155&want=0&formType=oldName&rtURL=,https://theme.archives.go.kr/viewer/common/archWebViewer.do?singleData=Y&archiveEventId=0050237857,True,0014177173,BJCA000155,0050237857,종로2정목 0093,
"경기도 경성부 중부 종로2정목외16정-014[관철동,인사동,관훈동,낙원동,경운동,운니동] - 종로2정목 0094",https://theme.archives.go.kr/next/acreage/viewCadastreDetail.do?typesub=Y&type=12&packid=0000508315&docid=0050237858&mngno=BJCA000155&want=0&formType=oldName&rtURL=,https://theme.archives.go.kr/viewer/common/archWebViewer.do?singleData=Y&archiveEventId=0050237858,True,0014177173,BJCA000155,0050237858,종로2정목 0094,
"경기도 경성부 중부 종로2정목외16정-014[관철동,인사동,관훈동,낙원동,경운동,운니동] - 종로2정목 0095",https://theme.archives.go.kr/next/acreage/viewCadastreDetail.do?typesub=Y&type=12&packid=0000508315&docid=0050576506&mngno=BJCA000155&want=0&formType=oldName&rtURL=,https://theme.archives.go.kr/viewer/common/archWebViewer.do?singleData=Y&archiveEventId=0050576506,True,0014177173,BJCA000155,0050576506,종로2정목 0095,
"경기도 경성부 중부 종로2정목외16정-014[관철동,인사동,관훈동,낙원동,경운동,운니동] - 종로2정목 0096",https://theme.archives.go.kr/next/acreage/viewCadastreDetail.do?typesub=Y&type=12&packid=0000508315&docid=0050237859&mngno=BJCA000155&want=0&formType=oldName&rtURL=,https://theme.archives.go.kr/viewer/common/archWebViewer.do?singleData=Y&archiveEventId=0050237859,True,0014177173,BJCA000155,0050237859,종로2정목 0096,
"경기도 경성부 중부 종로2정목외16정-014[관철동,인사동,관훈동,낙원동,경운동,운니동] - 종로2정목 0097",https://theme.archives.go.kr/next/acreage/viewCadastreDetail.do?typesub=Y&type=12&packid=0000508315&docid=0050237860&mngno=BJCA000155&want=0&formType=oldName&rtURL=,https://theme.archives.go.kr/viewer/common/archWebViewer.do?singleData=Y&archiveEventId=0050237860,True,0014177173,BJCA000155,0050237860,종로2정목 0097,
"경기도 경성부 중부 종로2정목외16정-014[관철동,인사동,관훈동,낙원동,경운동,운니동] - 종로2정목 0098",https://theme.archives.go.kr/next/acreage/viewCadastreDetail.do?typesub=Y&type=12&packid=0000508315&docid=0050576507&mngno=BJCA000155&want=0&formType=oldName&rtURL=,https://theme.archives.go.kr/viewer/common/archWebViewer.do?singleData=Y&archiveEventId=0050576507,True,0014177173,BJCA000155,0050576507,종로2정목 0098,
"경기도 경성부 중부 종로2정목외16정-014[관철동,인사동,관훈동,낙원동,경운동,운니동] - 종로2정목 0099",https://theme.archives.go.kr/next/acreage/viewCadastreDetail.do?typesub=Y&type=12&packid=0000508315&docid=0050237861&mngno=BJCA000155&want=0&formType=oldName&rtURL=,https://theme.archives.go.kr/viewer/common/archWebViewer.do?singleData=Y&archiveEventId=0050237861,True,0014177173,BJCA000155,0050237861,종로2정목 0099,
"경기도 경성부 중부 종로2정목외16정-015[관철동,인사동,관훈동,낙원동,경운동,운니동] - 관훈동 0117",https://theme.archives.go.kr/next/acreage/viewCadastreDetail.do?typesub=Y&type=12&packid=0000508303&docid=0014177174&mngno=BJCA000156&want=0&formType=oldName&rtURL=,https://theme.archives.go.kr/viewer/common/archWebViewer.do?singleData=Y&archiveEventId=0014177174,True,0050407744,BJCA000156,0014177174,관훈동 0117,
"경기도 경성부 중부 종로2정목외16정-015[관철동,인사동,관훈동,낙원동,경운동,운니동] - 관훈동 0118",https://theme.archives.go.kr/next/acreage/viewCadastreDetail.do?typesub=Y&type=12&packid=0000508303&docid=0050576510&mngno=BJCA000156&want=0&formType=oldName&rtURL=,https://theme.archives.go.kr/viewer/common/archWebViewer.do?singleData=Y&archiveEventId=0050576510,True,0050407744,BJCA000156,0050576510,관훈동 0118,
"경기도 경성부 중부 종로2정목외16정-015[관철동,인사동,관훈동,낙원동,경운동,운니동] - 관훈동 0120",https://theme.archives.go.kr/next/acreage/viewCadastreDetail.do?typesub=Y&type=12&packid=0000508303&docid=0050407744&mngno=BJCA000156&want=0&formType=oldName&rtURL=,https://theme.archives.go.kr/viewer/common/archWebViewer.do?singleData=Y&archiveEventId=0050407744,True,0050407744,BJCA000156,0050407744,관훈동 0120,
"경기도 경성부 중부 종로2정목외16정-015[관철동,인사동,관훈동,낙원동,경운동,운니동] - 관훈동 0121",https://theme.archives.go.kr/next/acreage/viewCadastreDetail.do?typesub=Y&type=12&packid=0000508303&docid=0050407745&mngno=BJCA000156&want=0&formType=oldName&rtURL=,https://theme.archives.go.kr/viewer/common/archWebViewer.do?singleData=Y&archiveEventId=0050407745,True,0050407744,BJCA000156,0050407745,관훈동 0121,
"경기도 경성부 중부 종로2정목외16정-015[관철동,인사동,관훈동,낙원동,경운동,운니동] - 관훈동 0122",https://theme.archives.go.kr/next/acreage/viewCadastreDetail.do?typesub=Y&type=12&packid=0000508303&docid=0050576511&mngno=BJCA000156&want=0&formType=oldName&rtURL=,https://theme.archives.go.kr/viewer/common/archWebViewer.do?singleData=Y&archiveEventId=0050576511,True,0050407744,BJCA000156,0050576511,관훈동 0122,
"경기도 경성부 중부 종로2정목외16정-015[관철동,인사동,관훈동,낙원동,경운동,운니동] - 관훈동 0123",https://theme.archives.go.kr/next/acreage/viewCadastreDetail.do?typesub=Y&type=12&packid=0000508303&docid=0050407746&mngno=BJCA000156&want=0&formType=oldName&rtURL=,https://theme.archives.go.kr/viewer/common/archWebViewer.do?singleData=Y&archiveEventId=0050407746,True,0050407744,BJCA000156,0050407746,관훈동 0123,
"경기도 경성부 중부 종로2정목외16정-015[관철동,인사동,관훈동,낙원동,경운동,운니동] - 관훈동 0124",https://theme.archives.go.kr/next/acreage/viewCadastreDetail.do?typesub=Y&type=12&packid=0000508303&docid=0050407747&mngno=BJCA000156&want=0&formType=oldName&rtURL=,https://theme.archives.go.kr/viewer/common/archWebViewer.do?singleData=Y&archiveEventId=0050407747,True,0050407744,BJCA000156,0050407747,관훈동 0124,
"경기도 경성부 중부 종로2정목외16정-015[관철동,인사동,관훈동,낙원동,경운동,운니동] - 관훈동 0125",https://theme.archives.go.kr/next/acreage/viewCadastreDetail.do?typesub=Y&type=12&packid=0000508303&docid=0050576512&mngno=BJCA000156&want=0&formType=oldName&rtURL=,https://theme.archives.go.kr/viewer/common/archWebViewer.do?singleData=Y&archiveEventId=0050576512,True,0050407744,BJCA000156,0050576512,관훈동 0125,
"경기도 경성부 중부 종로2정목외16정-015[관철동,인사동,관훈동,낙원동,경운동,운니동] - 관훈동 0126",https://theme.archives.go.kr/next/acreage/viewCadastreDetail.do?typesub=Y&type=12&packid=0000508303&docid=0050480139&mngno=BJCA000156&want=0&formType=oldName&rtURL=,https://theme.archives.go.kr/viewer/common/archWebViewer.do?singleData=Y&archiveEventId=0050480139,True,0050407744,BJCA000156,0050480139,관훈동 0126,
"경기도 경성부 중부 종로2정목외16정-015[관철동,인사동,관훈동,낙원동,경운동,운니동] - 관훈동 0127",https://theme.archives.go.kr/next/acreage/viewCadastreDetail.do?typesub=Y&type=12&packid=0000508303&docid=0050407748&mngno=BJCA000156&want=0&formType=oldName&rtURL=,https://theme.archives.go.kr/viewer/common/archWebViewer.do?singleData=Y&archiveEventId=0050407748,True,0050407744,BJCA000156,0050407748,관훈동 0127,
"경기도 경성부 중부 종로2정목외16정-015[관철동,인사동,관훈동,낙원동,경운동,운니동] - 관훈동 0128",https://theme.archives.go.kr/next/acreage/viewCadastreDetail.do?typesub=Y&type=12&packid=0000508303&docid=0050576508&mngno=BJCA000156&want=0&formType=oldName&rtURL=,https://theme.archives.go.kr/viewer/common/archWebViewer.do?singleData=Y&archiveEventId=0050576508,True,0050407744,BJCA000156,0050576508,관훈동 0128,
"경기도 경성부 중부 종로2정목외16정-015[관철동,인사동,관훈동,낙원동,경운동,운니동] - 관훈동 0129",https://theme.archives.go.kr/next/acreage/viewCadastreDetail.do?typesub=Y&type=12&packid=0000508303&docid=0050576513&mngno=BJCA000156&want=0&formType=oldName&rtURL=,https://theme.archives.go.kr/viewer/common/archWebViewer.do?singleData=Y&archiveEventId=0050576513,True,0050407744,BJCA000156,0050576513,관훈동 0129,
"경기도 경성부 중부 종로2정목외16정-015[관철동,인사동,관훈동,낙원동,경운동,운니동] - 관훈동 0130",https://theme.archives.go.kr/next/acreage/viewCadastreDetail.do?typesub=Y&type=12&packid=0000508303&docid=0050407749&mngno=BJCA000156&want=0&formType=oldName&rtURL=,https://theme.archives.go.kr/viewer/common/archWebViewer.do?singleData=Y&archiveEventId=0050407749,True,0050407744,BJCA000156,0050407749,관훈동 0130,
"경기도 경성부 중부 종로2정목외16정-015[관철동,인사동,관훈동,낙원동,경운동,운니동] - 관훈동 0131",https://theme.archives.go.kr/next/acreage/viewCadastreDetail.do?typesub=Y&type=12&packid=0000508303&docid=0050407750&mngno=BJCA000156&want=0&formType=oldName&rtURL=,https://theme.archives.go.kr/viewer/common/archWebViewer.do?singleData=Y&archiveEventId=0050407750,True,0050407744,BJCA000156,0050407750,관훈동 0131,
"경기도 경성부 중부 종로2정목외16정-015[관철동,인사동,관훈동,낙원동,경운동,운니동] - 관훈동 0132",https://theme.archives.go.kr/next/acreage/viewCadastreDetail.do?typesub=Y&type=12&packid=0000508303&docid=0050576514&mngno=BJCA000156&want=0&formType=oldName&rtURL=,https://theme.archives.go.kr/viewer/common/archWebViewer.do?singleData=Y&archiveEventId=0050576514,True,0050407744,BJCA000156,0050576514,관훈동 0132,
"경기도 경성부 중부 종로2정목외16정-015[관철동,인사동,관훈동,낙원동,경운동,운니동] - 관훈동 0133",https://theme.archives.go.kr/next/acreage/viewCadastreDetail.do?typesub=Y&type=12&packid=0000508303&docid=0050407751&mngno=BJCA000156&want=0&formType=oldName&rtURL=,https://theme.archives.go.kr/viewer/common/archWebViewer.do?singleData=Y&archiveEventId=0050407751,True,0050407744,BJCA000156,0050407751,관훈동 0133,
"경기도 경성부 중부 종로2정목외16정-015[관철동,인사동,관훈동,낙원동,경운동,운니동] - 관훈동 0134",https://theme.archives.go.kr/next/acreage/viewCadastreDetail.do?typesub=Y&type=12&packid=0000508303&docid=0050407752&mngno=BJCA000156&want=0&formType=oldName&rtURL=,https://theme.archives.go.kr/viewer/common/archWebViewer.do?singleData=Y&archiveEventId=0050407752,True,0050407744,BJCA000156,0050407752,관훈동 0134,
"경기도 경성부 중부 종로2정목외16정-015[관철동,인사동,관훈동,낙원동,경운동,운니동] - 관훈동 0135",https://theme.archives.go.kr/next/acreage/viewCadastreDetail.do?typesub=Y&type=12&packid=0000508303&docid=0050576515&mngno=BJCA000156&want=0&formType=oldName&rtURL=,https://theme.archives.go.kr/viewer/common/archWebViewer.do?singleData=Y&archiveEventId=0050576515,True,0050407744,BJCA000156,0050576515,관훈동 0135,
"경기도 경성부 중부 종로2정목외16정-015[관철동,인사동,관훈동,낙원동,경운동,운니동] - 관훈동 0136",https://theme.archives.go.kr/next/acreage/viewCadastreDetail.do?typesub=Y&type=12&packid=0000508303&docid=0050407753&mngno=BJCA000156&want=0&formType=oldName&rtURL=,https://theme.archives.go.kr/viewer/common/archWebViewer.do?singleData=Y&archiveEventId=0050407753,True,0050407744,BJCA000156,0050407753,관훈동 0136,
"경기도 경성부 중부 종로2정목외16정-015[관철동,인사동,관훈동,낙원동,경운동,운니동] - 관훈동 0137",https://theme.archives.go.kr/next/acreage/viewCadastreDetail.do?typesub=Y&type=12&packid=0000508303&docid=0050407754&mngno=BJCA000156&want=0&formType=oldName&rtURL=,https://theme.archives.go.kr/viewer/common/archWebViewer.do?singleData=Y&archiveEventId=0050407754,True,0050407744,BJCA000156,0050407754,관훈동 0137,
"경기도 경성부 중부 종로2정목외16정-015[관철동,인사동,관훈동,낙원동,경운동,운니동] - 관훈동 0138",https://theme.archives.go.kr/next/acreage/viewCadastreDetail.do?typesub=Y&type=12&packid=0000508303&docid=0050576516&mngno=BJCA000156&want=0&formType=oldName&rtURL=,https://theme.archives.go.kr/viewer/common/archWebViewer.do?singleData=Y&archiveEventId=0050576516,True,0050407744,BJCA000156,0050576516,관훈동 0138,
"경기도 경성부 중부 종로2정목외16정-015[관철동,인사동,관훈동,낙원동,경운동,운니동] - 관훈동 0139",https://theme.archives.go.kr/next/acreage/viewCadastreDetail.do?typesub=Y&type=12&packid=0000508303&docid=0050407755&mngno=BJCA000156&want=0&formType=oldName&rtURL=,https://theme.archives.go.kr/viewer/common/archWebViewer.do?singleData=Y&archiveEventId=0050407755,True,0050407744,BJCA000156,0050407755,관훈동 0139,
"경기도 경성부 중부 종로2정목외16정-015[관철동,인사동,관훈동,낙원동,경운동,운니동] - 관훈동 0140",https://theme.archives.go.kr/next/acreage/viewCadastreDetail.do?typesub=Y&type=12&packid=0000508303&docid=0050407756&mngno=BJCA000156&want=0&formType=oldName&rtURL=,https://theme.archives.go.kr/viewer/common/archWebViewer.do?singleData=Y&archiveEventId=0050407756,True,0050407744,BJCA000156,0050407756,관훈동 0140,
"경기도 경성부 중부 종로2정목외16정-015[관철동,인사동,관훈동,낙원동,경운동,운니동] - 관훈동 0141",https://theme.archives.go.kr/next/acreage/viewCadastreDetail.do?typesub=Y&type=12&packid=0000508303&docid=0050407757&mngno=BJCA000156&want=0&formType=oldName&rtURL=,https://theme.archives.go.kr/viewer/common/archWebViewer.do?singleData=Y&archiveEventId=0050407757,True,0050407744,BJCA000156,0050407757,관훈동 0141,
"경기도 경성부 중부 종로2정목외16정-015[관철동,인사동,관훈동,낙원동,경운동,운니동] - 관훈동 0142",https://theme.archives.go.kr/next/acreage/viewCadastreDetail.do?typesub=Y&type=12&packid=0000508303&docid=0050576517&mngno=BJCA000156&want=0&formType=oldName&rtURL=,https://theme.archives.go.kr/viewer/common/archWebViewer.do?singleData=Y&archiveEventId=0050576517,True,0050407744,BJCA000156,0050576517,관훈동 0142,
"경기도 경성부 중부 종로2정목외16정-015[관철동,인사동,관훈동,낙원동,경운동,운니동] - 관훈동 0143",https://theme.archives.go.kr/next/acreage/viewCadastreDetail.do?typesub=Y&type=12&packid=0000508303&docid=0050407758&mngno=BJCA000156&want=0&formType=oldName&rtURL=,https://theme.archives.go.kr/viewer/common/archWebViewer.do?singleData=Y&archiveEventId=0050407758,True,0050407744,BJCA000156,0050407758,관훈동 0143,
"경기도 경성부 중부 종로2정목외16정-015[관철동,인사동,관훈동,낙원동,경운동,운니동] - 관훈동 0144",https://theme.archives.go.kr/next/acreage/viewCadastreDetail.do?typesub=Y&type=12&packid=0000508303&docid=0050576509&mngno=BJCA000156&want=0&formType=oldName&rtURL=,https://theme.archives.go.kr/viewer/common/archWebViewer.do?singleData=Y&archiveEventId=0050576509,True,0050407744,BJCA000156,0050576509,관훈동 0144,
"경기도 경성부 중부 종로2정목외16정-015[관철동,인사동,관훈동,낙원동,경운동,운니동] - 관훈동 0145",https://theme.archives.go.kr/next/acreage/viewCadastreDetail.do?typesub=Y&type=12&packid=0000508303&docid=0050407759&mngno=BJCA000156&want=0&formType=oldName&rtURL=,https://theme.archives.go.kr/viewer/common/archWebViewer.do?singleData=Y&archiveEventId=0050407759,True,0050407744,BJCA000156,0050407759,관훈동 0145,
"경기도 경성부 중부 종로2정목외16정-015[관철동,인사동,관훈동,낙원동,경운동,운니동] - 관훈동 0146",https://theme.archives.go.kr/next/acreage/viewCadastreDetail.do?typesub=Y&type=12&packid=0000508303&docid=0050576518&mngno=BJCA000156&want=0&formType=oldName&rtURL=,https://theme.archives.go.kr/viewer/common/archWebViewer.do?singleData=Y&archiveEventId=0050576518,True,0050407744,BJCA000156,0050576518,관훈동 0146,
"경기도 경성부 중부 종로2정목외16정-015[관철동,인사동,관훈동,낙원동,경운동,운니동] - 관훈동 0147",https://theme.archives.go.kr/next/acreage/viewCadastreDetail.do?typesub=Y&type=12&packid=0000508303&docid=0050407760&mngno=BJCA000156&want=0&formType=oldName&rtURL=,https://theme.archives.go.kr/viewer/common/archWebViewer.do?singleData=Y&archiveEventId=0050407760,True,0050407744,BJCA000156,0050407760,관훈동 0147,
"경기도 경성부 중부 종로2정목외16정-015[관철동,인사동,관훈동,낙원동,경운동,운니동] - 관훈동 0148",https://theme.archives.go.kr/next/acreage/viewCadastreDetail.do?typesub=Y&type=12&packid=0000508303&docid=0050407761&mngno=BJCA000156&want=0&formType=oldName&rtURL=,https://theme.archives.go.kr/viewer/common/archWebViewer.do?singleData=Y&archiveEventId=0050407761,True,0050407744,BJCA000156,0050407761,관훈동 0148,
"경기도 경성부 중부 종로2정목외16정-015[관철동,인사동,관훈동,낙원동,경운동,운니동] - 관훈동 0149",https://theme.archives.go.kr/next/acreage/viewCadastreDetail.do?typesub=Y&type=12&packid=0000508303&docid=0050576519&mngno=BJCA000156&want=0&formType=oldName&rtURL=,https://theme.archives.go.kr/viewer/common/archWebViewer.do?singleData=Y&archiveEventId=0050576519,True,0050407744,BJCA000156,0050576519,관훈동 0149,
"경기도 경성부 중부 종로2정목외16정-015[관철동,인사동,관훈동,낙원동,경운동,운니동] - 관훈동 0150",https://theme.archives.go.kr/next/acreage/viewCadastreDetail.do?typesub=Y&type=12&packid=0000508303&docid=0050407762&mngno=BJCA000156&want=0&formType=oldName&rtURL=,https://theme.archives.go.kr/viewer/common/archWebViewer.do?singleData=Y&archiveEventId=0050407762,True,0050407744,BJCA000156,0050407762,관훈동 0150,
"경기도 경성부 중부 종로2정목외16정-015[관철동,인사동,관훈동,낙원동,경운동,운니동] - 관훈동 0151",https://theme.archives.go.kr/next/acreage/viewCadastreDetail.do?typesub=Y&type=12&packid=0000508303&docid=0050407763&mngno=BJCA000156&want=0&formType=oldName&rtURL=,https://theme.archives.go.kr/viewer/common/archWebViewer.do?singleData=Y&archiveEventId=0050407763,True,0050407744,BJCA000156,0050407763,관훈동 0151,
"경기도 경성부 중부 종로2정목외16정-015[관철동,인사동,관훈동,낙원동,경운동,운니동] - 관훈동 0152",https://theme.archives.go.kr/next/acreage/viewCadastreDetail.do?typesub=Y&type=12&packid=0000508303&docid=0050576520&mngno=BJCA000156&want=0&formType=oldName&rtURL=,https://theme.archives.go.kr/viewer/common/archWebViewer.do?singleData=Y&archiveEventId=0050576520,True,0050407744,BJCA000156,0050576520,관훈동 0152,
"경기도 경성부 중부 종로2정목외16정-015[관철동,인사동,관훈동,낙원동,경운동,운니동] - 관훈동 0153",https://theme.archives.go.kr/next/acreage/viewCadastreDetail.do?typesub=Y&type=12&packid=0000508303&docid=0050407764&mngno=BJCA000156&want=0&formType=oldName&rtURL=,https://theme.archives.go.kr/viewer/common/archWebViewer.do?singleData=Y&archiveEventId=0050407764,True,0050407744,BJCA000156,0050407764,관훈동 0153,
"경기도 경성부 중부 종로2정목외16정-015[관철동,인사동,관훈동,낙원동,경운동,운니동] - 관훈동 0154",https://theme.archives.go.kr/next/acreage/viewCadastreDetail.do?typesub=Y&type=12&packid=0000508303&docid=0050407765&mngno=BJCA000156&want=0&formType=oldName&rtURL=,https://theme.archives.go.kr/viewer/common/archWebViewer.do?singleData=Y&archiveEventId=0050407765,True,0050407744,BJCA000156,0050407765,관훈동 0154,
"경기도 경성부 중부 종로2정목외16정-015[관철동,인사동,관훈동,낙원동,경운동,운니동] - 관훈동 0155",https://theme.archives.go.kr/next/acreage/viewCadastreDetail.do?typesub=Y&type=12&packid=0000508303&docid=0050576521&mngno=BJCA000156&want=0&formType=oldName&rtURL=,https://theme.archives.go.kr/viewer/common/archWebViewer.do?singleData=Y&archiveEventId=0050576521,True,0050407744,BJCA000156,0050576521,관훈동 0155,
"경기도 경성부 중부 종로2정목외16정-015[관철동,인사동,관훈동,낙원동,경운동,운니동] - 관훈동 0156",https://theme.archives.go.kr/next/acreage/viewCadastreDetail.do?typesub=Y&type=12&packid=0000508303&docid=0050407766&mngno=BJCA000156&want=0&formType=oldName&rtURL=,https://theme.archives.go.kr/viewer/common/archWebViewer.do?singleData=Y&archiveEventId=0050407766,True,0050407744,BJCA000156,0050407766,관훈동 0156,
"경기도 경성부 중부 종로2정목외16정-016[관철동,인사동,관훈동,낙원동,경운동,운니동] - 종로2정목 0001",https://theme.archives.go.kr/next/acreage/viewCadastreDetail.do?typesub=Y&type=12&packid=0000508304&docid=0014177175&mngno=BJCA000157&want=0&formType=oldName&rtURL=,https://theme.archives.go.kr/viewer/common/archWebViewer.do?singleData=Y&archiveEventId=0014177175,True,0049403347,BJCA000157,0014177175,종로2정목 0001,
"경기도 경성부 중부 종로2정목외16정-016[관철동,인사동,관훈동,낙원동,경운동,운니동] - 종로2정목 0002",https://theme.archives.go.kr/next/acreage/viewCadastreDetail.do?typesub=Y&type=12&packid=0000508304&docid=0049889145&mngno=BJCA000157&want=0&formType=oldName&rtURL=,https://theme.archives.go.kr/viewer/common/archWebViewer.do?singleData=Y&archiveEventId=0049889145,True,0049403347,BJCA000157,0049889145,종로2정목 0002,
"경기도 경성부 중부 종로2정목외16정-016[관철동,인사동,관훈동,낙원동,경운동,운니동] - 종로2정목 0003",https://theme.archives.go.kr/next/acreage/viewCadastreDetail.do?typesub=Y&type=12&packid=0000508304&docid=0049403347&mngno=BJCA000157&want=0&formType=oldName&rtURL=,https://theme.archives.go.kr/viewer/common/archWebViewer.do?singleData=Y&archiveEventId=0049403347,True,0049403347,BJCA000157,0049403347,종로2정목 0003,
"경기도 경성부 중부 종로2정목외16정-016[관철동,인사동,관훈동,낙원동,경운동,운니동] - 종로2정목 0004",https://theme.archives.go.kr/next/acreage/viewCadastreDetail.do?typesub=Y&type=12&packid=0000508304&docid=0049403348&mngno=BJCA000157&want=0&formType=oldName&rtURL=,https://theme.archives.go.kr/viewer/common/archWebViewer.do?singleData=Y&archiveEventId=0049403348,True,0049403347,BJCA000157,0049403348,종로2정목 0004,
"경기도 경성부 중부 종로2정목외16정-016[관철동,인사동,관훈동,낙원동,경운동,운니동] - 종로2정목 0005",https://theme.archives.go.kr/next/acreage/viewCadastreDetail.do?typesub=Y&type=12&packid=0000508304&docid=0049889147&mngno=BJCA000157&want=0&formType=oldName&rtURL=,https://theme.archives.go.kr/viewer/common/archWebViewer.do?singleData=Y&archiveEventId=0049889147,True,0049403347,BJCA000157,0049889147,종로2정목 0005,
"경기도 경성부 중부 종로2정목외16정-017[관철동,인사동,관훈동,낙원동,경운동,운니동] - 관철동 0219",https://theme.archives.go.kr/next/acreage/viewCadastreDetail.do?typesub=Y&type=12&packid=0000508305&docid=0014177176&mngno=BJCA000158&want=0&formType=oldName&rtURL=,https://theme.archives.go.kr/viewer/common/archWebViewer.do?singleData=Y&archiveEventId=0014177176,True,0014177176,BJCA000158,0014177176,관철동 0219,
"경기도 경성부 중부 종로2정목외16정-017[관철동,인사동,관훈동,낙원동,경운동,운니동] - 관철동 0220",https://theme.archives.go.kr/next/acreage/viewCadastreDetail.do?typesub=Y&type=12&packid=0000508305&docid=0049403349&mngno=BJCA000158&want=0&formType=oldName&rtURL=,https://theme.archives.go.kr/viewer/common/archWebViewer.do?singleData=Y&archiveEventId=0049403349,True,0014177176,BJCA000158,0049403349,관철동 0220,
"경기도 경성부 중부 종로2정목외16정-017[관철동,인사동,관훈동,낙원동,경운동,운니동] - 관철동 0221",https://theme.archives.go.kr/next/acreage/viewCadastreDetail.do?typesub=Y&type=12&packid=0000508305&docid=0049889063&mngno=BJCA000158&want=0&formType=oldName&rtURL=,https://theme.archives.go.kr/viewer/common/archWebViewer.do?singleData=Y&archiveEventId=0049889063,True,0014177176,BJCA000158,0049889063,관철동 0221,
"경기도 경성부 중부 종로2정목외16정-017[관철동,인사동,관훈동,낙원동,경운동,운니동] - 관철동 0222",https://theme.archives.go.kr/next/acreage/viewCadastreDetail.do?typesub=Y&type=12&packid=0000508305&docid=0049403350&mngno=BJCA000158&want=0&formType=oldName&rtURL=,https://theme.archives.go.kr/viewer/common/archWebViewer.do?singleData=Y&archiveEventId=0049403350,True,0014177176,BJCA000158,0049403350,관철동 0222,
"경기도 경성부 중부 종로2정목외16정-017[관철동,인사동,관훈동,낙원동,경운동,운니동] - 관철동 0223",https://theme.archives.go.kr/next/acreage/viewCadastreDetail.do?typesub=Y&type=12&packid=0000508305&docid=0049403351&mngno=BJCA000158&want=0&formType=oldName&rtURL=,https://theme.archives.go.kr/viewer/common/archWebViewer.do?singleData=Y&archiveEventId=0049403351,True,0014177176,BJCA000158,0049403351,관철동 0223,
"경기도 경성부 중부 종로2정목외16정-017[관철동,인사동,관훈동,낙원동,경운동,운니동] - 관철동 0224",https://theme.archives.go.kr/next/acreage/viewCadastreDetail.do?typesub=Y&type=12&packid=0000508305&docid=0049889065&mngno=BJCA000158&want=0&formType=oldName&rtURL=,https://theme.archives.go.kr/viewer/common/archWebViewer.do?singleData=Y&archiveEventId=0049889065,True,0014177176,BJCA000158,0049889065,관철동 0224,
"경기도 경성부 중부 종로2정목외16정-017[관철동,인사동,관훈동,낙원동,경운동,운니동] - 관철동 0225",https://theme.archives.go.kr/next/acreage/viewCadastreDetail.do?typesub=Y&type=12&packid=0000508305&docid=0049403352&mngno=BJCA000158&want=0&formType=oldName&rtURL=,https://theme.archives.go.kr/viewer/common/archWebViewer.do?singleData=Y&archiveEventId=0049403352,True,0014177176,BJCA000158,0049403352,관철동 0225,
"경기도 경성부 중부 종로2정목외16정-017[관철동,인사동,관훈동,낙원동,경운동,운니동] - 관철동 0226",https://theme.archives.go.kr/next/acreage/viewCadastreDetail.do?typesub=Y&type=12&packid=0000508305&docid=0049403354&mngno=BJCA000158&want=0&formType=oldName&rtURL=,https://theme.archives.go.kr/viewer/common/archWebViewer.do?singleData=Y&archiveEventId=0049403354,True,0014177176,BJCA000158,0049403354,관철동 0226,
"경기도 경성부 중부 종로2정목외16정-017[관철동,인사동,관훈동,낙원동,경운동,운니동] - 관철동 0256",https://theme.archives.go.kr/next/acreage/viewCadastreDetail.do?typesub=Y&type=12&packid=0000508305&docid=0049889067&mngno=BJCA000158&want=0&formType=oldName&rtURL=,https://theme.archives.go.kr/viewer/common/archWebViewer.do?singleData=Y&archiveEventId=0049889067,True,0014177176,BJCA000158,0049889067,관철동 0256,
"경기도 경성부 중부 종로2정목외16정-017[관철동,인사동,관훈동,낙원동,경운동,운니동] - 관철동 0257",https://theme.archives.go.kr/next/acreage/viewCadastreDetail.do?typesub=Y&type=12&packid=0000508305&docid=0049403355&mngno=BJCA000158&want=0&formType=oldName&rtURL=,https://theme.archives.go.kr/viewer/common/archWebViewer.do?singleData=Y&archiveEventId=0049403355,True,0014177176,BJCA000158,0049403355,관철동 0257,
"경기도 경성부 중부 종로2정목외16정-017[관철동,인사동,관훈동,낙원동,경운동,운니동] - 관철동 0258",https://theme.archives.go.kr/next/acreage/viewCadastreDetail.do?typesub=Y&type=12&packid=0000508305&docid=0049403356&mngno=BJCA000158&want=0&formType=oldName&rtURL=,https://theme.archives.go.kr/viewer/common/archWebViewer.do?singleData=Y&archiveEventId=0049403356,True,0014177176,BJCA000158,0049403356,관철동 0258,
"경기도 경성부 중부 종로2정목외16정-017[관철동,인사동,관훈동,낙원동,경운동,운니동] - 관철동 0259",https://theme.archives.go.kr/next/acreage/viewCadastreDetail.do?typesub=Y&type=12&packid=0000508305&docid=0049889069&mngno=BJCA000158&want=0&formType=oldName&rtURL=,https://theme.archives.go.kr/viewer/common/archWebViewer.do?singleData=Y&archiveEventId=0049889069,True,0014177176,BJCA000158,0049889069,관철동 0259,
"경기도 경성부 중부 종로2정목외16정-017[관철동,인사동,관훈동,낙원동,경운동,운니동] - 관철동 0260",https://theme.archives.go.kr/next/acreage/viewCadastreDetail.do?typesub=Y&type=12&packid=0000508305&docid=0049403357&mngno=BJCA000158&want=0&formType=oldName&rtURL=,https://theme.archives.go.kr/viewer/common/archWebViewer.do?singleData=Y&archiveEventId=0049403357,True,0014177176,BJCA000158,0049403357,관철동 0260,
"경기도 경성부 중부 종로2정목외16정-017[관철동,인사동,관훈동,낙원동,경운동,운니동] - 관철동 0261",https://theme.archives.go.kr/next/acreage/viewCadastreDetail.do?typesub=Y&type=12&packid=0000508305&docid=0049403358&mngno=BJCA000158&want=0&formType=oldName&rtURL=,https://theme.archives.go.kr/viewer/common/archWebViewer.do?singleData=Y&archiveEventId=0049403358,True,0014177176,BJCA000158,0049403358,관철동 0261,
"경기도 경성부 중부 종로2정목외16정-017[관철동,인사동,관훈동,낙원동,경운동,운니동] - 관철동 0262",https://theme.archives.go.kr/next/acreage/viewCadastreDetail.do?typesub=Y&type=12&packid=0000508305&docid=0049889071&mngno=BJCA000158&want=0&formType=oldName&rtURL=,https://theme.archives.go.kr/viewer/common/archWebViewer.do?singleData=Y&archiveEventId=0049889071,True,0014177176,BJCA000158,0049889071,관철동 0262,
"경기도 경성부 중부 종로2정목외16정-017[관철동,인사동,관훈동,낙원동,경운동,운니동] - 관철동 0263",https://theme.archives.go.kr/next/acreage/viewCadastreDetail.do?typesub=Y&type=12&packid=0000508305&docid=0049403359&mngno=BJCA000158&want=0&formType=oldName&rtURL=,https://theme.archives.go.kr/viewer/common/archWebViewer.do?singleData=Y&archiveEventId=0049403359,True,0014177176,BJCA000158,0049403359,관철동 0263,
"경기도 경성부 중부 종로2정목외16정-017[관철동,인사동,관훈동,낙원동,경운동,운니동] - 관철동 0264",https://theme.archives.go.kr/next/acreage/viewCadastreDetail.do?typesub=Y&type=12&packid=0000508305&docid=0049403360&mngno=BJCA000158&want=0&formType=oldName&rtURL=,https://theme.archives.go.kr/viewer/common/archWebViewer.do?singleData=Y&archiveEventId=0049403360,True,0014177176,BJCA000158,0049403360,관철동 0264,
"경기도 경성부 중부 종로2정목외16정-017[관철동,인사동,관훈동,낙원동,경운동,운니동] - 관철동 0265",https://theme.archives.go.kr/next/acreage/viewCadastreDetail.do?typesub=Y&type=12&packid=0000508305&docid=0049889073&mngno=BJCA000158&want=0&formType=oldName&rtURL=,https://theme.archives.go.kr/viewer/common/archWebViewer.do?singleData=Y&archiveEventId=0049889073,True,0014177176,BJCA000158,0049889073,관철동 0265,
"경기도 경성부 중부 종로2정목외16정-017[관철동,인사동,관훈동,낙원동,경운동,운니동] - 관철동 0266",https://theme.archives.go.kr/next/acreage/viewCadastreDetail.do?typesub=Y&type=12&packid=0000508305&docid=0049403361&mngno=BJCA000158&want=0&formType=oldName&rtURL=,https://theme.archives.go.kr/viewer/common/archWebViewer.do?singleData=Y&archiveEventId=0049403361,True,0014177176,BJCA000158,0049403361,관철동 0266,
"경기도 경성부 중부 종로2정목외16정-017[관철동,인사동,관훈동,낙원동,경운동,운니동] - 관철동 0267",https://theme.archives.go.kr/next/acreage/viewCadastreDetail.do?typesub=Y&type=12&packid=0000508305&docid=0049403362&mngno=BJCA000158&want=0&formType=oldName&rtURL=,https://theme.archives.go.kr/viewer/common/archWebViewer.do?singleData=Y&archiveEventId=0049403362,True,0014177176,BJCA000158,0049403362,관철동 0267,
"경기도 경성부 중부 종로2정목외16정-017[관철동,인사동,관훈동,낙원동,경운동,운니동] - 관철동 0268",https://theme.archives.go.kr/next/acreage/viewCadastreDetail.do?typesub=Y&type=12&packid=0000508305&docid=0049889149&mngno=BJCA000158&want=0&formType=oldName&rtURL=,https://theme.archives.go.kr/viewer/common/archWebViewer.do?singleData=Y&archiveEventId=0049889149,True,0014177176,BJCA000158,0049889149,관철동 0268,
"경기도 경성부 중부 종로2정목외16정-017[관철동,인사동,관훈동,낙원동,경운동,운니동] - 관철동 0269",https://theme.archives.go.kr/next/acreage/viewCadastreDetail.do?typesub=Y&type=12&packid=0000508305&docid=0049889075&mngno=BJCA000158&want=0&formType=oldName&rtURL=,https://theme.archives.go.kr/viewer/common/archWebViewer.do?singleData=Y&archiveEventId=0049889075,True,0014177176,BJCA000158,0049889075,관철동 0269,
"경기도 경성부 중부 종로2정목외16정-017[관철동,인사동,관훈동,낙원동,경운동,운니동] - 관철동 0270",https://theme.archives.go.kr/next/acreage/viewCadastreDetail.do?typesub=Y&type=12&packid=0000508305&docid=0049403363&mngno=BJCA000158&want=0&formType=oldName&rtURL=,https://theme.archives.go.kr/viewer/common/archWebViewer.do?singleData=Y&archiveEventId=0049403363,True,0014177176,BJCA000158,0049403363,관철동 0270,
"경기도 경성부 중부 종로2정목외16정-017[관철동,인사동,관훈동,낙원동,경운동,운니동] - 관철동 0271",https://theme.archives.go.kr/next/acreage/viewCadastreDetail.do?typesub=Y&type=12&packid=0000508305&docid=0049403364&mngno=BJCA000158&want=0&formType=oldName&rtURL=,https://theme.archives.go.kr/viewer/common/archWebViewer.do?singleData=Y&archiveEventId=0049403364,True,0014177176,BJCA000158,0049403364,관철동 0271,
"경기도 경성부 중부 종로2정목외16정-017[관철동,인사동,관훈동,낙원동,경운동,운니동] - 관철동 0272",https://theme.archives.go.kr/next/acreage/viewCadastreDetail.do?typesub=Y&type=12&packid=0000508305&docid=0049889077&mngno=BJCA000158&want=0&formType=oldName&rtURL=,https://theme.archives.go.kr/viewer/common/archWebViewer.do?singleData=Y&archiveEventId=0049889077,True,0014177176,BJCA000158,0049889077,관철동 0272,
"경기도 경성부 중부 종로2정목외16정-017[관철동,인사동,관훈동,낙원동,경운동,운니동] - 관철동 0273",https://theme.archives.go.kr/next/acreage/viewCadastreDetail.do?typesub=Y&type=12&packid=0000508305&docid=0049403365&mngno=BJCA000158&want=0&formType=oldName&rtURL=,https://theme.archives.go.kr/viewer/common/archWebViewer.do?singleData=Y&archiveEventId=0049403365,True,0014177176,BJCA000158,0049403365,관철동 0273,
"경기도 경성부 중부 종로2정목외16정-017[관철동,인사동,관훈동,낙원동,경운동,운니동] - 관철동 0274",https://theme.archives.go.kr/next/acreage/viewCadastreDetail.do?typesub=Y&type=12&packid=0000508305&docid=0049403366&mngno=BJCA000158&want=0&formType=oldName&rtURL=,https://theme.archives.go.kr/viewer/common/archWebViewer.do?singleData=Y&archiveEventId=0049403366,True,0014177176,BJCA000158,0049403366,관철동 0274,
"경기도 경성부 중부 종로2정목외16정-017[관철동,인사동,관훈동,낙원동,경운동,운니동] - 관철동 0275",https://theme.archives.go.kr/next/acreage/viewCadastreDetail.do?typesub=Y&type=12&packid=0000508305&docid=0049889079&mngno=BJCA000158&want=0&formType=oldName&rtURL=,https://theme.archives.go.kr/viewer/common/archWebViewer.do?singleData=Y&archiveEventId=0049889079,True,0014177176,BJCA000158,0049889079,관철동 0275,
"경기도 경성부 중부 종로2정목외16정-017[관철동,인사동,관훈동,낙원동,경운동,운니동] - 관철동 0276",https://theme.archives.go.kr/next/acreage/viewCadastreDetail.do?typesub=Y&type=12&packid=0000508305&docid=0049403367&mngno=BJCA000158&want=0&formType=oldName&rtURL=,https://theme.archives.go.kr/viewer/common/archWebViewer.do?singleData=Y&archiveEventId=0049403367,True,0014177176,BJCA000158,0049403367,관철동 0276,
"경기도 경성부 중부 종로2정목외16정-017[관철동,인사동,관훈동,낙원동,경운동,운니동] - 관철동 0277",https://theme.archives.go.kr/next/acreage/viewCadastreDetail.do?typesub=Y&type=12&packid=0000508305&docid=0049403368&mngno=BJCA000158&want=0&formType=oldName&rtURL=,https://theme.archives.go.kr/viewer/common/archWebViewer.do?singleData=Y&archiveEventId=0049403368,True,0014177176,BJCA000158,0049403368,관철동 0277,
"경기도 경성부 중부 종로2정목외16정-017[관철동,인사동,관훈동,낙원동,경운동,운니동] - 관철동 0278",https://theme.archives.go.kr/next/acreage/viewCadastreDetail.do?typesub=Y&type=12&packid=0000508305&docid=0049403369&mngno=BJCA000158&want=0&formType=oldName&rtURL=,https://theme.archives.go.kr/viewer/common/archWebViewer.do?singleData=Y&archiveEventId=0049403369,True,0014177176,BJCA000158,0049403369,관철동 0278,
"경기도 경성부 중부 종로2정목외16정-017[관철동,인사동,관훈동,낙원동,경운동,운니동] - 관철동 0279",https://theme.archives.go.kr/next/acreage/viewCadastreDetail.do?typesub=Y&type=12&packid=0000508305&docid=0049889081&mngno=BJCA000158&want=0&formType=oldName&rtURL=,https://theme.archives.go.kr/viewer/common/archWebViewer.do?singleData=Y&archiveEventId=0049889081,True,0014177176,BJCA000158,0049889081,관철동 0279,
"경기도 경성부 중부 종로2정목외16정-017[관철동,인사동,관훈동,낙원동,경운동,운니동] - 관철동 0280",https://theme.archives.go.kr/next/acreage/viewCadastreDetail.do?typesub=Y&type=12&packid=0000508305&docid=0049403370&mngno=BJCA000158&want=0&formType=oldName&rtURL=,https://theme.archives.go.kr/viewer/common/archWebViewer.do?singleData=Y&archiveEventId=0049403370,True,0014177176,BJCA000158,0049403370,관철동 0280,
"경기도 경성부 중부 종로2정목외16정-017[관철동,인사동,관훈동,낙원동,경운동,운니동] - 관철동 0281",https://theme.archives.go.kr/next/acreage/viewCadastreDetail.do?typesub=Y&type=12&packid=0000508305&docid=0049403371&mngno=BJCA000158&want=0&formType=oldName&rtURL=,https://theme.archives.go.kr/viewer/common/archWebViewer.do?singleData=Y&archiveEventId=0049403371,True,0014177176,BJCA000158,0049403371,관철동 0281,
"경기도 경성부 중부 종로2정목외16정-017[관철동,인사동,관훈동,낙원동,경운동,운니동] - 관철동 0282",https://theme.archives.go.kr/next/acreage/viewCadastreDetail.do?typesub=Y&type=12&packid=0000508305&docid=0049889083&mngno=BJCA000158&want=0&formType=oldName&rtURL=,https://theme.archives.go.kr/viewer/common/archWebViewer.do?singleData=Y&archiveEventId=0049889083,True,0014177176,BJCA000158,0049889083,관철동 0282,
"경기도 경성부 중부 종로2정목외16정-017[관철동,인사동,관훈동,낙원동,경운동,운니동] - 관철동 0283",https://theme.archives.go.kr/next/acreage/viewCadastreDetail.do?typesub=Y&type=12&packid=0000508305&docid=0049889151&mngno=BJCA000158&want=0&formType=oldName&rtURL=,https://theme.archives.go.kr/viewer/common/archWebViewer.do?singleData=Y&archiveEventId=0049889151,True,0014177176,BJCA000158,0049889151,관철동 0283,
"경기도 경성부 중부 종로2정목외16정-017[관철동,인사동,관훈동,낙원동,경운동,운니동] - 관철동 0284",https://theme.archives.go.kr/next/acreage/viewCadastreDetail.do?typesub=Y&type=12&packid=0000508305&docid=0049403372&mngno=BJCA000158&want=0&formType=oldName&rtURL=,https://theme.archives.go.kr/viewer/common/archWebViewer.do?singleData=Y&archiveEventId=0049403372,True,0014177176,BJCA000158,0049403372,관철동 0284,
"경기도 경성부 중부 종로2정목외16정-017[관철동,인사동,관훈동,낙원동,경운동,운니동] - 관철동 0285",https://theme.archives.go.kr/next/acreage/viewCadastreDetail.do?typesub=Y&type=12&packid=0000508305&docid=0049403373&mngno=BJCA000158&want=0&formType=oldName&rtURL=,https://theme.archives.go.kr/viewer/common/archWebViewer.do?singleData=Y&archiveEventId=0049403373,True,0014177176,BJCA000158,0049403373,관철동 0285,
"경기도 경성부 중부 종로2정목외16정-017[관철동,인사동,관훈동,낙원동,경운동,운니동] - 관철동 0286",https://theme.archives.go.kr/next/acreage/viewCadastreDetail.do?typesub=Y&type=12&packid=0000508305&docid=0049403374&mngno=BJCA000158&want=0&formType=oldName&rtURL=,https://theme.archives.go.kr/viewer/common/archWebViewer.do?singleData=Y&archiveEventId=0049403374,True,0014177176,BJCA000158,0049403374,관철동 0286,
"경기도 경성부 중부 종로2정목외16정-017[관철동,인사동,관훈동,낙원동,경운동,운니동] - 종로2정목 0100",https://theme.archives.go.kr/next/acreage/viewCadastreDetail.do?typesub=Y&type=12&packid=0000508305&docid=0049889085&mngno=BJCA000158&want=0&formType=oldName&rtURL=,https://theme.archives.go.kr/viewer/common/archWebViewer.do?singleData=Y&archiveEventId=0049889085,True,0014177176,BJCA000158,0049889085,종로2정목 0100,
"경기도 경성부 중부 종로2정목외16정-017[관철동,인사동,관훈동,낙원동,경운동,운니동] - 종로2정목 0101",https://theme.archives.go.kr/next/acreage/viewCadastreDetail.do?typesub=Y&type=12&packid=0000508305&docid=0049403375&mngno=BJCA000158&want=0&formType=oldName&rtURL=,https://theme.archives.go.kr/viewer/common/archWebViewer.do?singleData=Y&archiveEventId=0049403375,True,0014177176,BJCA000158,0049403375,종로2정목 0101,
"경기도 경성부 중부 종로2정목외16정-017[관철동,인사동,관훈동,낙원동,경운동,운니동] - 종로2정목 0102",https://theme.archives.go.kr/next/acreage/viewCadastreDetail.do?typesub=Y&type=12&packid=0000508305&docid=0049403376&mngno=BJCA000158&want=0&formType=oldName&rtURL=,https://theme.archives.go.kr/viewer/common/archWebViewer.do?singleData=Y&archiveEventId=0049403376,True,0014177176,BJCA000158,0049403376,종로2정목 0102,
"경기도 경성부 중부 종로2정목외16정-018[관철동,인사동,관훈동,낙원동,경운동,운니동][축척 300/1] - 인사동 0077",https://theme.archives.go.kr/next/acreage/viewCadastreDetail.do?typesub=Y&type=12&packid=0000508306&docid=0014177177&mngno=BJCA000159&want=0&formType=oldName&rtURL=,https://theme.archives.go.kr/viewer/common/archWebViewer.do?singleData=Y&archiveEventId=0014177177,True,0014177177,BJCA000159,0014177177,인사동 0077,
"경기도 경성부 중부 종로2정목외16정-019[관철동,인사동,관훈동,낙원동,경운동,운니동][축척 300/1] - 종로2정목 0079",https://theme.archives.go.kr/next/acreage/viewCadastreDetail.do?typesub=Y&type=12&packid=0000508307&docid=0014177178&mngno=BJCA000160&want=0&formType=oldName&rtURL=,https://theme.archives.go.kr/viewer/common/archWebViewer.do?singleData=Y&archiveEventId=0014177178,True,0014177178,BJCA000160,0014177178,종로2정목 0079,
"경기도 경성부 중부 종로2정목외16정-020[관철동,인사동,관훈동,낙원동,경운동,운니동][축척 300/1] - 관철동 0250",https://theme.archives.go.kr/next/acreage/viewCadastreDetail.do?typesub=Y&type=12&packid=0000508308&docid=0014177179&mngno=BJCA000161&want=0&formType=oldName&rtURL=,https://theme.archives.go.kr/viewer/common/archWebViewer.do?singleData=Y&archiveEventId=0014177179,True,0014177179,BJCA000161,0014177179,관철동 0250,
"경기도 경성부 중부 종로2정목외16정-020[관철동,인사동,관훈동,낙원동,경운동,운니동][축척 300/1] - 종로2정목 0093",https://theme.archives.go.kr/next/acreage/viewCadastreDetail.do?typesub=Y&type=12&packid=0000508308&docid=0050407767&mngno=BJCA000161&want=0&formType=oldName&rtURL=,https://theme.archives.go.kr/viewer/common/archWebViewer.do?singleData=Y&archiveEventId=0050407767,True,0014177179,BJCA000161,0050407767,종로2정목 0093,
"경기도 경성부 중부 종로2정목외16정-021[관철동,인사동,관훈동,낙원동,경운동,운니동][축척 300/1] - 관철동 0267",https://theme.archives.go.kr/next/acreage/viewCadastreDetail.do?typesub=Y&type=12&packid=0000508309&docid=0014177180&mngno=BJCA000162&want=0&formType=oldName&rtURL=,https://theme.archives.go.kr/viewer/common/archWebViewer.do?singleData=Y&archiveEventId=0014177180,True,0014177180,BJCA000162,0014177180,관철동 0267,
"경기도 경성부 중부 종로2정목외16정-021[관철동,인사동,관훈동,낙원동,경운동,운니동][축척 300/1] - 관철동 0268",https://theme.archives.go.kr/next/acreage/viewCadastreDetail.do?typesub=Y&type=12&packid=0000508309&docid=0050576523&mngno=BJCA000162&want=0&formType=oldName&rtURL=,https://theme.archives.go.kr/viewer/common/archWebViewer.do?singleData=Y&archiveEventId=0050576523,True,0014177180,BJCA000162,0050576523,관철동 0268,
"경기도 경성부 중부 종로2정목외16정-021[관철동,인사동,관훈동,낙원동,경운동,운니동][축척 300/1] - 관철동 0269",https://theme.archives.go.kr/next/acreage/viewCadastreDetail.do?typesub=Y&type=12&packid=0000508309&docid=0050407768&mngno=BJCA000162&want=0&formType=oldName&rtURL=,https://theme.archives.go.kr/viewer/common/archWebViewer.do?singleData=Y&archiveEventId=0050407768,True,0014177180,BJCA000162,0050407768,관철동 0269,
"경기도 경성부 중부 종로2정목외16정-021[관철동,인사동,관훈동,낙원동,경운동,운니동][축척 300/1] - 관철동 0271",https://theme.archives.go.kr/next/acreage/viewCadastreDetail.do?typesub=Y&type=12&packid=0000508309&docid=0050407769&mngno=BJCA000162&want=0&formType=oldName&rtURL=,https://theme.archives.go.kr/viewer/common/archWebViewer.do?singleData=Y&archiveEventId=0050407769,True,0014177180,BJCA000162,0050407769,관철동 0271,
"경기도 경성부 중부 종로2정목외16정-021[관철동,인사동,관훈동,낙원동,경운동,운니동][축척 300/1] - 관철동 0272",https://theme.archives.go.kr/next/acreage/viewCadastreDetail.do?typesub=Y&type=12&packid=0000508309&docid=0050407770&mngno=BJCA000162&want=0&formType=oldName&rtURL=,https://theme.archives.go.kr/viewer/common/archWebViewer.do?singleData=Y&archiveEventId=0050407770,True,0014177180,BJCA000162,0050407770,관철동 0272,
"경기도 경성부 중부 종로2정목외16정-021[관철동,인사동,관훈동,낙원동,경운동,운니동][축척 300/1] - 관철동 0273",https://theme.archives.go.kr/next/acreage/viewCadastreDetail.do?typesub=Y&type=12&packid=0000508309&docid=0050576524&mngno=BJCA000162&want=0&formType=oldName&rtURL=,https://theme.archives.go.kr/viewer/common/archWebViewer.do?singleData=Y&archiveEventId=0050576524,True,0014177180,BJCA000162,0050576524,관철동 0273,
"경기도 경성부 중부 종로2정목외16정-021[관철동,인사동,관훈동,낙원동,경운동,운니동][축척 300/1] - 관철동 0274",https://theme.archives.go.kr/next/acreage/viewCadastreDetail.do?typesub=Y&type=12&packid=0000508309&docid=0050480140&mngno=BJCA000162&want=0&formType=oldName&rtURL=,https://theme.archives.go.kr/viewer/common/archWebViewer.do?singleData=Y&archiveEventId=0050480140,True,0014177180,BJCA000162,0050480140,관철동 0274,
"경기도 경성부 중부 종로2정목외16정-021[관철동,인사동,관훈동,낙원동,경운동,운니동][축척 300/1] - 관철동 0275",https://theme.archives.go.kr/next/acreage/viewCadastreDetail.do?typesub=Y&type=12&packid=0000508309&docid=0050407771&mngno=BJCA000162&want=0&formType=oldName&rtURL=,https://theme.archives.go.kr/viewer/common/archWebViewer.do?singleData=Y&archiveEventId=0050407771,True,0014177180,BJCA000162,0050407771,관철동 0275,
"경기도 경성부 중부 종로2정목외16정-021[관철동,인사동,관훈동,낙원동,경운동,운니동][축척 300/1] - 관철동 0276",https://theme.archives.go.kr/next/acreage/viewCadastreDetail.do?typesub=Y&type=12&packid=0000508309&docid=0050576525&mngno=BJCA000162&want=0&formType=oldName&rtURL=,https://theme.archives.go.kr/viewer/common/archWebViewer.do?singleData=Y&archiveEventId=0050576525,True,0014177180,BJCA000162,0050576525,관철동 0276,
"경기도 경성부 중부 종로2정목외16정-021[관철동,인사동,관훈동,낙원동,경운동,운니동][축척 300/1] - 관철동 0277",https://theme.archives.go.kr/next/acreage/viewCadastreDetail.do?typesub=Y&type=12&packid=0000508309&docid=0050407772&mngno=BJCA000162&want=0&formType=oldName&rtURL=,https://theme.archives.go.kr/viewer/common/archWebViewer.do?singleData=Y&archiveEventId=0050407772,True,0014177180,BJCA000162,0050407772,관철동 0277,
"경기도 경성부 중부 종로2정목외16정-021[관철동,인사동,관훈동,낙원동,경운동,운니동][축척 300/1] - 관철동 0278",https://theme.archives.go.kr/next/acreage/viewCadastreDetail.do?typesub=Y&type=12&packid=0000508309&docid=0050407773&mngno=BJCA000162&want=0&formType=oldName&rtURL=,https://theme.archives.go.kr/viewer/common/archWebViewer.do?singleData=Y&archiveEventId=0050407773,True,0014177180,BJCA000162,0050407773,관철동 0278,
"경기도 경성부 중부 종로2정목외16정-021[관철동,인사동,관훈동,낙원동,경운동,운니동][축척 300/1] - 관철동 0279",https://theme.archives.go.kr/next/acreage/viewCadastreDetail.do?typesub=Y&type=12&packid=0000508309&docid=0050576526&mngno=BJCA000162&want=0&formType=oldName&rtURL=,https://theme.archives.go.kr/viewer/common/archWebViewer.do?singleData=Y&archiveEventId=0050576526,True,0014177180,BJCA000162,0050576526,관철동 0279,
"경기도 경성부 중부 종로2정목외16정-021[관철동,인사동,관훈동,낙원동,경운동,운니동][축척 300/1] - 관철동 0281",https://theme.archives.go.kr/next/acreage/viewCadastreDetail.do?typesub=Y&type=12&packid=0000508309&docid=0050407774&mngno=BJCA000162&want=0&formType=oldName&rtURL=,https://theme.archives.go.kr/viewer/common/archWebViewer.do?singleData=Y&archiveEventId=0050407774,True,0014177180,BJCA000162,0050407774,관철동 0281,
"경기도 경성부 중부 종로2정목외16정-021[관철동,인사동,관훈동,낙원동,경운동,운니동][축척 300/1] - 관철동 0283",https://theme.archives.go.kr/next/acreage/viewCadastreDetail.do?typesub=Y&type=12&packid=0000508309&docid=0050576522&mngno=BJCA000162&want=0&formType=oldName&rtURL=,https://theme.archives.go.kr/viewer/common/archWebViewer.do?singleData=Y&archiveEventId=0050576522,True,0014177180,BJCA000162,0050576522,관철동 0283,
"경기도 경성부 중부 종로2정목외16정-021[관철동,인사동,관훈동,낙원동,경운동,운니동][축척 300/1] - 관철동 0285",https://theme.archives.go.kr/next/acreage/viewCadastreDetail.do?typesub=Y&type=12&packid=0000508309&docid=0050407775&mngno=BJCA000162&want=0&formType=oldName&rtURL=,https://theme.archives.go.kr/viewer/common/archWebViewer.do?singleData=Y&archiveEventId=0050407775,True,0014177180,BJCA000162,0050407775,관철동 0285,
"경기도 경성부 중부 종로2정목외16정-021[관철동,인사동,관훈동,낙원동,경운동,운니동][축척 300/1] - 관철동 0286",https://theme.archives.go.kr/next/acreage/viewCadastreDetail.do?typesub=Y&type=12&packid=0000508309&docid=0050576527&mngno=BJCA000162&want=0&formType=oldName&rtURL=,https://theme.archives.go.kr/viewer/common/archWebViewer.do?singleData=Y&archiveEventId=0050576527,True,0014177180,BJCA000162,0050576527,관철동 0286,
"경기도 경성부 중부 종로2정목외16정-0[관철동,인사동,관훈동,낙원동,경운동,운니동] - 경기도 경성부 중부 종로2정목외16정-0",https://theme.archives.go.kr/next/acreage/viewCadastreDetail.do?typesub=Y&type=12&packid=0000508328&docid=0014177159&mngno=BJCA000141&want=0&formType=oldName&rtURL=,https://theme.archives.go.kr/viewer/common/archWebViewer.do?singleData=Y&archiveEventId=0014177159,True,0014177159,BJCA000141,0014177159,경기도 경성부 중부 종로2정목외16정-0,
