category,production_year,source_id,label,filename,glb_url,source_page,historical_period,production_method,download_status,asset_license
복식,2022,공주의_면사,공주의 면사,3D-공주의_면사.glb,https://dh.aks.ac.kr/hanyang2/glb/2022/복식/3D-공주의_면사.glb,https://dh.aks.ac.kr/hanyang2/wiki/index.php/2022_3D%EB%AA%A8%EB%8D%B8%EB%A7%81-%EB%B3%B5%EC%8B%9D,미검토,미검토,목록만 확보,개별 파일 조건 미확인
복식,2022,청의-생원진사_방방복식,청의-생원진사 방방복식,3D-청의-생원진사_방방복식.glb,https://dh.aks.ac.kr/hanyang2/glb/2022/복식/3D-청의-생원진사_방방복식.glb,https://dh.aks.ac.kr/hanyang2/wiki/index.php/2022_3D%EB%AA%A8%EB%8D%B8%EB%A7%81-%EB%B3%B5%EC%8B%9D,미검토,미검토,목록만 확보,개별 파일 조건 미확인
복식,2022,17세기_단령-백한흉배,17세기 단령-백한흉배,3D-17세기_단령-백한흉배.glb,https://dh.aks.ac.kr/hanyang2/glb/2022/복식/3D-17세기_단령-백한흉배.glb,https://dh.aks.ac.kr/hanyang2/wiki/index.php/2022_3D%EB%AA%A8%EB%8D%B8%EB%A7%81-%EB%B3%B5%EC%8B%9D,미검토,미검토,목록만 확보,개별 파일 조건 미확인
복식,2022,18세기_왕의_곤룡포,18세기 왕의 곤룡포,3D-18세기_왕의_곤룡포.glb,https://dh.aks.ac.kr/hanyang2/glb/2022/복식/3D-18세기_왕의_곤룡포.glb,https://dh.aks.ac.kr/hanyang2/wiki/index.php/2022_3D%EB%AA%A8%EB%8D%B8%EB%A7%81-%EB%B3%B5%EC%8B%9D,미검토,미검토,목록만 확보,개별 파일 조건 미확인
복식,2022,18세기_왕세자_곤룡포,18세기 왕세자 곤룡포,3D-18세기_왕세자_곤룡포.glb,https://dh.aks.ac.kr/hanyang2/glb/2022/복식/3D-18세기_왕세자_곤룡포.glb,https://dh.aks.ac.kr/hanyang2/wiki/index.php/2022_3D%EB%AA%A8%EB%8D%B8%EB%A7%81-%EB%B3%B5%EC%8B%9D,미검토,미검토,목록만 확보,개별 파일 조건 미확인
복식,2022,원자_곤룡포,원자 곤룡포,3D-원자_곤룡포.glb,https://dh.aks.ac.kr/hanyang2/glb/2022/복식/3D-원자_곤룡포.glb,https://dh.aks.ac.kr/hanyang2/wiki/index.php/2022_3D%EB%AA%A8%EB%8D%B8%EB%A7%81-%EB%B3%B5%EC%8B%9D,미검토,미검토,목록만 확보,개별 파일 조건 미확인
복식,2022,18세기_단령-백한흉배,18세기 단령-백한흉배,3D-18세기_단령-백한흉배.glb,https://dh.aks.ac.kr/hanyang2/glb/2022/복식/3D-18세기_단령-백한흉배.glb,https://dh.aks.ac.kr/hanyang2/wiki/index.php/2022_3D%EB%AA%A8%EB%8D%B8%EB%A7%81-%EB%B3%B5%EC%8B%9D,미검토,미검토,목록만 확보,개별 파일 조건 미확인
복식,2022,18세기_단령-운학흉배,18세기 단령-운학흉배,3D-18세기_단령-운학흉배.glb,https://dh.aks.ac.kr/hanyang2/glb/2022/복식/3D-18세기_단령-운학흉배.glb,https://dh.aks.ac.kr/hanyang2/wiki/index.php/2022_3D%EB%AA%A8%EB%8D%B8%EB%A7%81-%EB%B3%B5%EC%8B%9D,미검토,미검토,목록만 확보,개별 파일 조건 미확인
복식,2022,난삼,난삼,3D-난삼.glb,https://dh.aks.ac.kr/hanyang2/glb/2022/복식/3D-난삼.glb,https://dh.aks.ac.kr/hanyang2/wiki/index.php/2022_3D%EB%AA%A8%EB%8D%B8%EB%A7%81-%EB%B3%B5%EC%8B%9D,미검토,미검토,목록만 확보,개별 파일 조건 미확인
복식,2022,심의,심의,3D-심의.glb,https://dh.aks.ac.kr/hanyang2/glb/2022/복식/3D-심의.glb,https://dh.aks.ac.kr/hanyang2/wiki/index.php/2022_3D%EB%AA%A8%EB%8D%B8%EB%A7%81-%EB%B3%B5%EC%8B%9D,미검토,미검토,목록만 확보,개별 파일 조건 미확인
복식,2022,심의대,심의대,3D-심의대.glb,https://dh.aks.ac.kr/hanyang2/glb/2022/복식/3D-심의대.glb,https://dh.aks.ac.kr/hanyang2/wiki/index.php/2022_3D%EB%AA%A8%EB%8D%B8%EB%A7%81-%EB%B3%B5%EC%8B%9D,미검토,미검토,목록만 확보,개별 파일 조건 미확인
복식,2022,방령심의,방령심의,3D-방령심의.glb,https://dh.aks.ac.kr/hanyang2/glb/2022/복식/3D-방령심의.glb,https://dh.aks.ac.kr/hanyang2/wiki/index.php/2022_3D%EB%AA%A8%EB%8D%B8%EB%A7%81-%EB%B3%B5%EC%8B%9D,미검토,미검토,목록만 확보,개별 파일 조건 미확인
복식,2022,16세기_노의,16세기 노의,3D-16세기_노의.glb,https://dh.aks.ac.kr/hanyang2/glb/2022/복식/3D-16세기_노의.glb,https://dh.aks.ac.kr/hanyang2/wiki/index.php/2022_3D%EB%AA%A8%EB%8D%B8%EB%A7%81-%EB%B3%B5%EC%8B%9D,미검토,미검토,목록만 확보,개별 파일 조건 미확인
복식,2022,17세기_왕비의_노의,17세기 왕비의 노의,3D-17세기_왕비의_노의.glb,https://dh.aks.ac.kr/hanyang2/glb/2022/복식/3D-17세기_왕비의_노의.glb,https://dh.aks.ac.kr/hanyang2/wiki/index.php/2022_3D%EB%AA%A8%EB%8D%B8%EB%A7%81-%EB%B3%B5%EC%8B%9D,미검토,미검토,목록만 확보,개별 파일 조건 미확인
복식,2022,18세기_원삼,18세기 원삼,3D-18세기_원삼.glb,https://dh.aks.ac.kr/hanyang2/glb/2022/복식/3D-18세기_원삼.glb,https://dh.aks.ac.kr/hanyang2/wiki/index.php/2022_3D%EB%AA%A8%EB%8D%B8%EB%A7%81-%EB%B3%B5%EC%8B%9D,미검토,미검토,목록만 확보,개별 파일 조건 미확인
복식,2022,18세기_옹주의_원삼,18세기 옹주의 원삼,3D-18세기_옹주의_원삼.glb,https://dh.aks.ac.kr/hanyang2/glb/2022/복식/3D-18세기_옹주의_원삼.glb,https://dh.aks.ac.kr/hanyang2/wiki/index.php/2022_3D%EB%AA%A8%EB%8D%B8%EB%A7%81-%EB%B3%B5%EC%8B%9D,미검토,미검토,목록만 확보,개별 파일 조건 미확인
복식,2022,17세기_백관의_조복_상의,17세기 백관의 조복 상의,3D-17세기_백관의_조복_상의.glb,https://dh.aks.ac.kr/hanyang2/glb/2022/복식/3D-17세기_백관의_조복_상의.glb,https://dh.aks.ac.kr/hanyang2/wiki/index.php/2022_3D%EB%AA%A8%EB%8D%B8%EB%A7%81-%EB%B3%B5%EC%8B%9D,미검토,미검토,목록만 확보,개별 파일 조건 미확인
복식,2022,17세기_겹당의,17세기 겹당의,3D-17세기_겹당의.glb,https://dh.aks.ac.kr/hanyang2/glb/2022/복식/3D-17세기_겹당의.glb,https://dh.aks.ac.kr/hanyang2/wiki/index.php/2022_3D%EB%AA%A8%EB%8D%B8%EB%A7%81-%EB%B3%B5%EC%8B%9D,미검토,미검토,목록만 확보,개별 파일 조건 미확인
복식,2022,17세기_홑당의,17세기 홑당의,3D-17세기_홑당의.glb,https://dh.aks.ac.kr/hanyang2/glb/2022/복식/3D-17세기_홑당의.glb,https://dh.aks.ac.kr/hanyang2/wiki/index.php/2022_3D%EB%AA%A8%EB%8D%B8%EB%A7%81-%EB%B3%B5%EC%8B%9D,미검토,미검토,목록만 확보,개별 파일 조건 미확인
복식,2022,16세기_여성_적삼,16세기 여성 적삼,3D-16세기_여성_적삼.glb,https://dh.aks.ac.kr/hanyang2/glb/2022/복식/3D-16세기_여성_적삼.glb,https://dh.aks.ac.kr/hanyang2/wiki/index.php/2022_3D%EB%AA%A8%EB%8D%B8%EB%A7%81-%EB%B3%B5%EC%8B%9D,미검토,미검토,목록만 확보,개별 파일 조건 미확인
복식,2022,17세기_여성_자수저고리,17세기 여성 자수저고리,3D-17세기_여성_자수저고리.glb,https://dh.aks.ac.kr/hanyang2/glb/2022/복식/3D-17세기_여성_자수저고리.glb,https://dh.aks.ac.kr/hanyang2/wiki/index.php/2022_3D%EB%AA%A8%EB%8D%B8%EB%A7%81-%EB%B3%B5%EC%8B%9D,미검토,미검토,목록만 확보,개별 파일 조건 미확인
복식,2022,16세기_남성_저고리,16세기 남성 저고리,3D-16세기_남성_저고리.glb,https://dh.aks.ac.kr/hanyang2/glb/2022/복식/3D-16세기_남성_저고리.glb,https://dh.aks.ac.kr/hanyang2/wiki/index.php/2022_3D%EB%AA%A8%EB%8D%B8%EB%A7%81-%EB%B3%B5%EC%8B%9D,미검토,미검토,목록만 확보,개별 파일 조건 미확인
복식,2022,16세기_남성_한삼,16세기 남성 한삼,3D-16세기_남성_한삼.glb,https://dh.aks.ac.kr/hanyang2/glb/2022/복식/3D-16세기_남성_한삼.glb,https://dh.aks.ac.kr/hanyang2/wiki/index.php/2022_3D%EB%AA%A8%EB%8D%B8%EB%A7%81-%EB%B3%B5%EC%8B%9D,미검토,미검토,목록만 확보,개별 파일 조건 미확인
복식,2022,최의,최의,3D-최의.glb,https://dh.aks.ac.kr/hanyang2/glb/2022/복식/3D-최의.glb,https://dh.aks.ac.kr/hanyang2/wiki/index.php/2022_3D%EB%AA%A8%EB%8D%B8%EB%A7%81-%EB%B3%B5%EC%8B%9D,미검토,미검토,목록만 확보,개별 파일 조건 미확인
복식,2022,17세기_왕비의_자적색_스란치마,17세기 왕비의 자적색 스란치마,3D-17세기_왕비의_자적색_스란치마.glb,https://dh.aks.ac.kr/hanyang2/glb/2022/복식/3D-17세기_왕비의_자적색_스란치마.glb,https://dh.aks.ac.kr/hanyang2/wiki/index.php/2022_3D%EB%AA%A8%EB%8D%B8%EB%A7%81-%EB%B3%B5%EC%8B%9D,미검토,미검토,목록만 확보,개별 파일 조건 미확인
복식,2022,16세기_장삼대,16세기 장삼대,3D-16세기_장삼대.glb,https://dh.aks.ac.kr/hanyang2/glb/2022/복식/3D-16세기_장삼대.glb,https://dh.aks.ac.kr/hanyang2/wiki/index.php/2022_3D%EB%AA%A8%EB%8D%B8%EB%A7%81-%EB%B3%B5%EC%8B%9D,미검토,미검토,목록만 확보,개별 파일 조건 미확인
복식,2022,16세기_예복용_치마,16세기 예복용 치마,3D-16세기_예복용_치마.glb,https://dh.aks.ac.kr/hanyang2/glb/2022/복식/3D-16세기_예복용_치마.glb,https://dh.aks.ac.kr/hanyang2/wiki/index.php/2022_3D%EB%AA%A8%EB%8D%B8%EB%A7%81-%EB%B3%B5%EC%8B%9D,미검토,미검토,목록만 확보,개별 파일 조건 미확인
복식,2022,16세기_접음단치마,16세기 접음단치마,3D-16세기_접음단치마.glb,https://dh.aks.ac.kr/hanyang2/glb/2022/복식/3D-16세기_접음단치마.glb,https://dh.aks.ac.kr/hanyang2/wiki/index.php/2022_3D%EB%AA%A8%EB%8D%B8%EB%A7%81-%EB%B3%B5%EC%8B%9D,미검토,미검토,목록만 확보,개별 파일 조건 미확인
복식,2022,17세기_왕비의_남색_치마,17세기 왕비의 남색 치마,3D-17세기_왕비의_남색_치마.glb,https://dh.aks.ac.kr/hanyang2/glb/2022/복식/3D-17세기_왕비의_남색_치마.glb,https://dh.aks.ac.kr/hanyang2/wiki/index.php/2022_3D%EB%AA%A8%EB%8D%B8%EB%A7%81-%EB%B3%B5%EC%8B%9D,미검토,미검토,목록만 확보,개별 파일 조건 미확인
복식,2022,최상,최상,3D-최상.glb,https://dh.aks.ac.kr/hanyang2/glb/2022/복식/3D-최상.glb,https://dh.aks.ac.kr/hanyang2/wiki/index.php/2022_3D%EB%AA%A8%EB%8D%B8%EB%A7%81-%EB%B3%B5%EC%8B%9D,미검토,미검토,목록만 확보,개별 파일 조건 미확인
복식,2022,세가닥바지,세가닥바지,3D-세가닥바지.glb,https://dh.aks.ac.kr/hanyang2/glb/2022/복식/3D-세가닥바지.glb,https://dh.aks.ac.kr/hanyang2/wiki/index.php/2022_3D%EB%AA%A8%EB%8D%B8%EB%A7%81-%EB%B3%B5%EC%8B%9D,미검토,미검토,목록만 확보,개별 파일 조건 미확인
복식,2022,야자대,야자대,3D-야자대.glb,https://dh.aks.ac.kr/hanyang2/glb/2022/복식/3D-야자대.glb,https://dh.aks.ac.kr/hanyang2/wiki/index.php/2022_3D%EB%AA%A8%EB%8D%B8%EB%A7%81-%EB%B3%B5%EC%8B%9D,미검토,미검토,목록만 확보,개별 파일 조건 미확인
복식,2022,영대-鈴帶,영대,3D-영대.glb,https://dh.aks.ac.kr/hanyang2/glb/2022/복식/3D-영대.glb,https://dh.aks.ac.kr/hanyang2/wiki/index.php/2022_3D%EB%AA%A8%EB%8D%B8%EB%A7%81-%EB%B3%B5%EC%8B%9D,미검토,미검토,목록만 확보,개별 파일 조건 미확인
복식,2022,요질,요질,3D-요질.glb,https://dh.aks.ac.kr/hanyang2/glb/2022/복식/3D-요질.glb,https://dh.aks.ac.kr/hanyang2/wiki/index.php/2022_3D%EB%AA%A8%EB%8D%B8%EB%A7%81-%EB%B3%B5%EC%8B%9D,미검토,미검토,목록만 확보,개별 파일 조건 미확인
복식,2022,수질,수질,3D-수질.glb,https://dh.aks.ac.kr/hanyang2/glb/2022/복식/3D-수질.glb,https://dh.aks.ac.kr/hanyang2/wiki/index.php/2022_3D%EB%AA%A8%EB%8D%B8%EB%A7%81-%EB%B3%B5%EC%8B%9D,미검토,미검토,목록만 확보,개별 파일 조건 미확인
복식,2022,17세기_백관의_폐슬,17세기 백관의 폐슬,3D-17세기_백관의_폐슬.glb,https://dh.aks.ac.kr/hanyang2/glb/2022/복식/3D-17세기_백관의_폐슬.glb,https://dh.aks.ac.kr/hanyang2/wiki/index.php/2022_3D%EB%AA%A8%EB%8D%B8%EB%A7%81-%EB%B3%B5%EC%8B%9D,미검토,미검토,목록만 확보,개별 파일 조건 미확인
복식,2022,17세기_백관의_후수,17세기 백관의 후수,3D-17세기_백관의_후수.glb,https://dh.aks.ac.kr/hanyang2/glb/2022/복식/3D-17세기_백관의_후수.glb,https://dh.aks.ac.kr/hanyang2/wiki/index.php/2022_3D%EB%AA%A8%EB%8D%B8%EB%A7%81-%EB%B3%B5%EC%8B%9D,미검토,미검토,목록만 확보,개별 파일 조건 미확인
복식,2022,18세기_사모,18세기 사모,3D-18세기_사모.glb,https://dh.aks.ac.kr/hanyang2/glb/2022/복식/3D-18세기_사모.glb,https://dh.aks.ac.kr/hanyang2/wiki/index.php/2022_3D%EB%AA%A8%EB%8D%B8%EB%A7%81-%EB%B3%B5%EC%8B%9D,미검토,미검토,목록만 확보,개별 파일 조건 미확인
복식,2022,18세기_흑립,18세기 흑립,3D-18세기_흑립.glb,https://dh.aks.ac.kr/hanyang2/glb/2022/복식/3D-18세기_흑립.glb,https://dh.aks.ac.kr/hanyang2/wiki/index.php/2022_3D%EB%AA%A8%EB%8D%B8%EB%A7%81-%EB%B3%B5%EC%8B%9D,미검토,미검토,목록만 확보,개별 파일 조건 미확인
복식,2022,정자관,정자관,3D-정자관.glb,https://dh.aks.ac.kr/hanyang2/glb/2022/복식/3D-정자관.glb,https://dh.aks.ac.kr/hanyang2/wiki/index.php/2022_3D%EB%AA%A8%EB%8D%B8%EB%A7%81-%EB%B3%B5%EC%8B%9D,미검토,미검토,목록만 확보,개별 파일 조건 미확인
복식,2022,치포관,치포관,3D-치포관.glb,https://dh.aks.ac.kr/hanyang2/glb/2022/복식/3D-치포관.glb,https://dh.aks.ac.kr/hanyang2/wiki/index.php/2022_3D%EB%AA%A8%EB%8D%B8%EB%A7%81-%EB%B3%B5%EC%8B%9D,미검토,미검토,목록만 확보,개별 파일 조건 미확인
복식,2022,연건,연건,3D-연건.glb,https://dh.aks.ac.kr/hanyang2/glb/2022/복식/3D-연건.glb,https://dh.aks.ac.kr/hanyang2/wiki/index.php/2022_3D%EB%AA%A8%EB%8D%B8%EB%A7%81-%EB%B3%B5%EC%8B%9D,미검토,미검토,목록만 확보,개별 파일 조건 미확인
복식,2022,17세기_족두리,17세기 족두리,3D-17세기_족두리.glb,https://dh.aks.ac.kr/hanyang2/glb/2022/복식/3D-17세기_족두리.glb,https://dh.aks.ac.kr/hanyang2/wiki/index.php/2022_3D%EB%AA%A8%EB%8D%B8%EB%A7%81-%EB%B3%B5%EC%8B%9D,미검토,미검토,목록만 확보,개별 파일 조건 미확인
복식,2022,도금산호장옥지환,도금산호장옥지환,3D-도금산호장옥지환.glb,https://dh.aks.ac.kr/hanyang2/glb/2022/복식/3D-도금산호장옥지환.glb,https://dh.aks.ac.kr/hanyang2/wiki/index.php/2022_3D%EB%AA%A8%EB%8D%B8%EB%A7%81-%EB%B3%B5%EC%8B%9D,미검토,미검토,목록만 확보,개별 파일 조건 미확인
복식,2022,수정가지_노리개,수정가지 노리개,3D-수정가지_노리개.glb,https://dh.aks.ac.kr/hanyang2/glb/2022/복식/3D-수정가지_노리개.glb,https://dh.aks.ac.kr/hanyang2/wiki/index.php/2022_3D%EB%AA%A8%EB%8D%B8%EB%A7%81-%EB%B3%B5%EC%8B%9D,미검토,미검토,목록만 확보,개별 파일 조건 미확인
복식,2022,자라줌치_노리개,자라줌치 노리개,3D-자라줌치_노리개.glb,https://dh.aks.ac.kr/hanyang2/glb/2022/복식/3D-자라줌치_노리개.glb,https://dh.aks.ac.kr/hanyang2/wiki/index.php/2022_3D%EB%AA%A8%EB%8D%B8%EB%A7%81-%EB%B3%B5%EC%8B%9D,미검토,미검토,목록만 확보,개별 파일 조건 미확인
복식,2022,나막신,나막신,3D-나막신.glb,https://dh.aks.ac.kr/hanyang2/glb/2022/복식/3D-나막신.glb,https://dh.aks.ac.kr/hanyang2/wiki/index.php/2022_3D%EB%AA%A8%EB%8D%B8%EB%A7%81-%EB%B3%B5%EC%8B%9D,미검토,미검토,목록만 확보,개별 파일 조건 미확인
복식,2022,유혜,유혜,3D-유혜.glb,https://dh.aks.ac.kr/hanyang2/glb/2022/복식/3D-유혜.glb,https://dh.aks.ac.kr/hanyang2/wiki/index.php/2022_3D%EB%AA%A8%EB%8D%B8%EB%A7%81-%EB%B3%B5%EC%8B%9D,미검토,미검토,목록만 확보,개별 파일 조건 미확인
복식,2022,미투리,미투리,3D-미투리.glb,https://dh.aks.ac.kr/hanyang2/glb/2022/복식/3D-미투리.glb,https://dh.aks.ac.kr/hanyang2/wiki/index.php/2022_3D%EB%AA%A8%EB%8D%B8%EB%A7%81-%EB%B3%B5%EC%8B%9D,미검토,미검토,목록만 확보,개별 파일 조건 미확인
복식,2022,최-衰,대수장군,3D-최.glb,https://dh.aks.ac.kr/hanyang2/glb/2022/복식/3D-최.glb,https://dh.aks.ac.kr/hanyang2/wiki/index.php/2022_3D%EB%AA%A8%EB%8D%B8%EB%A7%81-%EB%B3%B5%EC%8B%9D,미검토,미검토,목록만 확보,개별 파일 조건 미확인
복식,2022,죽장,죽장,3D-죽장.glb,https://dh.aks.ac.kr/hanyang2/glb/2022/복식/3D-죽장.glb,https://dh.aks.ac.kr/hanyang2/wiki/index.php/2022_3D%EB%AA%A8%EB%8D%B8%EB%A7%81-%EB%B3%B5%EC%8B%9D,미검토,미검토,목록만 확보,개별 파일 조건 미확인
물품,2022,신여,신여(神轝),3D-신여.glb,https://dh.aks.ac.kr/hanyang2/glb/2022/물품/3D-신여.glb,https://dh.aks.ac.kr/hanyang2/wiki/index.php/2022_3D%EB%AA%A8%EB%8D%B8%EB%A7%81-%EB%AC%BC%ED%92%88,미검토,미검토,목록만 확보,개별 파일 조건 미확인
물품,2022,신실_격렴,신실 격렴(神室隔簾),3D-신실_격렴.glb,https://dh.aks.ac.kr/hanyang2/glb/2022/물품/3D-신실_격렴.glb,https://dh.aks.ac.kr/hanyang2/wiki/index.php/2022_3D%EB%AA%A8%EB%8D%B8%EB%A7%81-%EB%AC%BC%ED%92%88,미검토,미검토,목록만 확보,개별 파일 조건 미확인
물품,2022,가자,가자(架子),3D-가자.glb,https://dh.aks.ac.kr/hanyang2/glb/2022/물품/3D-가자.glb,https://dh.aks.ac.kr/hanyang2/wiki/index.php/2022_3D%EB%AA%A8%EB%8D%B8%EB%A7%81-%EB%AC%BC%ED%92%88,미검토,미검토,목록만 확보,개별 파일 조건 미확인
물품,2022,축상,축상(祝床),3D-축상.glb,https://dh.aks.ac.kr/hanyang2/glb/2022/물품/3D-축상.glb,https://dh.aks.ac.kr/hanyang2/wiki/index.php/2022_3D%EB%AA%A8%EB%8D%B8%EB%A7%81-%EB%AC%BC%ED%92%88,미검토,미검토,목록만 확보,개별 파일 조건 미확인
물품,2022,망료상,망료상(望燎床),3D-망료상.glb,https://dh.aks.ac.kr/hanyang2/glb/2022/물품/3D-망료상.glb,https://dh.aks.ac.kr/hanyang2/wiki/index.php/2022_3D%EB%AA%A8%EB%8D%B8%EB%A7%81-%EB%AC%BC%ED%92%88,미검토,미검토,목록만 확보,개별 파일 조건 미확인
물품,2022,신주장,신주장(神主欌),3D-신주_책장_01.glb,https://dh.aks.ac.kr/hanyang2/glb/2022/물품/3D-신주_책장_01.glb,https://dh.aks.ac.kr/hanyang2/wiki/index.php/2022_3D%EB%AA%A8%EB%8D%B8%EB%A7%81-%EB%AC%BC%ED%92%88,미검토,미검토,목록만 확보,개별 파일 조건 미확인
물품,2022,신탑,신탑(神榻),3D-신탑.glb,https://dh.aks.ac.kr/hanyang2/glb/2022/물품/3D-신탑.glb,https://dh.aks.ac.kr/hanyang2/wiki/index.php/2022_3D%EB%AA%A8%EB%8D%B8%EB%A7%81-%EB%AC%BC%ED%92%88,미검토,미검토,목록만 확보,개별 파일 조건 미확인
물품,2022,궤-几,궤(几),3D-궤.glb,https://dh.aks.ac.kr/hanyang2/glb/2022/물품/3D-궤.glb,https://dh.aks.ac.kr/hanyang2/wiki/index.php/2022_3D%EB%AA%A8%EB%8D%B8%EB%A7%81-%EB%AC%BC%ED%92%88,미검토,미검토,목록만 확보,개별 파일 조건 미확인
물품,2022,신주독,신주독(神主櫝),3D-신주독.glb,https://dh.aks.ac.kr/hanyang2/glb/2022/물품/3D-신주독.glb,https://dh.aks.ac.kr/hanyang2/wiki/index.php/2022_3D%EB%AA%A8%EB%8D%B8%EB%A7%81-%EB%AC%BC%ED%92%88,미검토,미검토,목록만 확보,개별 파일 조건 미확인
물품,2022,종묘서_인장,종묘서 인장,3D-종묘서_인장.glb,https://dh.aks.ac.kr/hanyang2/glb/2022/물품/3D-종묘서_인장.glb,https://dh.aks.ac.kr/hanyang2/wiki/index.php/2022_3D%EB%AA%A8%EB%8D%B8%EB%A7%81-%EB%AC%BC%ED%92%88,미검토,미검토,목록만 확보,개별 파일 조건 미확인
물품,2022,신실_장,신실 장(欌),3D-신실_책장_01.glb,https://dh.aks.ac.kr/hanyang2/glb/2022/물품/3D-신실_책장_01.glb,https://dh.aks.ac.kr/hanyang2/wiki/index.php/2022_3D%EB%AA%A8%EB%8D%B8%EB%A7%81-%EB%AC%BC%ED%92%88,미검토,미검토,목록만 확보,개별 파일 조건 미확인
물품,2022,신실_장,신실 장(欌),3D-신실_책장_01_open.glb,https://dh.aks.ac.kr/hanyang2/glb/2022/물품/3D-신실_책장_01_open.glb,https://dh.aks.ac.kr/hanyang2/wiki/index.php/2022_3D%EB%AA%A8%EB%8D%B8%EB%A7%81-%EB%AC%BC%ED%92%88,미검토,미검토,목록만 확보,개별 파일 조건 미확인
물품,2022,신실_장,신실 장(欌),3D-신실_보장_02.glb,https://dh.aks.ac.kr/hanyang2/glb/2022/물품/3D-신실_보장_02.glb,https://dh.aks.ac.kr/hanyang2/wiki/index.php/2022_3D%EB%AA%A8%EB%8D%B8%EB%A7%81-%EB%AC%BC%ED%92%88,미검토,미검토,목록만 확보,개별 파일 조건 미확인
물품,2022,신실_장,신실 장(欌),3D-신실_보장_02_open.glb,https://dh.aks.ac.kr/hanyang2/glb/2022/물품/3D-신실_보장_02_open.glb,https://dh.aks.ac.kr/hanyang2/wiki/index.php/2022_3D%EB%AA%A8%EB%8D%B8%EB%A7%81-%EB%AC%BC%ED%92%88,미검토,미검토,목록만 확보,개별 파일 조건 미확인
물품,2022,가이,가이(斝彝),3D-가이.glb,https://dh.aks.ac.kr/hanyang2/glb/2022/물품/3D-가이.glb,https://dh.aks.ac.kr/hanyang2/wiki/index.php/2022_3D%EB%AA%A8%EB%8D%B8%EB%A7%81-%EB%AC%BC%ED%92%88,미검토,미검토,목록만 확보,개별 파일 조건 미확인
물품,2022,가이대,가이대(斝彝台),3D-가이대.glb,https://dh.aks.ac.kr/hanyang2/glb/2022/물품/3D-가이대.glb,https://dh.aks.ac.kr/hanyang2/wiki/index.php/2022_3D%EB%AA%A8%EB%8D%B8%EB%A7%81-%EB%AC%BC%ED%92%88,미검토,미검토,목록만 확보,개별 파일 조건 미확인
물품,2022,황이,황이(黃彝),3D-황이.glb,https://dh.aks.ac.kr/hanyang2/glb/2022/물품/3D-황이.glb,https://dh.aks.ac.kr/hanyang2/wiki/index.php/2022_3D%EB%AA%A8%EB%8D%B8%EB%A7%81-%EB%AC%BC%ED%92%88,미검토,미검토,목록만 확보,개별 파일 조건 미확인
물품,2022,황이대,황이대(黃彝台),3D-황이대.glb,https://dh.aks.ac.kr/hanyang2/glb/2022/물품/3D-황이대.glb,https://dh.aks.ac.kr/hanyang2/wiki/index.php/2022_3D%EB%AA%A8%EB%8D%B8%EB%A7%81-%EB%AC%BC%ED%92%88,미검토,미검토,목록만 확보,개별 파일 조건 미확인
물품,2022,계이,계이(鷄彝),3D-계이.glb,https://dh.aks.ac.kr/hanyang2/glb/2022/물품/3D-계이.glb,https://dh.aks.ac.kr/hanyang2/wiki/index.php/2022_3D%EB%AA%A8%EB%8D%B8%EB%A7%81-%EB%AC%BC%ED%92%88,미검토,미검토,목록만 확보,개별 파일 조건 미확인
물품,2022,조이,조이(鳥彝),3D-조이.glb,https://dh.aks.ac.kr/hanyang2/glb/2022/물품/3D-조이.glb,https://dh.aks.ac.kr/hanyang2/wiki/index.php/2022_3D%EB%AA%A8%EB%8D%B8%EB%A7%81-%EB%AC%BC%ED%92%88,미검토,미검토,목록만 확보,개별 파일 조건 미확인
물품,2022,조이대,조이대(鳥彝台),3D-조이대.glb,https://dh.aks.ac.kr/hanyang2/glb/2022/물품/3D-조이대.glb,https://dh.aks.ac.kr/hanyang2/wiki/index.php/2022_3D%EB%AA%A8%EB%8D%B8%EB%A7%81-%EB%AC%BC%ED%92%88,미검토,미검토,목록만 확보,개별 파일 조건 미확인
물품,2022,등잔,등잔(燈盞),3D-등잔.glb,https://dh.aks.ac.kr/hanyang2/glb/2022/물품/3D-등잔.glb,https://dh.aks.ac.kr/hanyang2/wiki/index.php/2022_3D%EB%AA%A8%EB%8D%B8%EB%A7%81-%EB%AC%BC%ED%92%88,미검토,미검토,목록만 확보,개별 파일 조건 미확인
물품,2022,망료기,망료기(望燎器),3D-망료기.glb,https://dh.aks.ac.kr/hanyang2/glb/2022/물품/3D-망료기.glb,https://dh.aks.ac.kr/hanyang2/wiki/index.php/2022_3D%EB%AA%A8%EB%8D%B8%EB%A7%81-%EB%AC%BC%ED%92%88,미검토,미검토,목록만 확보,개별 파일 조건 미확인
물품,2022,번간로,번간로(燔肝爐),3D-번간로.glb,https://dh.aks.ac.kr/hanyang2/glb/2022/물품/3D-번간로.glb,https://dh.aks.ac.kr/hanyang2/wiki/index.php/2022_3D%EB%AA%A8%EB%8D%B8%EB%A7%81-%EB%AC%BC%ED%92%88,미검토,미검토,목록만 확보,개별 파일 조건 미확인
물품,2022,희준,희준(犧尊),3D-희준.glb,https://dh.aks.ac.kr/hanyang2/glb/2022/물품/3D-희준.glb,https://dh.aks.ac.kr/hanyang2/wiki/index.php/2022_3D%EB%AA%A8%EB%8D%B8%EB%A7%81-%EB%AC%BC%ED%92%88,미검토,미검토,목록만 확보,개별 파일 조건 미확인
물품,2022,운점,운점(雲坫),3D-운점.glb,https://dh.aks.ac.kr/hanyang2/glb/2022/물품/3D-운점.glb,https://dh.aks.ac.kr/hanyang2/wiki/index.php/2022_3D%EB%AA%A8%EB%8D%B8%EB%A7%81-%EB%AC%BC%ED%92%88,미검토,미검토,목록만 확보,개별 파일 조건 미확인
물품,2022,식축,식축(食柷),3D-식축.glb,https://dh.aks.ac.kr/hanyang2/glb/2022/물품/3D-식축.glb,https://dh.aks.ac.kr/hanyang2/wiki/index.php/2022_3D%EB%AA%A8%EB%8D%B8%EB%A7%81-%EB%AC%BC%ED%92%88,미검토,미검토,목록만 확보,개별 파일 조건 미확인
물품,2022,용찬,용찬(龍瓚),3D-용찬.glb,https://dh.aks.ac.kr/hanyang2/glb/2022/물품/3D-용찬.glb,https://dh.aks.ac.kr/hanyang2/wiki/index.php/2022_3D%EB%AA%A8%EB%8D%B8%EB%A7%81-%EB%AC%BC%ED%92%88,미검토,미검토,목록만 확보,개별 파일 조건 미확인
물품,2022,전촉기,전촉기(煎燭器),3D-전촉기.glb,https://dh.aks.ac.kr/hanyang2/glb/2022/물품/3D-전촉기.glb,https://dh.aks.ac.kr/hanyang2/wiki/index.php/2022_3D%EB%AA%A8%EB%8D%B8%EB%A7%81-%EB%AC%BC%ED%92%88,미검토,미검토,목록만 확보,개별 파일 조건 미확인
물품,2022,전촉자,전촉자(煎燭子),3D-전촉자_01.glb,https://dh.aks.ac.kr/hanyang2/glb/2022/물품/3D-전촉자_01.glb,https://dh.aks.ac.kr/hanyang2/wiki/index.php/2022_3D%EB%AA%A8%EB%8D%B8%EB%A7%81-%EB%AC%BC%ED%92%88,미검토,미검토,목록만 확보,개별 파일 조건 미확인
물품,2022,전촉자,전촉자(煎燭子),3D-전촉자_02.glb,https://dh.aks.ac.kr/hanyang2/glb/2022/물품/3D-전촉자_02.glb,https://dh.aks.ac.kr/hanyang2/wiki/index.php/2022_3D%EB%AA%A8%EB%8D%B8%EB%A7%81-%EB%AC%BC%ED%92%88,미검토,미검토,목록만 확보,개별 파일 조건 미확인
물품,2022,관지통,관지통(灌池筒),3D-관지통.glb,https://dh.aks.ac.kr/hanyang2/glb/2022/물품/3D-관지통.glb,https://dh.aks.ac.kr/hanyang2/wiki/index.php/2022_3D%EB%AA%A8%EB%8D%B8%EB%A7%81-%EB%AC%BC%ED%92%88,미검토,미검토,목록만 확보,개별 파일 조건 미확인
물품,2022,관지통_뚜껑,관지통 뚜껑(灌池筒蓋),3D-관지통_뚜껑.glb,https://dh.aks.ac.kr/hanyang2/glb/2022/물품/3D-관지통_뚜껑.glb,https://dh.aks.ac.kr/hanyang2/wiki/index.php/2022_3D%EB%AA%A8%EB%8D%B8%EB%A7%81-%EB%AC%BC%ED%92%88,미검토,미검토,목록만 확보,개별 파일 조건 미확인
물품,2022,증-甑,증(甑),3D-증.glb,https://dh.aks.ac.kr/hanyang2/glb/2022/물품/3D-증.glb,https://dh.aks.ac.kr/hanyang2/wiki/index.php/2022_3D%EB%AA%A8%EB%8D%B8%EB%A7%81-%EB%AC%BC%ED%92%88,미검토,미검토,목록만 확보,개별 파일 조건 미확인
물품,2022,나-螺,나(螺),3D-나각.glb,https://dh.aks.ac.kr/hanyang2/glb/2022/물품/3D-나각.glb,https://dh.aks.ac.kr/hanyang2/wiki/index.php/2022_3D%EB%AA%A8%EB%8D%B8%EB%A7%81-%EB%AC%BC%ED%92%88,미검토,미검토,목록만 확보,개별 파일 조건 미확인
물품,2022,태평소,태평소(太平簫),3D-태평소.glb,https://dh.aks.ac.kr/hanyang2/glb/2022/물품/3D-태평소.glb,https://dh.aks.ac.kr/hanyang2/wiki/index.php/2022_3D%EB%AA%A8%EB%8D%B8%EB%A7%81-%EB%AC%BC%ED%92%88,미검토,미검토,목록만 확보,개별 파일 조건 미확인
물품,2022,사각유리등,사각유리등(四角琉璃燈),3D-사각유리등.glb,https://dh.aks.ac.kr/hanyang2/glb/2022/물품/3D-사각유리등.glb,https://dh.aks.ac.kr/hanyang2/wiki/index.php/2022_3D%EB%AA%A8%EB%8D%B8%EB%A7%81-%EB%AC%BC%ED%92%88,미검토,미검토,목록만 확보,개별 파일 조건 미확인
물품,2022,대조전_거실_나전_체경,대조전 거실 나전 체경,3D-대조전_거실_나전_체경.glb,https://dh.aks.ac.kr/hanyang2/glb/2022/물품/3D-대조전_거실_나전_체경.glb,https://dh.aks.ac.kr/hanyang2/wiki/index.php/2022_3D%EB%AA%A8%EB%8D%B8%EB%A7%81-%EB%AC%BC%ED%92%88,미검토,미검토,목록만 확보,개별 파일 조건 미확인
물품,2022,대조전_거실_나전_침대,대조전 거실 나전 침대,3D-대조전_거실_나전_침대.glb,https://dh.aks.ac.kr/hanyang2/glb/2022/물품/3D-대조전_거실_나전_침대.glb,https://dh.aks.ac.kr/hanyang2/wiki/index.php/2022_3D%EB%AA%A8%EB%8D%B8%EB%A7%81-%EB%AC%BC%ED%92%88,미검토,미검토,목록만 확보,개별 파일 조건 미확인
물품,2022,대조전_거실_대리석부원탁자,대조전 거실 대리석부원탁자,3D-대조전_거실_대리석부원탁자.glb,https://dh.aks.ac.kr/hanyang2/glb/2022/물품/3D-대조전_거실_대리석부원탁자.glb,https://dh.aks.ac.kr/hanyang2/wiki/index.php/2022_3D%EB%AA%A8%EB%8D%B8%EB%A7%81-%EB%AC%BC%ED%92%88,미검토,미검토,목록만 확보,개별 파일 조건 미확인
물품,2022,대조전_거실_장류화분대,대조전 거실 장류화분대,3D-대조전_거실_장류화분대.glb,https://dh.aks.ac.kr/hanyang2/glb/2022/물품/3D-대조전_거실_장류화분대.glb,https://dh.aks.ac.kr/hanyang2/wiki/index.php/2022_3D%EB%AA%A8%EB%8D%B8%EB%A7%81-%EB%AC%BC%ED%92%88,미검토,미검토,목록만 확보,개별 파일 조건 미확인
물품,2022,대조전_거실_화류수괘의자1,대조전 거실 화류수괘의자1,3D-대조전_거실_화류수괘의자1.glb,https://dh.aks.ac.kr/hanyang2/glb/2022/물품/3D-대조전_거실_화류수괘의자1.glb,https://dh.aks.ac.kr/hanyang2/wiki/index.php/2022_3D%EB%AA%A8%EB%8D%B8%EB%A7%81-%EB%AC%BC%ED%92%88,미검토,미검토,목록만 확보,개별 파일 조건 미확인
물품,2022,대조전_거실_화류수괘의자2,대조전 거실 화류수괘의자2,3D-대조전_거실_화류수괘의자2.glb,https://dh.aks.ac.kr/hanyang2/glb/2022/물품/3D-대조전_거실_화류수괘의자2.glb,https://dh.aks.ac.kr/hanyang2/wiki/index.php/2022_3D%EB%AA%A8%EB%8D%B8%EB%A7%81-%EB%AC%BC%ED%92%88,미검토,미검토,목록만 확보,개별 파일 조건 미확인
물품,2022,대조전_서측방_사각탁자,대조전 서측방 사각탁자,3D-대조전_서측방_사각탁자.glb,https://dh.aks.ac.kr/hanyang2/glb/2022/물품/3D-대조전_서측방_사각탁자.glb,https://dh.aks.ac.kr/hanyang2/wiki/index.php/2022_3D%EB%AA%A8%EB%8D%B8%EB%A7%81-%EB%AC%BC%ED%92%88,미검토,미검토,목록만 확보,개별 파일 조건 미확인
물품,2022,희정당_서측방_장의자1,희정당 서측방 장의자1,3D-희정당_서측방_장의자1.glb,https://dh.aks.ac.kr/hanyang2/glb/2022/물품/3D-희정당_서측방_장의자1.glb,https://dh.aks.ac.kr/hanyang2/wiki/index.php/2022_3D%EB%AA%A8%EB%8D%B8%EB%A7%81-%EB%AC%BC%ED%92%88,미검토,미검토,목록만 확보,개별 파일 조건 미확인
물품,2022,희정당_접견실_사각탁자,희정당 접견실 사각탁자,3D-희정당_접견실_사각탁자.glb,https://dh.aks.ac.kr/hanyang2/glb/2022/물품/3D-희정당_접견실_사각탁자.glb,https://dh.aks.ac.kr/hanyang2/wiki/index.php/2022_3D%EB%AA%A8%EB%8D%B8%EB%A7%81-%EB%AC%BC%ED%92%88,미검토,미검토,목록만 확보,개별 파일 조건 미확인
물품,2022,희정당_접견실_화류의자,희정당 접견실 화류의자,3D-희정당_접견실_화류의자.glb,https://dh.aks.ac.kr/hanyang2/glb/2022/물품/3D-희정당_접견실_화류의자.glb,https://dh.aks.ac.kr/hanyang2/wiki/index.php/2022_3D%EB%AA%A8%EB%8D%B8%EB%A7%81-%EB%AC%BC%ED%92%88,미검토,미검토,목록만 확보,개별 파일 조건 미확인
물품,2022,연자화_자수가리개,연자화 자수가리개(燕子花刺繡二幅屛),3D-연자화_자수가리개.glb,https://dh.aks.ac.kr/hanyang2/glb/2022/물품/3D-연자화_자수가리개.glb,https://dh.aks.ac.kr/hanyang2/wiki/index.php/2022_3D%EB%AA%A8%EB%8D%B8%EB%A7%81-%EB%AC%BC%ED%92%88,미검토,미검토,목록만 확보,개별 파일 조건 미확인
물품,2022,약연,약연(藥碾),3D-약연.glb,https://dh.aks.ac.kr/hanyang2/glb/2022/물품/3D-약연.glb,https://dh.aks.ac.kr/hanyang2/wiki/index.php/2022_3D%EB%AA%A8%EB%8D%B8%EB%A7%81-%EB%AC%BC%ED%92%88,미검토,미검토,목록만 확보,개별 파일 조건 미확인
물품,2022,연봉형_유리등갓,연봉형 유리등갓(蓮峯形玻璃燈罩),3D-연봉형_유리등갓.glb,https://dh.aks.ac.kr/hanyang2/glb/2022/물품/3D-연봉형_유리등갓.glb,https://dh.aks.ac.kr/hanyang2/wiki/index.php/2022_3D%EB%AA%A8%EB%8D%B8%EB%A7%81-%EB%AC%BC%ED%92%88,미검토,미검토,목록만 확보,개별 파일 조건 미확인
물품,2022,이진왕자_자수_귀주머니,이진왕자 자수 귀주머니(李晉王子刺繡角囊),3D-이진왕자_자수_귀주머니.glb,https://dh.aks.ac.kr/hanyang2/glb/2022/물품/3D-이진왕자_자수_귀주머니.glb,https://dh.aks.ac.kr/hanyang2/wiki/index.php/2022_3D%EB%AA%A8%EB%8D%B8%EB%A7%81-%EB%AC%BC%ED%92%88,미검토,미검토,목록만 확보,개별 파일 조건 미확인
물품,2022,덕온공주_인장,덕온공주 인장(德溫公主印章),3D-덕온공주_인장.glb,https://dh.aks.ac.kr/hanyang2/glb/2022/물품/3D-덕온공주_인장.glb,https://dh.aks.ac.kr/hanyang2/wiki/index.php/2022_3D%EB%AA%A8%EB%8D%B8%EB%A7%81-%EB%AC%BC%ED%92%88,미검토,미검토,목록만 확보,개별 파일 조건 미확인
물품,2022,승창교의,승창교의,3D-승창교의.glb,https://dh.aks.ac.kr/hanyang2/glb/2022/물품/3D-승창교의.glb,https://dh.aks.ac.kr/hanyang2/wiki/index.php/2022_3D%EB%AA%A8%EB%8D%B8%EB%A7%81-%EB%AC%BC%ED%92%88,미검토,미검토,목록만 확보,개별 파일 조건 미확인
물품,2022,용상,용상,3D-용상.glb,https://dh.aks.ac.kr/hanyang2/glb/2022/물품/3D-용상.glb,https://dh.aks.ac.kr/hanyang2/wiki/index.php/2022_3D%EB%AA%A8%EB%8D%B8%EB%A7%81-%EB%AC%BC%ED%92%88,미검토,미검토,목록만 확보,개별 파일 조건 미확인
물품,2022,부룡,부룡,3D-부룡.glb,https://dh.aks.ac.kr/hanyang2/glb/2022/물품/3D-부룡.glb,https://dh.aks.ac.kr/hanyang2/wiki/index.php/2022_3D%EB%AA%A8%EB%8D%B8%EB%A7%81-%EB%AC%BC%ED%92%88,미검토,미검토,목록만 확보,개별 파일 조건 미확인
물품,2022,삽병,삽병(揷屛),3D-삽병.glb,https://dh.aks.ac.kr/hanyang2/glb/2022/물품/3D-삽병.glb,https://dh.aks.ac.kr/hanyang2/wiki/index.php/2022_3D%EB%AA%A8%EB%8D%B8%EB%A7%81-%EB%AC%BC%ED%92%88,미검토,미검토,목록만 확보,개별 파일 조건 미확인
물품,2022,답장,답장,3D-답장.glb,https://dh.aks.ac.kr/hanyang2/glb/2022/물품/3D-답장.glb,https://dh.aks.ac.kr/hanyang2/wiki/index.php/2022_3D%EB%AA%A8%EB%8D%B8%EB%A7%81-%EB%AC%BC%ED%92%88,미검토,미검토,목록만 확보,개별 파일 조건 미확인
물품,2022,흑장궤,흑장궤(黑長櫃),3D-흑장궤.glb,https://dh.aks.ac.kr/hanyang2/glb/2022/물품/3D-흑장궤.glb,https://dh.aks.ac.kr/hanyang2/wiki/index.php/2022_3D%EB%AA%A8%EB%8D%B8%EB%A7%81-%EB%AC%BC%ED%92%88,미검토,미검토,목록만 확보,개별 파일 조건 미확인
물품,2022,1실_향로,1실 향로(香爐),3D-1실_향로.glb,https://dh.aks.ac.kr/hanyang2/glb/2022/물품/3D-1실_향로.glb,https://dh.aks.ac.kr/hanyang2/wiki/index.php/2022_3D%EB%AA%A8%EB%8D%B8%EB%A7%81-%EB%AC%BC%ED%92%88,미검토,미검토,목록만 확보,개별 파일 조건 미확인
물품,2022,1실_향합1,1실 향합(香盒)1,3D-1실_향합1.glb,https://dh.aks.ac.kr/hanyang2/glb/2022/물품/3D-1실_향합1.glb,https://dh.aks.ac.kr/hanyang2/wiki/index.php/2022_3D%EB%AA%A8%EB%8D%B8%EB%A7%81-%EB%AC%BC%ED%92%88,미검토,미검토,목록만 확보,개별 파일 조건 미확인
물품,2022,1실_향합2,1실 향합(香盒)2,3D-1실_향합2.glb,https://dh.aks.ac.kr/hanyang2/glb/2022/물품/3D-1실_향합2.glb,https://dh.aks.ac.kr/hanyang2/wiki/index.php/2022_3D%EB%AA%A8%EB%8D%B8%EB%A7%81-%EB%AC%BC%ED%92%88,미검토,미검토,목록만 확보,개별 파일 조건 미확인
물품,2022,2실_향합,2실 향합(香盒),3D-2실_향합.glb,https://dh.aks.ac.kr/hanyang2/glb/2022/물품/3D-2실_향합.glb,https://dh.aks.ac.kr/hanyang2/wiki/index.php/2022_3D%EB%AA%A8%EB%8D%B8%EB%A7%81-%EB%AC%BC%ED%92%88,미검토,미검토,목록만 확보,개별 파일 조건 미확인
물품,2022,1실_문양이_도금된_은병,1실 문양이 도금된 은병,3D-1실_문양이_도금된_은병.glb,https://dh.aks.ac.kr/hanyang2/glb/2022/물품/3D-1실_문양이_도금된_은병.glb,https://dh.aks.ac.kr/hanyang2/wiki/index.php/2022_3D%EB%AA%A8%EB%8D%B8%EB%A7%81-%EB%AC%BC%ED%92%88,미검토,미검토,목록만 확보,개별 파일 조건 미확인
물품,2022,2실_문양이_도금된_은병,2실 문양이 도금된 은병,3D-2실_문양이_도금된_은병.glb,https://dh.aks.ac.kr/hanyang2/glb/2022/물품/3D-2실_문양이_도금된_은병.glb,https://dh.aks.ac.kr/hanyang2/wiki/index.php/2022_3D%EB%AA%A8%EB%8D%B8%EB%A7%81-%EB%AC%BC%ED%92%88,미검토,미검토,목록만 확보,개별 파일 조건 미확인
물품,2022,3실_문양이_도금된_은병,3실 문양이 도금된 은병,3D-3실_문양이_도금된_은병.glb,https://dh.aks.ac.kr/hanyang2/glb/2022/물품/3D-3실_문양이_도금된_은병.glb,https://dh.aks.ac.kr/hanyang2/wiki/index.php/2022_3D%EB%AA%A8%EB%8D%B8%EB%A7%81-%EB%AC%BC%ED%92%88,미검토,미검토,목록만 확보,개별 파일 조건 미확인
물품,2022,4실_문양이_도금된_은병,4실 문양이 도금된 은병,3D-4실_문양이_도금된_은병.glb,https://dh.aks.ac.kr/hanyang2/glb/2022/물품/3D-4실_문양이_도금된_은병.glb,https://dh.aks.ac.kr/hanyang2/wiki/index.php/2022_3D%EB%AA%A8%EB%8D%B8%EB%A7%81-%EB%AC%BC%ED%92%88,미검토,미검토,목록만 확보,개별 파일 조건 미확인
물품,2022,5실_은병_화문_도금,5실 은병 화문 도금,3D-5실_은병_화문_도금.glb,https://dh.aks.ac.kr/hanyang2/glb/2022/물품/3D-5실_은병_화문_도금.glb,https://dh.aks.ac.kr/hanyang2/wiki/index.php/2022_3D%EB%AA%A8%EB%8D%B8%EB%A7%81-%EB%AC%BC%ED%92%88,미검토,미검토,목록만 확보,개별 파일 조건 미확인
물품,2022,은작설다기,은작설다기(銀雀舌茶器),3D-은작설다기.glb,https://dh.aks.ac.kr/hanyang2/glb/2022/물품/3D-은작설다기.glb,https://dh.aks.ac.kr/hanyang2/wiki/index.php/2022_3D%EB%AA%A8%EB%8D%B8%EB%A7%81-%EB%AC%BC%ED%92%88,미검토,미검토,목록만 확보,개별 파일 조건 미확인
물품,2022,은주기,은주기(銀酒器),3D-은주기.glb,https://dh.aks.ac.kr/hanyang2/glb/2022/물품/3D-은주기.glb,https://dh.aks.ac.kr/hanyang2/wiki/index.php/2022_3D%EB%AA%A8%EB%8D%B8%EB%A7%81-%EB%AC%BC%ED%92%88,미검토,미검토,목록만 확보,개별 파일 조건 미확인
물품,2022,은우리,은우리,3D-은우리.glb,https://dh.aks.ac.kr/hanyang2/glb/2022/물품/3D-은우리.glb,https://dh.aks.ac.kr/hanyang2/wiki/index.php/2022_3D%EB%AA%A8%EB%8D%B8%EB%A7%81-%EB%AC%BC%ED%92%88,미검토,미검토,목록만 확보,개별 파일 조건 미확인
물품,2022,은잠,은잠(銀簪),3D-은잠.glb,https://dh.aks.ac.kr/hanyang2/glb/2022/물품/3D-은잠.glb,https://dh.aks.ac.kr/hanyang2/wiki/index.php/2022_3D%EB%AA%A8%EB%8D%B8%EB%A7%81-%EB%AC%BC%ED%92%88,미검토,미검토,목록만 확보,개별 파일 조건 미확인
물품,2022,은구기,은구기(銀句),3D-은구기.glb,https://dh.aks.ac.kr/hanyang2/glb/2022/물품/3D-은구기.glb,https://dh.aks.ac.kr/hanyang2/wiki/index.php/2022_3D%EB%AA%A8%EB%8D%B8%EB%A7%81-%EB%AC%BC%ED%92%88,미검토,미검토,목록만 확보,개별 파일 조건 미확인
물품,2022,1실_은시접,1실 은시접(銀匙接),3D-1실_은시접.glb,https://dh.aks.ac.kr/hanyang2/glb/2022/물품/3D-1실_은시접.glb,https://dh.aks.ac.kr/hanyang2/wiki/index.php/2022_3D%EB%AA%A8%EB%8D%B8%EB%A7%81-%EB%AC%BC%ED%92%88,미검토,미검토,목록만 확보,개별 파일 조건 미확인
물품,2022,1실_은접시,1실 은접시,3D-1실_은접시.glb,https://dh.aks.ac.kr/hanyang2/glb/2022/물품/3D-1실_은접시.glb,https://dh.aks.ac.kr/hanyang2/wiki/index.php/2022_3D%EB%AA%A8%EB%8D%B8%EB%A7%81-%EB%AC%BC%ED%92%88,미검토,미검토,목록만 확보,개별 파일 조건 미확인
물품,2022,2실_은접시,2실 은접시,3D-2실_은접시.glb,https://dh.aks.ac.kr/hanyang2/glb/2022/물품/3D-2실_은접시.glb,https://dh.aks.ac.kr/hanyang2/wiki/index.php/2022_3D%EB%AA%A8%EB%8D%B8%EB%A7%81-%EB%AC%BC%ED%92%88,미검토,미검토,목록만 확보,개별 파일 조건 미확인
물품,2022,5실_은시접,5실 은시접(銀匙接),3D-5실_은시접.glb,https://dh.aks.ac.kr/hanyang2/glb/2022/물품/3D-5실_은시접.glb,https://dh.aks.ac.kr/hanyang2/wiki/index.php/2022_3D%EB%AA%A8%EB%8D%B8%EB%A7%81-%EB%AC%BC%ED%92%88,미검토,미검토,목록만 확보,개별 파일 조건 미확인
물품,2022,1실_은진고기,1실 은진고기(銀眞苽器),3D-1실_은진고기.glb,https://dh.aks.ac.kr/hanyang2/glb/2022/물품/3D-1실_은진고기.glb,https://dh.aks.ac.kr/hanyang2/wiki/index.php/2022_3D%EB%AA%A8%EB%8D%B8%EB%A7%81-%EB%AC%BC%ED%92%88,미검토,미검토,목록만 확보,개별 파일 조건 미확인
물품,2022,2실_은진고기,2실 은진고기(銀眞苽器),3D-2실_은진고기.glb,https://dh.aks.ac.kr/hanyang2/glb/2022/물품/3D-2실_은진고기.glb,https://dh.aks.ac.kr/hanyang2/wiki/index.php/2022_3D%EB%AA%A8%EB%8D%B8%EB%A7%81-%EB%AC%BC%ED%92%88,미검토,미검토,목록만 확보,개별 파일 조건 미확인
물품,2022,은종자,은종자(銀鍾子),3D-은종자.glb,https://dh.aks.ac.kr/hanyang2/glb/2022/물품/3D-은종자.glb,https://dh.aks.ac.kr/hanyang2/wiki/index.php/2022_3D%EB%AA%A8%EB%8D%B8%EB%A7%81-%EB%AC%BC%ED%92%88,미검토,미검토,목록만 확보,개별 파일 조건 미확인
물품,2022,은엽표,은엽표(銀葉瓢),3D-은엽표.glb,https://dh.aks.ac.kr/hanyang2/glb/2022/물품/3D-은엽표.glb,https://dh.aks.ac.kr/hanyang2/wiki/index.php/2022_3D%EB%AA%A8%EB%8D%B8%EB%A7%81-%EB%AC%BC%ED%92%88,미검토,미검토,목록만 확보,개별 파일 조건 미확인
물품,2022,4실_은주발,4실 은주발(銀周鉢),3D-4실_은주발.glb,https://dh.aks.ac.kr/hanyang2/glb/2022/물품/3D-4실_은주발.glb,https://dh.aks.ac.kr/hanyang2/wiki/index.php/2022_3D%EB%AA%A8%EB%8D%B8%EB%A7%81-%EB%AC%BC%ED%92%88,미검토,미검토,목록만 확보,개별 파일 조건 미확인
물품,2022,은병합,은병합(銀餠盒),3D-은병합.glb,https://dh.aks.ac.kr/hanyang2/glb/2022/물품/3D-은병합.glb,https://dh.aks.ac.kr/hanyang2/wiki/index.php/2022_3D%EB%AA%A8%EB%8D%B8%EB%A7%81-%EB%AC%BC%ED%92%88,미검토,미검토,목록만 확보,개별 파일 조건 미확인
물품,2022,1실_은식해기,1실 은식해기(銀食醢器),3D-1실_은식해기.glb,https://dh.aks.ac.kr/hanyang2/glb/2022/물품/3D-1실_은식해기.glb,https://dh.aks.ac.kr/hanyang2/wiki/index.php/2022_3D%EB%AA%A8%EB%8D%B8%EB%A7%81-%EB%AC%BC%ED%92%88,미검토,미검토,목록만 확보,개별 파일 조건 미확인
물품,2022,은탕보아,은탕보아(銀湯甫兒),3D-은탕보아.glb,https://dh.aks.ac.kr/hanyang2/glb/2022/물품/3D-은탕보아.glb,https://dh.aks.ac.kr/hanyang2/wiki/index.php/2022_3D%EB%AA%A8%EB%8D%B8%EB%A7%81-%EB%AC%BC%ED%92%88,미검토,미검토,목록만 확보,개별 파일 조건 미확인
물품,2022,2실_은식해기,2실 은식해기(銀食醢器),3D-2실_은식해기.glb,https://dh.aks.ac.kr/hanyang2/glb/2022/물품/3D-2실_은식해기.glb,https://dh.aks.ac.kr/hanyang2/wiki/index.php/2022_3D%EB%AA%A8%EB%8D%B8%EB%A7%81-%EB%AC%BC%ED%92%88,미검토,미검토,목록만 확보,개별 파일 조건 미확인
물품,2022,은접시1,은접시(銀接匙)1,3D-은접시1.glb,https://dh.aks.ac.kr/hanyang2/glb/2022/물품/3D-은접시1.glb,https://dh.aks.ac.kr/hanyang2/wiki/index.php/2022_3D%EB%AA%A8%EB%8D%B8%EB%A7%81-%EB%AC%BC%ED%92%88,미검토,미검토,목록만 확보,개별 파일 조건 미확인
물품,2022,은접시2,은접시(銀接匙)2,3D-은접시2.glb,https://dh.aks.ac.kr/hanyang2/glb/2022/물품/3D-은접시2.glb,https://dh.aks.ac.kr/hanyang2/wiki/index.php/2022_3D%EB%AA%A8%EB%8D%B8%EB%A7%81-%EB%AC%BC%ED%92%88,미검토,미검토,목록만 확보,개별 파일 조건 미확인
물품,2022,은자기,은자기(銀炙器),3D-은자기.glb,https://dh.aks.ac.kr/hanyang2/glb/2022/물품/3D-은자기.glb,https://dh.aks.ac.kr/hanyang2/wiki/index.php/2022_3D%EB%AA%A8%EB%8D%B8%EB%A7%81-%EB%AC%BC%ED%92%88,미검토,미검토,목록만 확보,개별 파일 조건 미확인
물품,2022,은절육기,은절육기(銀折肉器),3D-은절육기.glb,https://dh.aks.ac.kr/hanyang2/glb/2022/물품/3D-은절육기.glb,https://dh.aks.ac.kr/hanyang2/wiki/index.php/2022_3D%EB%AA%A8%EB%8D%B8%EB%A7%81-%EB%AC%BC%ED%92%88,미검토,미검토,목록만 확보,개별 파일 조건 미확인
물품,2022,은접시3,은접시(銀接匙)3,3D-은접시3.glb,https://dh.aks.ac.kr/hanyang2/glb/2022/물품/3D-은접시3.glb,https://dh.aks.ac.kr/hanyang2/wiki/index.php/2022_3D%EB%AA%A8%EB%8D%B8%EB%A7%81-%EB%AC%BC%ED%92%88,미검토,미검토,목록만 확보,개별 파일 조건 미확인
물품,2022,향상,향상(香床),3D-향상.glb,https://dh.aks.ac.kr/hanyang2/glb/2022/물품/3D-향상.glb,https://dh.aks.ac.kr/hanyang2/wiki/index.php/2022_3D%EB%AA%A8%EB%8D%B8%EB%A7%81-%EB%AC%BC%ED%92%88,미검토,미검토,목록만 확보,개별 파일 조건 미확인
물품,2022,은시,은시(銀匙),3D-은시.glb,https://dh.aks.ac.kr/hanyang2/glb/2022/물품/3D-은시.glb,https://dh.aks.ac.kr/hanyang2/wiki/index.php/2022_3D%EB%AA%A8%EB%8D%B8%EB%A7%81-%EB%AC%BC%ED%92%88,미검토,미검토,목록만 확보,개별 파일 조건 미확인
물품,2022,부젓가락과_부삽과_화류통,부젓가락(火著)과 부삽(火插)과 화류통(華榴桶),3D-부젓가락과_부삽과_화류통.glb,https://dh.aks.ac.kr/hanyang2/glb/2022/물품/3D-부젓가락과_부삽과_화류통.glb,https://dh.aks.ac.kr/hanyang2/wiki/index.php/2022_3D%EB%AA%A8%EB%8D%B8%EB%A7%81-%EB%AC%BC%ED%92%88,미검토,미검토,목록만 확보,개별 파일 조건 미확인
물품,2022,황공단_일산,황공단 일산(黃貢緞日傘),3D-황공단_일산.glb,https://dh.aks.ac.kr/hanyang2/glb/2022/물품/3D-황공단_일산.glb,https://dh.aks.ac.kr/hanyang2/wiki/index.php/2022_3D%EB%AA%A8%EB%8D%B8%EB%A7%81-%EB%AC%BC%ED%92%88,미검토,미검토,목록만 확보,개별 파일 조건 미확인
물품,2022,황공단_선,황공단 선(黃貢緞扇),3D-황공단_선.glb,https://dh.aks.ac.kr/hanyang2/glb/2022/물품/3D-황공단_선.glb,https://dh.aks.ac.kr/hanyang2/wiki/index.php/2022_3D%EB%AA%A8%EB%8D%B8%EB%A7%81-%EB%AC%BC%ED%92%88,미검토,미검토,목록만 확보,개별 파일 조건 미확인
물품,2022,옻칠_나무받침,옻칠 나무받침,3D-옻칠_나무받침.glb,https://dh.aks.ac.kr/hanyang2/glb/2022/물품/3D-옻칠_나무받침.glb,https://dh.aks.ac.kr/hanyang2/wiki/index.php/2022_3D%EB%AA%A8%EB%8D%B8%EB%A7%81-%EB%AC%BC%ED%92%88,미검토,미검토,목록만 확보,개별 파일 조건 미확인
물품,2022,놋쇠서고기,놋쇠서고기,3D-놋쇠서고기.glb,https://dh.aks.ac.kr/hanyang2/glb/2022/물품/3D-놋쇠서고기.glb,https://dh.aks.ac.kr/hanyang2/wiki/index.php/2022_3D%EB%AA%A8%EB%8D%B8%EB%A7%81-%EB%AC%BC%ED%92%88,미검토,미검토,목록만 확보,개별 파일 조건 미확인
물품,2022,놋쇠쟁반,놋쇠쟁반,3D-놋쇠쟁반.glb,https://dh.aks.ac.kr/hanyang2/glb/2022/물품/3D-놋쇠쟁반.glb,https://dh.aks.ac.kr/hanyang2/wiki/index.php/2022_3D%EB%AA%A8%EB%8D%B8%EB%A7%81-%EB%AC%BC%ED%92%88,미검토,미검토,목록만 확보,개별 파일 조건 미확인
음식,2022,각색병,각색병(各色餠),3D-각색병.glb,https://dh.aks.ac.kr/hanyang2/glb/2022/음식/3D-각색병.glb,https://dh.aks.ac.kr/hanyang2/wiki/index.php/2022_3D%EB%AA%A8%EB%8D%B8%EB%A7%81-%EC%9D%8C%EC%8B%9D,미검토,미검토,목록만 확보,개별 파일 조건 미확인
음식,2022,조란-율란-강란-녹말병-서여병-대조-준시,조란-율란-강란-녹말병-서여병-대조-준시 (棗卵·栗卵·薑卵·菉末餠·薯蕷餠·大棗·蹲柿),3D-조란-율란-강란-녹말병-서여병-대조-준시.glb,https://dh.aks.ac.kr/hanyang2/glb/2022/음식/3D-조란-율란-강란-녹말병-서여병-대조-준시.glb,https://dh.aks.ac.kr/hanyang2/wiki/index.php/2022_3D%EB%AA%A8%EB%8D%B8%EB%A7%81-%EC%9D%8C%EC%8B%9D,미검토,미검토,목록만 확보,개별 파일 조건 미확인
음식,2022,화면,화면 (花麪),3D-화면.glb,https://dh.aks.ac.kr/hanyang2/glb/2022/음식/3D-화면.glb,https://dh.aks.ac.kr/hanyang2/wiki/index.php/2022_3D%EB%AA%A8%EB%8D%B8%EB%A7%81-%EC%9D%8C%EC%8B%9D,미검토,미검토,목록만 확보,개별 파일 조건 미확인
음식,2022,초계탕,초계탕 (醋鷄湯),3D-초계탕.glb,https://dh.aks.ac.kr/hanyang2/glb/2022/음식/3D-초계탕.glb,https://dh.aks.ac.kr/hanyang2/wiki/index.php/2022_3D%EB%AA%A8%EB%8D%B8%EB%A7%81-%EC%9D%8C%EC%8B%9D,미검토,미검토,목록만 확보,개별 파일 조건 미확인
음식,2022,각색연절육,각색연절육 (各色軟截肉),3D-각색연절육.glb,https://dh.aks.ac.kr/hanyang2/glb/2022/음식/3D-각색연절육.glb,https://dh.aks.ac.kr/hanyang2/wiki/index.php/2022_3D%EB%AA%A8%EB%8D%B8%EB%A7%81-%EC%9D%8C%EC%8B%9D,미검토,미검토,목록만 확보,개별 파일 조건 미확인
음식,2022,다식과-만두과-각색다식-삼색매화연사과-오색강정-각색당,다식과-만두과-각색다식-삼색매화연사과-오색강정-각색당(茶食果·饅頭果·各色茶食·三色梅花軟絲果·五色強精·各色糖),3D-다식과-만두과-각색다식-삼색매화연사과-오색강정-각색당.glb,https://dh.aks.ac.kr/hanyang2/glb/2022/음식/3D-다식과-만두과-각색다식-삼색매화연사과-오색강정-각색당.glb,https://dh.aks.ac.kr/hanyang2/wiki/index.php/2022_3D%EB%AA%A8%EB%8D%B8%EB%A7%81-%EC%9D%8C%EC%8B%9D,미검토,미검토,목록만 확보,개별 파일 조건 미확인
음식,2022,청포채,청포채 (靑泡菜),3D-청포채.glb,https://dh.aks.ac.kr/hanyang2/glb/2022/음식/3D-청포채.glb,https://dh.aks.ac.kr/hanyang2/wiki/index.php/2022_3D%EB%AA%A8%EB%8D%B8%EB%A7%81-%EC%9D%8C%EC%8B%9D,미검토,미검토,목록만 확보,개별 파일 조건 미확인
음식,2022,수란,수란 (水卵),3D-수란.glb,https://dh.aks.ac.kr/hanyang2/glb/2022/음식/3D-수란.glb,https://dh.aks.ac.kr/hanyang2/wiki/index.php/2022_3D%EB%AA%A8%EB%8D%B8%EB%A7%81-%EC%9D%8C%EC%8B%9D,미검토,미검토,목록만 확보,개별 파일 조건 미확인
음식,2022,삼색회,삼색회 (三色膾),3D-삼색회.glb,https://dh.aks.ac.kr/hanyang2/glb/2022/음식/3D-삼색회.glb,https://dh.aks.ac.kr/hanyang2/wiki/index.php/2022_3D%EB%AA%A8%EB%8D%B8%EB%A7%81-%EC%9D%8C%EC%8B%9D,미검토,미검토,목록만 확보,개별 파일 조건 미확인
음식,2022,백청,백청(白淸),3D-백청.glb,https://dh.aks.ac.kr/hanyang2/glb/2022/음식/3D-백청.glb,https://dh.aks.ac.kr/hanyang2/wiki/index.php/2022_3D%EB%AA%A8%EB%8D%B8%EB%A7%81-%EC%9D%8C%EC%8B%9D,미검토,미검토,목록만 확보,개별 파일 조건 미확인
음식,2022,개자,개자 (芥子),3D-개자.glb,https://dh.aks.ac.kr/hanyang2/glb/2022/음식/3D-개자.glb,https://dh.aks.ac.kr/hanyang2/wiki/index.php/2022_3D%EB%AA%A8%EB%8D%B8%EB%A7%81-%EC%9D%8C%EC%8B%9D,미검토,미검토,목록만 확보,개별 파일 조건 미확인
음식,2022,초장,초장 (醋醬),3D-초장.glb,https://dh.aks.ac.kr/hanyang2/glb/2022/음식/3D-초장.glb,https://dh.aks.ac.kr/hanyang2/wiki/index.php/2022_3D%EB%AA%A8%EB%8D%B8%EB%A7%81-%EC%9D%8C%EC%8B%9D,미검토,미검토,목록만 확보,개별 파일 조건 미확인
음식,2022,건면,건면 (乾麪),3D-건면.glb,https://dh.aks.ac.kr/hanyang2/glb/2022/음식/3D-건면.glb,https://dh.aks.ac.kr/hanyang2/wiki/index.php/2022_3D%EB%AA%A8%EB%8D%B8%EB%A7%81-%EC%9D%8C%EC%8B%9D,미검토,미검토,목록만 확보,개별 파일 조건 미확인
음식,2022,대약과,대약과 (大藥果),3D-대약과.glb,https://dh.aks.ac.kr/hanyang2/glb/2022/음식/3D-대약과.glb,https://dh.aks.ac.kr/hanyang2/wiki/index.php/2022_3D%EB%AA%A8%EB%8D%B8%EB%A7%81-%EC%9D%8C%EC%8B%9D,미검토,미검토,목록만 확보,개별 파일 조건 미확인
음식,2022,각색다식,각색다식 (各色茶食),3D-각색다식.glb,https://dh.aks.ac.kr/hanyang2/glb/2022/음식/3D-각색다식.glb,https://dh.aks.ac.kr/hanyang2/wiki/index.php/2022_3D%EB%AA%A8%EB%8D%B8%EB%A7%81-%EC%9D%8C%EC%8B%9D,미검토,미검토,목록만 확보,개별 파일 조건 미확인
음식,2022,양색차수과,양색차수과(兩色叉手果),3D-양색차수과.glb,https://dh.aks.ac.kr/hanyang2/glb/2022/음식/3D-양색차수과.glb,https://dh.aks.ac.kr/hanyang2/wiki/index.php/2022_3D%EB%AA%A8%EB%8D%B8%EB%A7%81-%EC%9D%8C%EC%8B%9D,미검토,미검토,목록만 확보,개별 파일 조건 미확인
음식,2022,양색요화,양색요화(兩色蓼花),3D-양색요화.glb,https://dh.aks.ac.kr/hanyang2/glb/2022/음식/3D-양색요화.glb,https://dh.aks.ac.kr/hanyang2/wiki/index.php/2022_3D%EB%AA%A8%EB%8D%B8%EB%A7%81-%EC%9D%8C%EC%8B%9D,미검토,미검토,목록만 확보,개별 파일 조건 미확인
음식,2022,조란-율란-강란,조란-율란-강란(棗卵·栗卵·薑卵),3D-조란-율란-강란.glb,https://dh.aks.ac.kr/hanyang2/glb/2022/음식/3D-조란-율란-강란.glb,https://dh.aks.ac.kr/hanyang2/wiki/index.php/2022_3D%EB%AA%A8%EB%8D%B8%EB%A7%81-%EC%9D%8C%EC%8B%9D,미검토,미검토,목록만 확보,개별 파일 조건 미확인
음식,2022,녹말병-서여병-전약,녹말병-서여병-전약(菉末餠·薯蕷餠·煎藥),3D-녹말병-서여병-전약.glb,https://dh.aks.ac.kr/hanyang2/glb/2022/음식/3D-녹말병-서여병-전약.glb,https://dh.aks.ac.kr/hanyang2/wiki/index.php/2022_3D%EB%AA%A8%EB%8D%B8%EB%A7%81-%EC%9D%8C%EC%8B%9D,미검토,미검토,목록만 확보,개별 파일 조건 미확인
음식,2022,호도-송백자,호도-송백자(胡桃·松栢子),3D-호도-송백자.glb,https://dh.aks.ac.kr/hanyang2/glb/2022/음식/3D-호도-송백자.glb,https://dh.aks.ac.kr/hanyang2/wiki/index.php/2022_3D%EB%AA%A8%EB%8D%B8%EB%A7%81-%EC%9D%8C%EC%8B%9D,미검토,미검토,목록만 확보,개별 파일 조건 미확인
음식,2022,화채,화채(花菜),3D-화채.glb,https://dh.aks.ac.kr/hanyang2/glb/2022/음식/3D-화채.glb,https://dh.aks.ac.kr/hanyang2/wiki/index.php/2022_3D%EB%AA%A8%EB%8D%B8%EB%A7%81-%EC%9D%8C%EC%8B%9D,미검토,미검토,목록만 확보,개별 파일 조건 미확인
음식,2022,금중탕,금중탕(錦中湯),3D-금중탕.glb,https://dh.aks.ac.kr/hanyang2/glb/2022/음식/3D-금중탕.glb,https://dh.aks.ac.kr/hanyang2/wiki/index.php/2022_3D%EB%AA%A8%EB%8D%B8%EB%A7%81-%EC%9D%8C%EC%8B%9D,미검토,미검토,목록만 확보,개별 파일 조건 미확인
음식,2022,어만두-어채,어만두-어채(魚饅頭·魚菜),3D-어만두-어채.glb,https://dh.aks.ac.kr/hanyang2/glb/2022/음식/3D-어만두-어채.glb,https://dh.aks.ac.kr/hanyang2/wiki/index.php/2022_3D%EB%AA%A8%EB%8D%B8%EB%A7%81-%EC%9D%8C%EC%8B%9D,미검토,미검토,목록만 확보,개별 파일 조건 미확인
음식,2022,각색갑회,각색갑회(各色甲膾),3D-각색갑회.glb,https://dh.aks.ac.kr/hanyang2/glb/2022/음식/3D-각색갑회.glb,https://dh.aks.ac.kr/hanyang2/wiki/index.php/2022_3D%EB%AA%A8%EB%8D%B8%EB%A7%81-%EC%9D%8C%EC%8B%9D,미검토,미검토,목록만 확보,개별 파일 조건 미확인
음식,2022,잡탕,잡탕(雜湯),3D-잡탕.glb,https://dh.aks.ac.kr/hanyang2/glb/2022/음식/3D-잡탕.glb,https://dh.aks.ac.kr/hanyang2/wiki/index.php/2022_3D%EB%AA%A8%EB%8D%B8%EB%A7%81-%EC%9D%8C%EC%8B%9D,미검토,미검토,목록만 확보,개별 파일 조건 미확인
음식,2022,양색한과,양색한과(兩色漢果),3D-양색한과.glb,https://dh.aks.ac.kr/hanyang2/glb/2022/음식/3D-양색한과.glb,https://dh.aks.ac.kr/hanyang2/wiki/index.php/2022_3D%EB%AA%A8%EB%8D%B8%EB%A7%81-%EC%9D%8C%EC%8B%9D,미검토,미검토,목록만 확보,개별 파일 조건 미확인
음식,2022,약과-각색다식-각색당-각색절육,약과-각색다식-각색당-각색절육(藥果·各色茶食·各色糖·各色截肉),3D-약과-각색다식-각색당-각색절육.glb,https://dh.aks.ac.kr/hanyang2/glb/2022/음식/3D-약과-각색다식-각색당-각색절육.glb,https://dh.aks.ac.kr/hanyang2/wiki/index.php/2022_3D%EB%AA%A8%EB%8D%B8%EB%A7%81-%EC%9D%8C%EC%8B%9D,미검토,미검토,목록만 확보,개별 파일 조건 미확인
음식,2022,승기아탕,승기아탕(勝只雅湯),3D-승기아탕.glb,https://dh.aks.ac.kr/hanyang2/glb/2022/음식/3D-승기아탕.glb,https://dh.aks.ac.kr/hanyang2/wiki/index.php/2022_3D%EB%AA%A8%EB%8D%B8%EB%A7%81-%EC%9D%8C%EC%8B%9D,미검토,미검토,목록만 확보,개별 파일 조건 미확인
음식,2022,유자,유자(柚子),3D-유자.glb,https://dh.aks.ac.kr/hanyang2/glb/2022/음식/3D-유자.glb,https://dh.aks.ac.kr/hanyang2/wiki/index.php/2022_3D%EB%AA%A8%EB%8D%B8%EB%A7%81-%EC%9D%8C%EC%8B%9D,미검토,미검토,목록만 확보,개별 파일 조건 미확인
음식,2022,생리숙,생리숙(生梨熟),3D-생리숙.glb,https://dh.aks.ac.kr/hanyang2/glb/2022/음식/3D-생리숙.glb,https://dh.aks.ac.kr/hanyang2/wiki/index.php/2022_3D%EB%AA%A8%EB%8D%B8%EB%A7%81-%EC%9D%8C%EC%8B%9D,미검토,미검토,목록만 확보,개별 파일 조건 미확인
음식,2022,전복절,전복절(全鰒折),3D-전복절.glb,https://dh.aks.ac.kr/hanyang2/glb/2022/음식/3D-전복절.glb,https://dh.aks.ac.kr/hanyang2/wiki/index.php/2022_3D%EB%AA%A8%EB%8D%B8%EB%A7%81-%EC%9D%8C%EC%8B%9D,미검토,미검토,목록만 확보,개별 파일 조건 미확인
음식,2022,문어절,문어절(文魚折),3D-문어절.glb,https://dh.aks.ac.kr/hanyang2/glb/2022/음식/3D-문어절.glb,https://dh.aks.ac.kr/hanyang2/wiki/index.php/2022_3D%EB%AA%A8%EB%8D%B8%EB%A7%81-%EC%9D%8C%EC%8B%9D,미검토,미검토,목록만 확보,개별 파일 조건 미확인
음식,2022,다식과-만두과-각색다식-삼색매화연사과-오색강정,다식과-만두과-각색다식-삼색매화연사과-오색강정(茶食果·饅頭果·各色茶食·三色梅花軟絲果·五色強精),3D-다식과-만두과-각색다식-삼색매화연사과-오색강정.glb,https://dh.aks.ac.kr/hanyang2/glb/2022/음식/3D-다식과-만두과-각색다식-삼색매화연사과-오색강정.glb,https://dh.aks.ac.kr/hanyang2/wiki/index.php/2022_3D%EB%AA%A8%EB%8D%B8%EB%A7%81-%EC%9D%8C%EC%8B%9D,미검토,미검토,목록만 확보,개별 파일 조건 미확인
음식,2022,유자-감자-석류-생리-생률,유자-감자-석류-생리-생률 (柚子·柑子·石榴·生梨·生栗),3D-유자-감자-석류-생리-생률.glb,https://dh.aks.ac.kr/hanyang2/glb/2022/음식/3D-유자-감자-석류-생리-생률.glb,https://dh.aks.ac.kr/hanyang2/wiki/index.php/2022_3D%EB%AA%A8%EB%8D%B8%EB%A7%81-%EC%9D%8C%EC%8B%9D,미검토,미검토,목록만 확보,개별 파일 조건 미확인
음식,2022,각색정과-전약,각색정과-전약(各色正果·煎藥),3D-각색정과-전약.glb,https://dh.aks.ac.kr/hanyang2/glb/2022/음식/3D-각색정과-전약.glb,https://dh.aks.ac.kr/hanyang2/wiki/index.php/2022_3D%EB%AA%A8%EB%8D%B8%EB%A7%81-%EC%9D%8C%EC%8B%9D,미검토,미검토,목록만 확보,개별 파일 조건 미확인
음식,2022,전복초-해삼전,전복초-해삼전(全鰒炒·海蔘煎),3D-전복초-해삼전.glb,https://dh.aks.ac.kr/hanyang2/glb/2022/음식/3D-전복초-해삼전.glb,https://dh.aks.ac.kr/hanyang2/wiki/index.php/2022_3D%EB%AA%A8%EB%8D%B8%EB%A7%81-%EC%9D%8C%EC%8B%9D,미검토,미검토,목록만 확보,개별 파일 조건 미확인
음식,2022,각색조악-화전-단자병,각색조악-화전-단자병 (各色助岳·花煎·團子餠),3D-각색조악-화전-단자병.glb,https://dh.aks.ac.kr/hanyang2/glb/2022/음식/3D-각색조악-화전-단자병.glb,https://dh.aks.ac.kr/hanyang2/wiki/index.php/2022_3D%EB%AA%A8%EB%8D%B8%EB%A7%81-%EC%9D%8C%EC%8B%9D,미검토,미검토,목록만 확보,개별 파일 조건 미확인
음식,2022,양색세건반강정-오색강정-삼색빙사과,양색세건반강정-오색강정-삼색빙사과 (兩色細乾飯強精·五色強精·三色冰絲果),3D-양색세건반강정-오색강정-삼색빙사과.glb,https://dh.aks.ac.kr/hanyang2/glb/2022/음식/3D-양색세건반강정-오색강정-삼색빙사과.glb,https://dh.aks.ac.kr/hanyang2/wiki/index.php/2022_3D%EB%AA%A8%EB%8D%B8%EB%A7%81-%EC%9D%8C%EC%8B%9D,미검토,미검토,목록만 확보,개별 파일 조건 미확인
음식,2022,삼색매화연사과,삼색매화연사과(三色梅花軟絲果),3D-삼색매화연사과.glb,https://dh.aks.ac.kr/hanyang2/glb/2022/음식/3D-삼색매화연사과.glb,https://dh.aks.ac.kr/hanyang2/wiki/index.php/2022_3D%EB%AA%A8%EB%8D%B8%EB%A7%81-%EC%9D%8C%EC%8B%9D,미검토,미검토,목록만 확보,개별 파일 조건 미확인
음식,2022,양색세건반연사과,양색세건반연사과(兩色細乾飯軟絲果),3D-양색세건반연사과.glb,https://dh.aks.ac.kr/hanyang2/glb/2022/음식/3D-양색세건반연사과.glb,https://dh.aks.ac.kr/hanyang2/wiki/index.php/2022_3D%EB%AA%A8%EB%8D%B8%EB%A7%81-%EC%9D%8C%EC%8B%9D,미검토,미검토,목록만 확보,개별 파일 조건 미확인
음식,2022,유자-감자,유자-감자(柚子·柑子),3D-유자-감자.glb,https://dh.aks.ac.kr/hanyang2/glb/2022/음식/3D-유자-감자.glb,https://dh.aks.ac.kr/hanyang2/wiki/index.php/2022_3D%EB%AA%A8%EB%8D%B8%EB%A7%81-%EC%9D%8C%EC%8B%9D,미검토,미검토,목록만 확보,개별 파일 조건 미확인
음식,2022,율황,율황(栗黃),3D-율황.glb,https://dh.aks.ac.kr/hanyang2/glb/2022/음식/3D-율황.glb,https://dh.aks.ac.kr/hanyang2/wiki/index.php/2022_3D%EB%AA%A8%EB%8D%B8%EB%A7%81-%EC%9D%8C%EC%8B%9D,미검토,미검토,목록만 확보,개별 파일 조건 미확인
음식,2022,건조,건조(乾棗),3D-건조.glb,https://dh.aks.ac.kr/hanyang2/glb/2022/음식/3D-건조.glb,https://dh.aks.ac.kr/hanyang2/wiki/index.php/2022_3D%EB%AA%A8%EB%8D%B8%EB%A7%81-%EC%9D%8C%EC%8B%9D,미검토,미검토,목록만 확보,개별 파일 조건 미확인
음식,2022,어수,어수(魚鱐),3D-어수.glb,https://dh.aks.ac.kr/hanyang2/glb/2022/음식/3D-어수.glb,https://dh.aks.ac.kr/hanyang2/wiki/index.php/2022_3D%EB%AA%A8%EB%8D%B8%EB%A7%81-%EC%9D%8C%EC%8B%9D,미검토,미검토,목록만 확보,개별 파일 조건 미확인
음식,2022,구이,구이(糗餌),3D-구이.glb,https://dh.aks.ac.kr/hanyang2/glb/2022/음식/3D-구이.glb,https://dh.aks.ac.kr/hanyang2/wiki/index.php/2022_3D%EB%AA%A8%EB%8D%B8%EB%A7%81-%EC%9D%8C%EC%8B%9D,미검토,미검토,목록만 확보,개별 파일 조건 미확인
음식,2022,녹포,녹포(鹿脯),3D-녹포.glb,https://dh.aks.ac.kr/hanyang2/glb/2022/음식/3D-녹포.glb,https://dh.aks.ac.kr/hanyang2/wiki/index.php/2022_3D%EB%AA%A8%EB%8D%B8%EB%A7%81-%EC%9D%8C%EC%8B%9D,미검토,미검토,목록만 확보,개별 파일 조건 미확인
음식,2022,근저,근저(芹菹),3D-근저.glb,https://dh.aks.ac.kr/hanyang2/glb/2022/음식/3D-근저.glb,https://dh.aks.ac.kr/hanyang2/wiki/index.php/2022_3D%EB%AA%A8%EB%8D%B8%EB%A7%81-%EC%9D%8C%EC%8B%9D,미검토,미검토,목록만 확보,개별 파일 조건 미확인
음식,2022,녹해,녹해(鹿醢),3D-녹해.glb,https://dh.aks.ac.kr/hanyang2/glb/2022/음식/3D-녹해.glb,https://dh.aks.ac.kr/hanyang2/wiki/index.php/2022_3D%EB%AA%A8%EB%8D%B8%EB%A7%81-%EC%9D%8C%EC%8B%9D,미검토,미검토,목록만 확보,개별 파일 조건 미확인
음식,2022,청저,청저(菁菹),3D-청저.glb,https://dh.aks.ac.kr/hanyang2/glb/2022/음식/3D-청저.glb,https://dh.aks.ac.kr/hanyang2/wiki/index.php/2022_3D%EB%AA%A8%EB%8D%B8%EB%A7%81-%EC%9D%8C%EC%8B%9D,미검토,미검토,목록만 확보,개별 파일 조건 미확인
음식,2022,구저,구저(韭菹),3D-구저.glb,https://dh.aks.ac.kr/hanyang2/glb/2022/음식/3D-구저.glb,https://dh.aks.ac.kr/hanyang2/wiki/index.php/2022_3D%EB%AA%A8%EB%8D%B8%EB%A7%81-%EC%9D%8C%EC%8B%9D,미검토,미검토,목록만 확보,개별 파일 조건 미확인
음식,2022,이식,이식(酏食),3D-이식.glb,https://dh.aks.ac.kr/hanyang2/glb/2022/음식/3D-이식.glb,https://dh.aks.ac.kr/hanyang2/wiki/index.php/2022_3D%EB%AA%A8%EB%8D%B8%EB%A7%81-%EC%9D%8C%EC%8B%9D,미검토,미검토,목록만 확보,개별 파일 조건 미확인
음식,2022,돈박,돈박(豚拍),3D-돈박.glb,https://dh.aks.ac.kr/hanyang2/glb/2022/음식/3D-돈박.glb,https://dh.aks.ac.kr/hanyang2/wiki/index.php/2022_3D%EB%AA%A8%EB%8D%B8%EB%A7%81-%EC%9D%8C%EC%8B%9D,미검토,미검토,목록만 확보,개별 파일 조건 미확인
음식,2022,비석,비석(脾析),3D-비석.glb,https://dh.aks.ac.kr/hanyang2/glb/2022/음식/3D-비석.glb,https://dh.aks.ac.kr/hanyang2/wiki/index.php/2022_3D%EB%AA%A8%EB%8D%B8%EB%A7%81-%EC%9D%8C%EC%8B%9D,미검토,미검토,목록만 확보,개별 파일 조건 미확인
음식,2022,서미,서미(黍米),3D-서미.glb,https://dh.aks.ac.kr/hanyang2/glb/2022/음식/3D-서미.glb,https://dh.aks.ac.kr/hanyang2/wiki/index.php/2022_3D%EB%AA%A8%EB%8D%B8%EB%A7%81-%EC%9D%8C%EC%8B%9D,미검토,미검토,목록만 확보,개별 파일 조건 미확인
음식,2022,직미,직미(稷米),3D-직미.glb,https://dh.aks.ac.kr/hanyang2/glb/2022/음식/3D-직미.glb,https://dh.aks.ac.kr/hanyang2/wiki/index.php/2022_3D%EB%AA%A8%EB%8D%B8%EB%A7%81-%EC%9D%8C%EC%8B%9D,미검토,미검토,목록만 확보,개별 파일 조건 미확인
음식,2022,시대갱,시대갱(豕大羹),3D-시대갱.glb,https://dh.aks.ac.kr/hanyang2/glb/2022/음식/3D-시대갱.glb,https://dh.aks.ac.kr/hanyang2/wiki/index.php/2022_3D%EB%AA%A8%EB%8D%B8%EB%A7%81-%EC%9D%8C%EC%8B%9D,미검토,미검토,목록만 확보,개별 파일 조건 미확인
음식,2022,우성칠체,우성칠체(牛腥七體),3D-우성칠체.glb,https://dh.aks.ac.kr/hanyang2/glb/2022/음식/3D-우성칠체.glb,https://dh.aks.ac.kr/hanyang2/wiki/index.php/2022_3D%EB%AA%A8%EB%8D%B8%EB%A7%81-%EC%9D%8C%EC%8B%9D,미검토,미검토,목록만 확보,개별 파일 조건 미확인
복식,2021,자적용포,자적용포(紫的龍袍),3D-자적용포.glb,https://dh.aks.ac.kr/hanyang2/glb/복식/3D-자적용포.glb,https://dh.aks.ac.kr/hanyang2/wiki/index.php/3D%EB%AA%A8%EB%8D%B8%EB%A7%81-%EB%B3%B5%EC%8B%9D,미검토,미검토,목록만 확보,개별 파일 조건 미확인
복식,2021,다홍색창의,다홍색창의(茶紅色氅衣),3D-다홍색창의.glb,https://dh.aks.ac.kr/hanyang2/glb/복식/3D-다홍색창의.glb,https://dh.aks.ac.kr/hanyang2/wiki/index.php/3D%EB%AA%A8%EB%8D%B8%EB%A7%81-%EB%B3%B5%EC%8B%9D,미검토,미검토,목록만 확보,개별 파일 조건 미확인
복식,2021,사규삼,사규삼(四揆衫),3D-사규삼.glb,https://dh.aks.ac.kr/hanyang2/glb/복식/3D-사규삼.glb,https://dh.aks.ac.kr/hanyang2/wiki/index.php/3D%EB%AA%A8%EB%8D%B8%EB%A7%81-%EB%B3%B5%EC%8B%9D,미검토,미검토,목록만 확보,개별 파일 조건 미확인
복식,2021,어린이두루마기,어린이두루마기(周衣),3D-어린이두루마기.glb,https://dh.aks.ac.kr/hanyang2/glb/복식/3D-어린이두루마기.glb,https://dh.aks.ac.kr/hanyang2/wiki/index.php/3D%EB%AA%A8%EB%8D%B8%EB%A7%81-%EB%B3%B5%EC%8B%9D,미검토,미검토,목록만 확보,개별 파일 조건 미확인
복식,2021,홍원삼,홍원삼(紅圓衫),3D-홍원삼.glb,https://dh.aks.ac.kr/hanyang2/glb/복식/3D-홍원삼.glb,https://dh.aks.ac.kr/hanyang2/wiki/index.php/3D%EB%AA%A8%EB%8D%B8%EB%A7%81-%EB%B3%B5%EC%8B%9D,미검토,미검토,목록만 확보,개별 파일 조건 미확인
복식,2021,쌍동자삼작노리개,쌍동자삼작노리개(雙童子三作佩物),3D-쌍동자삼작노리개.glb,https://dh.aks.ac.kr/hanyang2/glb/복식/3D-쌍동자삼작노리개.glb,https://dh.aks.ac.kr/hanyang2/wiki/index.php/3D%EB%AA%A8%EB%8D%B8%EB%A7%81-%EB%B3%B5%EC%8B%9D,미검토,미검토,목록만 확보,개별 파일 조건 미확인
복식,2021,백옥쌍룡문단작노리개,백옥쌍룡문단작노리개(白玉雙龍紋單作佩物),3D-백옥쌍룡문단작노리개.glb,https://dh.aks.ac.kr/hanyang2/glb/복식/3D-백옥쌍룡문단작노리개.glb,https://dh.aks.ac.kr/hanyang2/wiki/index.php/3D%EB%AA%A8%EB%8D%B8%EB%A7%81-%EB%B3%B5%EC%8B%9D,미검토,미검토,목록만 확보,개별 파일 조건 미확인
복식,2021,마고자,마고자,3D-마고자.glb,https://dh.aks.ac.kr/hanyang2/glb/복식/3D-마고자.glb,https://dh.aks.ac.kr/hanyang2/wiki/index.php/3D%EB%AA%A8%EB%8D%B8%EB%A7%81-%EB%B3%B5%EC%8B%9D,미검토,미검토,목록만 확보,개별 파일 조건 미확인
복식,2021,조끼,조끼,3D-조끼.glb,https://dh.aks.ac.kr/hanyang2/glb/복식/3D-조끼.glb,https://dh.aks.ac.kr/hanyang2/wiki/index.php/3D%EB%AA%A8%EB%8D%B8%EB%A7%81-%EB%B3%B5%EC%8B%9D,미검토,미검토,목록만 확보,개별 파일 조건 미확인
복식,2021,속치마,속치마,3D-속치마.glb,https://dh.aks.ac.kr/hanyang2/glb/복식/3D-속치마.glb,https://dh.aks.ac.kr/hanyang2/wiki/index.php/3D%EB%AA%A8%EB%8D%B8%EB%A7%81-%EB%B3%B5%EC%8B%9D,미검토,미검토,목록만 확보,개별 파일 조건 미확인
복식,2021,대한제국_대원수예복_모자,대한제국 대원수 예복 모자(大韓帝國 大元帥 禮服 帽),3D-대한제국_대원수예복_모자.glb,https://dh.aks.ac.kr/hanyang2/glb/복식/3D-대한제국_대원수예복_모자.glb,https://dh.aks.ac.kr/hanyang2/wiki/index.php/3D%EB%AA%A8%EB%8D%B8%EB%A7%81-%EB%B3%B5%EC%8B%9D,미검토,미검토,목록만 확보,개별 파일 조건 미확인
복식,2021,대한제국_대원수예복_대례견장,대한제국 대원수 예복 대례견장(大韓帝國 大元帥 禮服 大禮肩章),3D-대한제국_대원수예복_대례견장.glb,https://dh.aks.ac.kr/hanyang2/glb/복식/3D-대한제국_대원수예복_대례견장.glb,https://dh.aks.ac.kr/hanyang2/wiki/index.php/3D%EB%AA%A8%EB%8D%B8%EB%A7%81-%EB%B3%B5%EC%8B%9D,미검토,미검토,목록만 확보,개별 파일 조건 미확인
복식,2021,대한제국_대원수예복_식서,대한제국 대원수 예복 식서(大韓帝國 大元帥 禮服 飾緖),3D-대한제국_대원수예복_식서.glb,https://dh.aks.ac.kr/hanyang2/glb/복식/3D-대한제국_대원수예복_식서.glb,https://dh.aks.ac.kr/hanyang2/wiki/index.php/3D%EB%AA%A8%EB%8D%B8%EB%A7%81-%EB%B3%B5%EC%8B%9D,미검토,미검토,목록만 확보,개별 파일 조건 미확인
복식,2021,대한제국_대원수예복_식대,대한제국 대원수 예복 식대(大韓帝國 大元帥 禮服 飾帶),3D-대한제국_대원수예복_식대.glb,https://dh.aks.ac.kr/hanyang2/glb/복식/3D-대한제국_대원수예복_식대.glb,https://dh.aks.ac.kr/hanyang2/wiki/index.php/3D%EB%AA%A8%EB%8D%B8%EB%A7%81-%EB%B3%B5%EC%8B%9D,미검토,미검토,목록만 확보,개별 파일 조건 미확인
복식,2021,대한제국_대원수예복_예도,대한제국 대원수 예복 예도(大韓帝國 大元帥 禮服 禮刀),3D-대한제국_대원수예복_예도.glb,https://dh.aks.ac.kr/hanyang2/glb/복식/3D-대한제국_대원수예복_예도.glb,https://dh.aks.ac.kr/hanyang2/wiki/index.php/3D%EB%AA%A8%EB%8D%B8%EB%A7%81-%EB%B3%B5%EC%8B%9D,미검토,미검토,목록만 확보,개별 파일 조건 미확인
복식,2021,대한제국_대원수예복_도서,대한제국 대원수 예복 도서(大韓帝國 大元帥 禮服 刀緖),3D-대한제국_대원수예복_도서.glb,https://dh.aks.ac.kr/hanyang2/glb/복식/3D-대한제국_대원수예복_도서.glb,https://dh.aks.ac.kr/hanyang2/wiki/index.php/3D%EB%AA%A8%EB%8D%B8%EB%A7%81-%EB%B3%B5%EC%8B%9D,미검토,미검토,목록만 확보,개별 파일 조건 미확인
복식,2021,대한제국_대원수상복_모자,대한제국 대원수 상복 모자(大韓帝國 大元帥 禮服 帽),3D-대한제국_대원수상복_모자.glb,https://dh.aks.ac.kr/hanyang2/glb/복식/3D-대한제국_대원수상복_모자.glb,https://dh.aks.ac.kr/hanyang2/wiki/index.php/3D%EB%AA%A8%EB%8D%B8%EB%A7%81-%EB%B3%B5%EC%8B%9D,미검토,미검토,목록만 확보,개별 파일 조건 미확인
복식,2021,대한제국_대원수상복_소례견장,대한제국 대원수 상복 소례견장(大韓帝國 大元帥 禮服 小禮肩章),3D-대한제국_대원수상복_소례견장.glb,https://dh.aks.ac.kr/hanyang2/glb/복식/3D-대한제국_대원수상복_소례견장.glb,https://dh.aks.ac.kr/hanyang2/wiki/index.php/3D%EB%AA%A8%EB%8D%B8%EB%A7%81-%EB%B3%B5%EC%8B%9D,미검토,미검토,목록만 확보,개별 파일 조건 미확인
복식,2021,대한제국_대원수상복_도대,대한제국 대원수 상복 도대(大韓帝國 大元帥 禮服 刀帶),3D-대한제국_대원수상복_도대.glb,https://dh.aks.ac.kr/hanyang2/glb/복식/3D-대한제국_대원수상복_도대.glb,https://dh.aks.ac.kr/hanyang2/wiki/index.php/3D%EB%AA%A8%EB%8D%B8%EB%A7%81-%EB%B3%B5%EC%8B%9D,미검토,미검토,목록만 확보,개별 파일 조건 미확인
복식,2021,대한제국_태황제예복_모자,대한제국 태황제 예복 모자(大韓帝國 太皇帝 禮服 帽),3D-대한제국_태황제예복_모자.glb,https://dh.aks.ac.kr/hanyang2/glb/복식/3D-대한제국_태황제예복_모자.glb,https://dh.aks.ac.kr/hanyang2/wiki/index.php/3D%EB%AA%A8%EB%8D%B8%EB%A7%81-%EB%B3%B5%EC%8B%9D,미검토,미검토,목록만 확보,개별 파일 조건 미확인
복식,2021,대한제국_태황제예복_도대,대한제국 태황제 예복 도대(大韓帝國 太皇帝 禮服 刀帶),3D-대한제국_태황제예복_도대.glb,https://dh.aks.ac.kr/hanyang2/glb/복식/3D-대한제국_태황제예복_도대.glb,https://dh.aks.ac.kr/hanyang2/wiki/index.php/3D%EB%AA%A8%EB%8D%B8%EB%A7%81-%EB%B3%B5%EC%8B%9D,미검토,미검토,목록만 확보,개별 파일 조건 미확인
복식,2021,대한제국_태황제예복_예검,대한제국 태황제 예복 예검(大韓帝國 太皇帝 禮服 禮劍),3D-대한제국_태황제예복_예검.glb,https://dh.aks.ac.kr/hanyang2/glb/복식/3D-대한제국_태황제예복_예검.glb,https://dh.aks.ac.kr/hanyang2/wiki/index.php/3D%EB%AA%A8%EB%8D%B8%EB%A7%81-%EB%B3%B5%EC%8B%9D,미검토,미검토,목록만 확보,개별 파일 조건 미확인
복식,2021,12등적의,12등적의(十二等翟衣),3D-12등적의.glb,https://dh.aks.ac.kr/hanyang2/glb/복식/3D-12등적의.glb,https://dh.aks.ac.kr/hanyang2/wiki/index.php/3D%EB%AA%A8%EB%8D%B8%EB%A7%81-%EB%B3%B5%EC%8B%9D,미검토,미검토,목록만 확보,개별 파일 조건 미확인
복식,2021,9등적의,9등적의(九等翟衣),3D-9등적의.glb,https://dh.aks.ac.kr/hanyang2/glb/복식/3D-9등적의.glb,https://dh.aks.ac.kr/hanyang2/wiki/index.php/3D%EB%AA%A8%EB%8D%B8%EB%A7%81-%EB%B3%B5%EC%8B%9D,미검토,미검토,목록만 확보,개별 파일 조건 미확인
복식,2021,중단-황후,중단(中單)-황후,3D-중단-황후.glb,https://dh.aks.ac.kr/hanyang2/glb/복식/3D-중단-황후.glb,https://dh.aks.ac.kr/hanyang2/wiki/index.php/3D%EB%AA%A8%EB%8D%B8%EB%A7%81-%EB%B3%B5%EC%8B%9D,미검토,미검토,목록만 확보,개별 파일 조건 미확인
복식,2021,중단-황태자비,중단(中單)-황태자비,3D-중단-황태자비.glb,https://dh.aks.ac.kr/hanyang2/glb/복식/3D-중단-황태자비.glb,https://dh.aks.ac.kr/hanyang2/wiki/index.php/3D%EB%AA%A8%EB%8D%B8%EB%A7%81-%EB%B3%B5%EC%8B%9D,미검토,미검토,목록만 확보,개별 파일 조건 미확인
복식,2021,폐슬-황후,폐슬(蔽膝)-황후,3D-폐슬-황후.glb,https://dh.aks.ac.kr/hanyang2/glb/복식/3D-폐슬-황후.glb,https://dh.aks.ac.kr/hanyang2/wiki/index.php/3D%EB%AA%A8%EB%8D%B8%EB%A7%81-%EB%B3%B5%EC%8B%9D,미검토,미검토,목록만 확보,개별 파일 조건 미확인
복식,2021,폐슬-황태자비,폐슬(蔽膝)-황태자비,3D-폐슬-황태자비.glb,https://dh.aks.ac.kr/hanyang2/glb/복식/3D-폐슬-황태자비.glb,https://dh.aks.ac.kr/hanyang2/wiki/index.php/3D%EB%AA%A8%EB%8D%B8%EB%A7%81-%EB%B3%B5%EC%8B%9D,미검토,미검토,목록만 확보,개별 파일 조건 미확인
복식,2021,황원삼,황원삼(黃圓衫),3D-황원삼.glb,https://dh.aks.ac.kr/hanyang2/glb/복식/3D-황원삼.glb,https://dh.aks.ac.kr/hanyang2/wiki/index.php/3D%EB%AA%A8%EB%8D%B8%EB%A7%81-%EB%B3%B5%EC%8B%9D,미검토,미검토,목록만 확보,개별 파일 조건 미확인
복식,2021,자적원삼,자적원삼(紫的圓衫),3D-자적원삼.glb,https://dh.aks.ac.kr/hanyang2/glb/복식/3D-자적원삼.glb,https://dh.aks.ac.kr/hanyang2/wiki/index.php/3D%EB%AA%A8%EB%8D%B8%EB%A7%81-%EB%B3%B5%EC%8B%9D,미검토,미검토,목록만 확보,개별 파일 조건 미확인
복식,2021,목화-왕실남성,목화(木靴)-왕실남성,3D-목화-왕실남성.glb,https://dh.aks.ac.kr/hanyang2/glb/복식/3D-목화-왕실남성.glb,https://dh.aks.ac.kr/hanyang2/wiki/index.php/3D%EB%AA%A8%EB%8D%B8%EB%A7%81-%EB%B3%B5%EC%8B%9D,미검토,미검토,목록만 확보,개별 파일 조건 미확인
복식,2021,목화-백관,목화(木靴)-백관,3D-목화-백관.glb,https://dh.aks.ac.kr/hanyang2/glb/복식/3D-목화-백관.glb,https://dh.aks.ac.kr/hanyang2/wiki/index.php/3D%EB%AA%A8%EB%8D%B8%EB%A7%81-%EB%B3%B5%EC%8B%9D,미검토,미검토,목록만 확보,개별 파일 조건 미확인
복식,2021,백목화,백목화(白木靴),3D-백목화.glb,https://dh.aks.ac.kr/hanyang2/glb/복식/3D-백목화.glb,https://dh.aks.ac.kr/hanyang2/wiki/index.php/3D%EB%AA%A8%EB%8D%B8%EB%A7%81-%EB%B3%B5%EC%8B%9D,미검토,미검토,목록만 확보,개별 파일 조건 미확인
복식,2021,백색두루마기,백색두루마기(白色周衣),3D-백색두루마기.glb,https://dh.aks.ac.kr/hanyang2/glb/복식/3D-백색두루마기.glb,https://dh.aks.ac.kr/hanyang2/wiki/index.php/3D%EB%AA%A8%EB%8D%B8%EB%A7%81-%EB%B3%B5%EC%8B%9D,미검토,미검토,목록만 확보,개별 파일 조건 미확인
복식,2021,황건,황건(黃巾),3D-황건.glb,https://dh.aks.ac.kr/hanyang2/glb/복식/3D-황건.glb,https://dh.aks.ac.kr/hanyang2/wiki/index.php/3D%EB%AA%A8%EB%8D%B8%EB%A7%81-%EB%B3%B5%EC%8B%9D,미검토,미검토,목록만 확보,개별 파일 조건 미확인
복식,2021,백피혜,백피혜(白皮鞋),3D-백피혜.glb,https://dh.aks.ac.kr/hanyang2/glb/복식/3D-백피혜.glb,https://dh.aks.ac.kr/hanyang2/wiki/index.php/3D%EB%AA%A8%EB%8D%B8%EB%A7%81-%EB%B3%B5%EC%8B%9D,미검토,미검토,목록만 확보,개별 파일 조건 미확인
복식,2021,백립,백립(白笠),3D-백립.glb,https://dh.aks.ac.kr/hanyang2/glb/복식/3D-백립.glb,https://dh.aks.ac.kr/hanyang2/wiki/index.php/3D%EB%AA%A8%EB%8D%B8%EB%A7%81-%EB%B3%B5%EC%8B%9D,미검토,미검토,목록만 확보,개별 파일 조건 미확인
복식,2021,제복_중단-백관,제복 중단(祭服中單)-백관,3D-제복_중단-백관.glb,https://dh.aks.ac.kr/hanyang2/glb/복식/3D-제복_중단-백관.glb,https://dh.aks.ac.kr/hanyang2/wiki/index.php/3D%EB%AA%A8%EB%8D%B8%EB%A7%81-%EB%B3%B5%EC%8B%9D,미검토,미검토,목록만 확보,개별 파일 조건 미확인
복식,2021,황의,황의(黃衣),3D-황의.glb,https://dh.aks.ac.kr/hanyang2/glb/복식/3D-황의.glb,https://dh.aks.ac.kr/hanyang2/wiki/index.php/3D%EB%AA%A8%EB%8D%B8%EB%A7%81-%EB%B3%B5%EC%8B%9D,미검토,미검토,목록만 확보,개별 파일 조건 미확인
복식,2021,청석,청석(靑舃),3D-청석.glb,https://dh.aks.ac.kr/hanyang2/glb/복식/3D-청석.glb,https://dh.aks.ac.kr/hanyang2/wiki/index.php/3D%EB%AA%A8%EB%8D%B8%EB%A7%81-%EB%B3%B5%EC%8B%9D,미검토,미검토,목록만 확보,개별 파일 조건 미확인
복식,2021,청말,청말(靑襪),3D-청말.glb,https://dh.aks.ac.kr/hanyang2/glb/복식/3D-청말.glb,https://dh.aks.ac.kr/hanyang2/wiki/index.php/3D%EB%AA%A8%EB%8D%B8%EB%A7%81-%EB%B3%B5%EC%8B%9D,미검토,미검토,목록만 확보,개별 파일 조건 미확인
복식,2021,영친왕비_당의,영친왕비 당의(唐衣),3D-영친왕비_당의.glb,https://dh.aks.ac.kr/hanyang2/glb/복식/3D-영친왕비_당의.glb,https://dh.aks.ac.kr/hanyang2/wiki/index.php/3D%EB%AA%A8%EB%8D%B8%EB%A7%81-%EB%B3%B5%EC%8B%9D,미검토,미검토,목록만 확보,개별 파일 조건 미확인
복식,2021,덕혜옹주_당의,덕혜옹주 당의(唐衣),3D-덕혜옹주_당의.glb,https://dh.aks.ac.kr/hanyang2/glb/복식/3D-덕혜옹주_당의.glb,https://dh.aks.ac.kr/hanyang2/wiki/index.php/3D%EB%AA%A8%EB%8D%B8%EB%A7%81-%EB%B3%B5%EC%8B%9D,미검토,미검토,목록만 확보,개별 파일 조건 미확인
복식,2021,까치두루마기,까치두루마기(周衣),3D-까치두루마기.glb,https://dh.aks.ac.kr/hanyang2/glb/복식/3D-까치두루마기.glb,https://dh.aks.ac.kr/hanyang2/wiki/index.php/3D%EB%AA%A8%EB%8D%B8%EB%A7%81-%EB%B3%B5%EC%8B%9D,미검토,미검토,목록만 확보,개별 파일 조건 미확인
복식,2021,오방장두루마기,오방장두루마기(周衣),3D-오방장두루마기.glb,https://dh.aks.ac.kr/hanyang2/glb/복식/3D-오방장두루마기.glb,https://dh.aks.ac.kr/hanyang2/wiki/index.php/3D%EB%AA%A8%EB%8D%B8%EB%A7%81-%EB%B3%B5%EC%8B%9D,미검토,미검토,목록만 확보,개별 파일 조건 미확인
복식,2021,십이류면관,십이류면관(十二旒冕冠),3D-십이류면관.glb,https://dh.aks.ac.kr/hanyang2/glb/복식/3D-십이류면관.glb,https://dh.aks.ac.kr/hanyang2/wiki/index.php/3D%EB%AA%A8%EB%8D%B8%EB%A7%81-%EB%B3%B5%EC%8B%9D,미검토,미검토,목록만 확보,개별 파일 조건 미확인
복식,2021,팔류면관,팔류면관(八旒冕冠),3D-팔류면관.glb,https://dh.aks.ac.kr/hanyang2/glb/복식/3D-팔류면관.glb,https://dh.aks.ac.kr/hanyang2/wiki/index.php/3D%EB%AA%A8%EB%8D%B8%EB%A7%81-%EB%B3%B5%EC%8B%9D,미검토,미검토,목록만 확보,개별 파일 조건 미확인
복식,2021,십이장복_상의,십이장복 상의(十二章服 上衣),3D-십이장복_상의.glb,https://dh.aks.ac.kr/hanyang2/glb/복식/3D-십이장복_상의.glb,https://dh.aks.ac.kr/hanyang2/wiki/index.php/3D%EB%AA%A8%EB%8D%B8%EB%A7%81-%EB%B3%B5%EC%8B%9D,미검토,미검토,목록만 확보,개별 파일 조건 미확인
복식,2021,칠장복_상의,칠장복 상의(七章服 上衣),3D-칠장복_상의.glb,https://dh.aks.ac.kr/hanyang2/glb/복식/3D-칠장복_상의.glb,https://dh.aks.ac.kr/hanyang2/wiki/index.php/3D%EB%AA%A8%EB%8D%B8%EB%A7%81-%EB%B3%B5%EC%8B%9D,미검토,미검토,목록만 확보,개별 파일 조건 미확인
복식,2021,강사포,강사포(絳紗袍),3D-강사포.glb,https://dh.aks.ac.kr/hanyang2/glb/복식/3D-강사포.glb,https://dh.aks.ac.kr/hanyang2/wiki/index.php/3D%EB%AA%A8%EB%8D%B8%EB%A7%81-%EB%B3%B5%EC%8B%9D,미검토,미검토,목록만 확보,개별 파일 조건 미확인
복식,2021,십이장복_청색중단,십이장복 청색중단(十二章服 靑色中單),3D-십이장복_청색중단.glb,https://dh.aks.ac.kr/hanyang2/glb/복식/3D-십이장복_청색중단.glb,https://dh.aks.ac.kr/hanyang2/wiki/index.php/3D%EB%AA%A8%EB%8D%B8%EB%A7%81-%EB%B3%B5%EC%8B%9D,미검토,미검토,목록만 확보,개별 파일 조건 미확인
복식,2021,십이장복_백색중단,십이장복 백색중단(十二章服 白色中單),3D-십이장복_백색중단.glb,https://dh.aks.ac.kr/hanyang2/glb/복식/3D-십이장복_백색중단.glb,https://dh.aks.ac.kr/hanyang2/wiki/index.php/3D%EB%AA%A8%EB%8D%B8%EB%A7%81-%EB%B3%B5%EC%8B%9D,미검토,미검토,목록만 확보,개별 파일 조건 미확인
복식,2021,강사포_백색중단-황제,강사포 백색중단-황제(絳紗袍 白色中單),3D-강사포_백색중단-황제.glb,https://dh.aks.ac.kr/hanyang2/glb/복식/3D-강사포_백색중단-황제.glb,https://dh.aks.ac.kr/hanyang2/wiki/index.php/3D%EB%AA%A8%EB%8D%B8%EB%A7%81-%EB%B3%B5%EC%8B%9D,미검토,미검토,목록만 확보,개별 파일 조건 미확인
복식,2021,강사포_청색중단-황제,강사포 청색중단-황제(絳紗袍 靑色中單),3D-강사포_청색중단-황제.glb,https://dh.aks.ac.kr/hanyang2/glb/복식/3D-강사포_청색중단-황제.glb,https://dh.aks.ac.kr/hanyang2/wiki/index.php/3D%EB%AA%A8%EB%8D%B8%EB%A7%81-%EB%B3%B5%EC%8B%9D,미검토,미검토,목록만 확보,개별 파일 조건 미확인
복식,2021,강사포_백색중단-황태자,강사포 백색중단-황태자(絳紗袍 白色中單),3D-강사포_백색중단-황태자.glb,https://dh.aks.ac.kr/hanyang2/glb/복식/3D-강사포_백색중단-황태자.glb,https://dh.aks.ac.kr/hanyang2/wiki/index.php/3D%EB%AA%A8%EB%8D%B8%EB%A7%81-%EB%B3%B5%EC%8B%9D,미검토,미검토,목록만 확보,개별 파일 조건 미확인
복식,2021,강사포_청색중단-황태자,강사포 청색중단-황태자(絳紗袍 靑色中單),3D-강사포_청색중단-황태자.glb,https://dh.aks.ac.kr/hanyang2/glb/복식/3D-강사포_청색중단-황태자.glb,https://dh.aks.ac.kr/hanyang2/wiki/index.php/3D%EB%AA%A8%EB%8D%B8%EB%A7%81-%EB%B3%B5%EC%8B%9D,미검토,미검토,목록만 확보,개별 파일 조건 미확인
복식,2021,칠장복_청색중단,칠장복 청색중단(七章服 靑色中單),3D-칠장복_청색중단.glb,https://dh.aks.ac.kr/hanyang2/glb/복식/3D-칠장복_청색중단.glb,https://dh.aks.ac.kr/hanyang2/wiki/index.php/3D%EB%AA%A8%EB%8D%B8%EB%A7%81-%EB%B3%B5%EC%8B%9D,미검토,미검토,목록만 확보,개별 파일 조건 미확인
복식,2021,칠장복_백색중단,칠장복 백색중단(七章服 白色中單),3D-칠장복_백색중단.glb,https://dh.aks.ac.kr/hanyang2/glb/복식/3D-칠장복_백색중단.glb,https://dh.aks.ac.kr/hanyang2/wiki/index.php/3D%EB%AA%A8%EB%8D%B8%EB%A7%81-%EB%B3%B5%EC%8B%9D,미검토,미검토,목록만 확보,개별 파일 조건 미확인
복식,2021,규-황제,규(圭)-황제,3D-규-황제.glb,https://dh.aks.ac.kr/hanyang2/glb/복식/3D-규-황제.glb,https://dh.aks.ac.kr/hanyang2/wiki/index.php/3D%EB%AA%A8%EB%8D%B8%EB%A7%81-%EB%B3%B5%EC%8B%9D,미검토,미검토,목록만 확보,개별 파일 조건 미확인
복식,2021,규-왕세자,규(圭)-왕세자,3D-규-왕세자.glb,https://dh.aks.ac.kr/hanyang2/glb/복식/3D-규-왕세자.glb,https://dh.aks.ac.kr/hanyang2/wiki/index.php/3D%EB%AA%A8%EB%8D%B8%EB%A7%81-%EB%B3%B5%EC%8B%9D,미검토,미검토,목록만 확보,개별 파일 조건 미확인
복식,2021,십이장복_하상,십이장복 하상(十二章服 下裳),3D-십이장복_하상.glb,https://dh.aks.ac.kr/hanyang2/glb/복식/3D-십이장복_하상.glb,https://dh.aks.ac.kr/hanyang2/wiki/index.php/3D%EB%AA%A8%EB%8D%B8%EB%A7%81-%EB%B3%B5%EC%8B%9D,미검토,미검토,목록만 확보,개별 파일 조건 미확인
복식,2021,칠장복_하상,칠장복 하상(七章服 下裳),3D-칠장복_하상.glb,https://dh.aks.ac.kr/hanyang2/glb/복식/3D-칠장복_하상.glb,https://dh.aks.ac.kr/hanyang2/wiki/index.php/3D%EB%AA%A8%EB%8D%B8%EB%A7%81-%EB%B3%B5%EC%8B%9D,미검토,미검토,목록만 확보,개별 파일 조건 미확인
복식,2021,강사포_하상,강사포 하상(絳紗袍 下裳),3D-강사포_하상.glb,https://dh.aks.ac.kr/hanyang2/glb/복식/3D-강사포_하상.glb,https://dh.aks.ac.kr/hanyang2/wiki/index.php/3D%EB%AA%A8%EB%8D%B8%EB%A7%81-%EB%B3%B5%EC%8B%9D,미검토,미검토,목록만 확보,개별 파일 조건 미확인
복식,2021,십이장복_폐슬,십이장복 폐슬(十二章服 蔽膝),3D-십이장복_폐슬.glb,https://dh.aks.ac.kr/hanyang2/glb/복식/3D-십이장복_폐슬.glb,https://dh.aks.ac.kr/hanyang2/wiki/index.php/3D%EB%AA%A8%EB%8D%B8%EB%A7%81-%EB%B3%B5%EC%8B%9D,미검토,미검토,목록만 확보,개별 파일 조건 미확인
복식,2021,칠장복_폐슬,칠장복 폐슬(七章服 蔽膝),3D-칠장복_폐슬.glb,https://dh.aks.ac.kr/hanyang2/glb/복식/3D-칠장복_폐슬.glb,https://dh.aks.ac.kr/hanyang2/wiki/index.php/3D%EB%AA%A8%EB%8D%B8%EB%A7%81-%EB%B3%B5%EC%8B%9D,미검토,미검토,목록만 확보,개별 파일 조건 미확인
복식,2021,강사포_폐슬,강사포 폐슬(絳紗袍 蔽膝),3D-강사포_폐슬.glb,https://dh.aks.ac.kr/hanyang2/glb/복식/3D-강사포_폐슬.glb,https://dh.aks.ac.kr/hanyang2/wiki/index.php/3D%EB%AA%A8%EB%8D%B8%EB%A7%81-%EB%B3%B5%EC%8B%9D,미검토,미검토,목록만 확보,개별 파일 조건 미확인
복식,2021,대대후수-황제,대대후수(大帶後綬)-황제,3D-대대후수-황제.glb,https://dh.aks.ac.kr/hanyang2/glb/복식/3D-대대후수-황제.glb,https://dh.aks.ac.kr/hanyang2/wiki/index.php/3D%EB%AA%A8%EB%8D%B8%EB%A7%81-%EB%B3%B5%EC%8B%9D,미검토,미검토,목록만 확보,개별 파일 조건 미확인
복식,2021,대대후수-친왕,대대후수(大帶後綬)-친왕,3D-대대후수-친왕.glb,https://dh.aks.ac.kr/hanyang2/glb/복식/3D-대대후수-친왕.glb,https://dh.aks.ac.kr/hanyang2/wiki/index.php/3D%EB%AA%A8%EB%8D%B8%EB%A7%81-%EB%B3%B5%EC%8B%9D,미검토,미검토,목록만 확보,개별 파일 조건 미확인
복식,2021,패옥-황제,패옥(佩玉)-황제,3D-패옥-황제.glb,https://dh.aks.ac.kr/hanyang2/glb/복식/3D-패옥-황제.glb,https://dh.aks.ac.kr/hanyang2/wiki/index.php/3D%EB%AA%A8%EB%8D%B8%EB%A7%81-%EB%B3%B5%EC%8B%9D,미검토,미검토,목록만 확보,개별 파일 조건 미확인
복식,2021,패옥-친왕,패옥(佩玉)-친왕,3D-패옥-친왕.glb,https://dh.aks.ac.kr/hanyang2/glb/복식/3D-패옥-친왕.glb,https://dh.aks.ac.kr/hanyang2/wiki/index.php/3D%EB%AA%A8%EB%8D%B8%EB%A7%81-%EB%B3%B5%EC%8B%9D,미검토,미검토,목록만 확보,개별 파일 조건 미확인
복식,2021,방심곡령-왕실남성,방심곡령(方心曲領)-왕실남성,3D-방심곡령-왕실남성.glb,https://dh.aks.ac.kr/hanyang2/glb/복식/3D-방심곡령-왕실남성.glb,https://dh.aks.ac.kr/hanyang2/wiki/index.php/3D%EB%AA%A8%EB%8D%B8%EB%A7%81-%EB%B3%B5%EC%8B%9D,미검토,미검토,목록만 확보,개별 파일 조건 미확인
복식,2021,방심곡령-백관,방심곡령(方心曲領)-백관,3D-방심곡령-백관.glb,https://dh.aks.ac.kr/hanyang2/glb/복식/3D-방심곡령-백관.glb,https://dh.aks.ac.kr/hanyang2/wiki/index.php/3D%EB%AA%A8%EB%8D%B8%EB%A7%81-%EB%B3%B5%EC%8B%9D,미검토,미검토,목록만 확보,개별 파일 조건 미확인
복식,2021,조관-칠량관,조관-칠량관(朝冠-七梁冠),3D-조관-칠량관.glb,https://dh.aks.ac.kr/hanyang2/glb/복식/3D-조관-칠량관.glb,https://dh.aks.ac.kr/hanyang2/wiki/index.php/3D%EB%AA%A8%EB%8D%B8%EB%A7%81-%EB%B3%B5%EC%8B%9D,미검토,미검토,목록만 확보,개별 파일 조건 미확인
복식,2021,조관-육량관,조관-육량관(朝冠-六梁冠),3D-조관-육량관.glb,https://dh.aks.ac.kr/hanyang2/glb/복식/3D-조관-육량관.glb,https://dh.aks.ac.kr/hanyang2/wiki/index.php/3D%EB%AA%A8%EB%8D%B8%EB%A7%81-%EB%B3%B5%EC%8B%9D,미검토,미검토,목록만 확보,개별 파일 조건 미확인
복식,2021,백사모,백사모(白紗帽),3D-백사모.glb,https://dh.aks.ac.kr/hanyang2/glb/복식/3D-백사모.glb,https://dh.aks.ac.kr/hanyang2/wiki/index.php/3D%EB%AA%A8%EB%8D%B8%EB%A7%81-%EB%B3%B5%EC%8B%9D,미검토,미검토,목록만 확보,개별 파일 조건 미확인
복식,2021,영친왕_망토용_모자,영친왕 망토용 모자(英親王 肩蔽用 帽子),3D-영친왕_망토용_모자.glb,https://dh.aks.ac.kr/hanyang2/glb/복식/3D-영친왕_망토용_모자.glb,https://dh.aks.ac.kr/hanyang2/wiki/index.php/3D%EB%AA%A8%EB%8D%B8%EB%A7%81-%EB%B3%B5%EC%8B%9D,미검토,미검토,목록만 확보,개별 파일 조건 미확인
복식,2021,영친왕_망토,영친왕 망토(英親王 肩蔽),3D-영친왕_망토.glb,https://dh.aks.ac.kr/hanyang2/glb/복식/3D-영친왕_망토.glb,https://dh.aks.ac.kr/hanyang2/wiki/index.php/3D%EB%AA%A8%EB%8D%B8%EB%A7%81-%EB%B3%B5%EC%8B%9D,미검토,미검토,목록만 확보,개별 파일 조건 미확인
복식,2021,영친왕_검은색_외투용_모자,영친왕 검은색 외투용 모자(英親王 黑色 外套用 帽子),3D-영친왕_검은색_외투용_모자.glb,https://dh.aks.ac.kr/hanyang2/glb/복식/3D-영친왕_검은색_외투용_모자.glb,https://dh.aks.ac.kr/hanyang2/wiki/index.php/3D%EB%AA%A8%EB%8D%B8%EB%A7%81-%EB%B3%B5%EC%8B%9D,미검토,미검토,목록만 확보,개별 파일 조건 미확인
복식,2021,영친왕_검은색_외투,영친왕 검은색 외투(英親王 黑色 外套),3D-영친왕_검은색_외투.glb,https://dh.aks.ac.kr/hanyang2/glb/복식/3D-영친왕_검은색_외투.glb,https://dh.aks.ac.kr/hanyang2/wiki/index.php/3D%EB%AA%A8%EB%8D%B8%EB%A7%81-%EB%B3%B5%EC%8B%9D,미검토,미검토,목록만 확보,개별 파일 조건 미확인
복식,2021,영친왕_다갈색_외투용_모자,영친왕 다갈색 외투용 모자(英親王 茶褐色 外套用 帽子),3D-영친왕_다갈색_외투용_모자.glb,https://dh.aks.ac.kr/hanyang2/glb/복식/3D-영친왕_다갈색_외투용_모자.glb,https://dh.aks.ac.kr/hanyang2/wiki/index.php/3D%EB%AA%A8%EB%8D%B8%EB%A7%81-%EB%B3%B5%EC%8B%9D,미검토,미검토,목록만 확보,개별 파일 조건 미확인
복식,2021,영친왕_다갈색_외투,영친왕 다갈색 외투(英親王 茶褐色 外套),3D-영친왕_다갈색_외투.glb,https://dh.aks.ac.kr/hanyang2/glb/복식/3D-영친왕_다갈색_외투.glb,https://dh.aks.ac.kr/hanyang2/wiki/index.php/3D%EB%AA%A8%EB%8D%B8%EB%A7%81-%EB%B3%B5%EC%8B%9D,미검토,미검토,목록만 확보,개별 파일 조건 미확인
복식,2021,천담복,천담복(淺淡服),3D-천담복.glb,https://dh.aks.ac.kr/hanyang2/glb/복식/3D-천담복.glb,https://dh.aks.ac.kr/hanyang2/wiki/index.php/3D%EB%AA%A8%EB%8D%B8%EB%A7%81-%EB%B3%B5%EC%8B%9D,미검토,미검토,목록만 확보,개별 파일 조건 미확인
복식,2021,마각대,마각대(麻角帶),3D-마각대.glb,https://dh.aks.ac.kr/hanyang2/glb/복식/3D-마각대.glb,https://dh.aks.ac.kr/hanyang2/wiki/index.php/3D%EB%AA%A8%EB%8D%B8%EB%A7%81-%EB%B3%B5%EC%8B%9D,미검토,미검토,목록만 확보,개별 파일 조건 미확인
복식,2021,누비_돌띠저고리,누비 돌띠저고리,3D-누비_돌띠저고리.glb,https://dh.aks.ac.kr/hanyang2/glb/복식/3D-누비_돌띠저고리.glb,https://dh.aks.ac.kr/hanyang2/wiki/index.php/3D%EB%AA%A8%EB%8D%B8%EB%A7%81-%EB%B3%B5%EC%8B%9D,미검토,미검토,목록만 확보,개별 파일 조건 미확인
복식,2021,남송색_돌띠저고리,남송색 돌띠저고리,3D-남송색_돌띠저고리.glb,https://dh.aks.ac.kr/hanyang2/glb/복식/3D-남송색_돌띠저고리.glb,https://dh.aks.ac.kr/hanyang2/wiki/index.php/3D%EB%AA%A8%EB%8D%B8%EB%A7%81-%EB%B3%B5%EC%8B%9D,미검토,미검토,목록만 확보,개별 파일 조건 미확인
복식,2021,덕혜옹주_돌띠저고리,덕혜옹주 돌띠저고리,3D-덕혜옹주_돌띠저고리.glb,https://dh.aks.ac.kr/hanyang2/glb/복식/3D-덕혜옹주_돌띠저고리.glb,https://dh.aks.ac.kr/hanyang2/wiki/index.php/3D%EB%AA%A8%EB%8D%B8%EB%A7%81-%EB%B3%B5%EC%8B%9D,미검토,미검토,목록만 확보,개별 파일 조건 미확인
복식,2021,풍차바지,풍차바지,3D-풍차바지.glb,https://dh.aks.ac.kr/hanyang2/glb/복식/3D-풍차바지.glb,https://dh.aks.ac.kr/hanyang2/wiki/index.php/3D%EB%AA%A8%EB%8D%B8%EB%A7%81-%EB%B3%B5%EC%8B%9D,미검토,미검토,목록만 확보,개별 파일 조건 미확인
복식,2021,어린이_조끼,어린이 조끼,3D-어린이_조끼.glb,https://dh.aks.ac.kr/hanyang2/glb/복식/3D-어린이_조끼.glb,https://dh.aks.ac.kr/hanyang2/wiki/index.php/3D%EB%AA%A8%EB%8D%B8%EB%A7%81-%EB%B3%B5%EC%8B%9D,미검토,미검토,목록만 확보,개별 파일 조건 미확인
복식,2021,어린이_전복,어린이 전복(戰服),3D-어린이_전복.glb,https://dh.aks.ac.kr/hanyang2/glb/복식/3D-어린이_전복.glb,https://dh.aks.ac.kr/hanyang2/wiki/index.php/3D%EB%AA%A8%EB%8D%B8%EB%A7%81-%EB%B3%B5%EC%8B%9D,미검토,미검토,목록만 확보,개별 파일 조건 미확인
복식,2021,다홍부금전대,다홍부금전대(多紅付金戰帶),3D-다홍부금전대.glb,https://dh.aks.ac.kr/hanyang2/glb/복식/3D-다홍부금전대.glb,https://dh.aks.ac.kr/hanyang2/wiki/index.php/3D%EB%AA%A8%EB%8D%B8%EB%A7%81-%EB%B3%B5%EC%8B%9D,미검토,미검토,목록만 확보,개별 파일 조건 미확인
복식,2021,영친왕_프록코트,영친왕 프록코트(frock coat),3D-영친왕_프록코트.glb,https://dh.aks.ac.kr/hanyang2/glb/복식/3D-영친왕_프록코트.glb,https://dh.aks.ac.kr/hanyang2/wiki/index.php/3D%EB%AA%A8%EB%8D%B8%EB%A7%81-%EB%B3%B5%EC%8B%9D,미검토,미검토,목록만 확보,개별 파일 조건 미확인
복식,2021,영친왕_부장예복_상의,영친왕 부장예복 상의(英親王 福將禮服 上衣),3D-영친왕_부장예복_상의.glb,https://dh.aks.ac.kr/hanyang2/glb/복식/3D-영친왕_부장예복_상의.glb,https://dh.aks.ac.kr/hanyang2/wiki/index.php/3D%EB%AA%A8%EB%8D%B8%EB%A7%81-%EB%B3%B5%EC%8B%9D,미검토,미검토,목록만 확보,개별 파일 조건 미확인
복식,2021,영친왕_부장예복_바지,영친왕 부장예복 바지(英親王 福將禮服 袴),3D-영친왕_부장예복_바지.glb,https://dh.aks.ac.kr/hanyang2/glb/복식/3D-영친왕_부장예복_바지.glb,https://dh.aks.ac.kr/hanyang2/wiki/index.php/3D%EB%AA%A8%EB%8D%B8%EB%A7%81-%EB%B3%B5%EC%8B%9D,미검토,미검토,목록만 확보,개별 파일 조건 미확인
복식,2021,영친왕_부장상복_상의,영친왕 부장상복 상의(英親王 福將常服 上衣),3D-영친왕_부장상복_상의.glb,https://dh.aks.ac.kr/hanyang2/glb/복식/3D-영친왕_부장상복_상의.glb,https://dh.aks.ac.kr/hanyang2/wiki/index.php/3D%EB%AA%A8%EB%8D%B8%EB%A7%81-%EB%B3%B5%EC%8B%9D,미검토,미검토,목록만 확보,개별 파일 조건 미확인
복식,2021,영친왕_참위예복_상의,영친왕 참위예복 상의(英親王 參尉禮服 上衣),3D-영친왕_참위예복_상의.glb,https://dh.aks.ac.kr/hanyang2/glb/복식/3D-영친왕_참위예복_상의.glb,https://dh.aks.ac.kr/hanyang2/wiki/index.php/3D%EB%AA%A8%EB%8D%B8%EB%A7%81-%EB%B3%B5%EC%8B%9D,미검토,미검토,목록만 확보,개별 파일 조건 미확인
복식,2021,영친왕_참위상복_상의,영친왕 참위상복 상의(英親王 福將常服 上衣),3D-영친왕_참위상복_상의.glb,https://dh.aks.ac.kr/hanyang2/glb/복식/3D-영친왕_참위상복_상의.glb,https://dh.aks.ac.kr/hanyang2/wiki/index.php/3D%EB%AA%A8%EB%8D%B8%EB%A7%81-%EB%B3%B5%EC%8B%9D,미검토,미검토,목록만 확보,개별 파일 조건 미확인
복식,2021,영친왕_참위예복_바지,영친왕 참위예복 바지(英親王 參尉禮服 袴),3D-영친왕_참위예복_바지.glb,https://dh.aks.ac.kr/hanyang2/glb/복식/3D-영친왕_참위예복_바지.glb,https://dh.aks.ac.kr/hanyang2/wiki/index.php/3D%EB%AA%A8%EB%8D%B8%EB%A7%81-%EB%B3%B5%EC%8B%9D,미검토,미검토,목록만 확보,개별 파일 조건 미확인
복식,2021,영친왕_연미복_코트,영친왕 연미복 코트(英親王 燕尾服),3D-영친왕_연미복_코트.glb,https://dh.aks.ac.kr/hanyang2/glb/복식/3D-영친왕_연미복_코트.glb,https://dh.aks.ac.kr/hanyang2/wiki/index.php/3D%EB%AA%A8%EB%8D%B8%EB%A7%81-%EB%B3%B5%EC%8B%9D,미검토,미검토,목록만 확보,개별 파일 조건 미확인
복식,2021,영친왕_연미복_조끼,영친왕 연미복 조끼(英親王 燕尾服 胴衣),3D-영친왕_연미복_조끼.glb,https://dh.aks.ac.kr/hanyang2/glb/복식/3D-영친왕_연미복_조끼.glb,https://dh.aks.ac.kr/hanyang2/wiki/index.php/3D%EB%AA%A8%EB%8D%B8%EB%A7%81-%EB%B3%B5%EC%8B%9D,미검토,미검토,목록만 확보,개별 파일 조건 미확인
복식,2021,영친왕_연미복_바지,영친왕 연미복 바지(英親王 燕尾服 袴),3D-영친왕_연미복_바지.glb,https://dh.aks.ac.kr/hanyang2/glb/복식/3D-영친왕_연미복_바지.glb,https://dh.aks.ac.kr/hanyang2/wiki/index.php/3D%EB%AA%A8%EB%8D%B8%EB%A7%81-%EB%B3%B5%EC%8B%9D,미검토,미검토,목록만 확보,개별 파일 조건 미확인
복식,2021,황룡포,황룡포(黃龍袍),3D-황룡포.glb,https://dh.aks.ac.kr/hanyang2/glb/복식/3D-황룡포.glb,https://dh.aks.ac.kr/hanyang2/wiki/index.php/3D%EB%AA%A8%EB%8D%B8%EB%A7%81-%EB%B3%B5%EC%8B%9D,미검토,미검토,목록만 확보,개별 파일 조건 미확인
복식,2021,흑반령착수포,흑반령착수포(黑盤領窄袖袍),3D-흑반령착수포.glb,https://dh.aks.ac.kr/hanyang2/glb/복식/3D-흑반령착수포.glb,https://dh.aks.ac.kr/hanyang2/wiki/index.php/3D%EB%AA%A8%EB%8D%B8%EB%A7%81-%EB%B3%B5%EC%8B%9D,미검토,미검토,목록만 확보,개별 파일 조건 미확인
복식,2021,별기군_모자,별기군 모자(別技軍 帽),3D-별기군_모자.glb,https://dh.aks.ac.kr/hanyang2/glb/복식/3D-별기군_모자.glb,https://dh.aks.ac.kr/hanyang2/wiki/index.php/3D%EB%AA%A8%EB%8D%B8%EB%A7%81-%EB%B3%B5%EC%8B%9D,미검토,미검토,목록만 확보,개별 파일 조건 미확인
복식,2021,별기군_상의,별기군 상의(別技軍 上衣),3D-별기군_상의.glb,https://dh.aks.ac.kr/hanyang2/glb/복식/3D-별기군_상의.glb,https://dh.aks.ac.kr/hanyang2/wiki/index.php/3D%EB%AA%A8%EB%8D%B8%EB%A7%81-%EB%B3%B5%EC%8B%9D,미검토,미검토,목록만 확보,개별 파일 조건 미확인
복식,2021,1900년제도_칙임관1등_대례복_상의,1900년제도 칙임관1등 대례복 상의(1900年制度 勅任官一等 大禮服 上衣),3D-1900년제도_칙임관1등_대례복_상의.glb,https://dh.aks.ac.kr/hanyang2/glb/복식/3D-1900년제도_칙임관1등_대례복_상의.glb,https://dh.aks.ac.kr/hanyang2/wiki/index.php/3D%EB%AA%A8%EB%8D%B8%EB%A7%81-%EB%B3%B5%EC%8B%9D,미검토,미검토,목록만 확보,개별 파일 조건 미확인
복식,2021,1900년제도_칙임관2등_대례복_상의,1900년제도 칙임관2등 대례복 상의(1900年制度 勅任官二等 大禮服 上衣),3D-1900년제도_칙임관2등_대례복_상의.glb,https://dh.aks.ac.kr/hanyang2/glb/복식/3D-1900년제도_칙임관2등_대례복_상의.glb,https://dh.aks.ac.kr/hanyang2/wiki/index.php/3D%EB%AA%A8%EB%8D%B8%EB%A7%81-%EB%B3%B5%EC%8B%9D,미검토,미검토,목록만 확보,개별 파일 조건 미확인
복식,2021,1900년제도_칙임관3등_대례복_상의,1900년제도 칙임관3등 대례복 상의(1900年制度 勅任官三等 大禮服 上衣),3D-1900년제도_칙임관3등_대례복_상의.glb,https://dh.aks.ac.kr/hanyang2/glb/복식/3D-1900년제도_칙임관3등_대례복_상의.glb,https://dh.aks.ac.kr/hanyang2/wiki/index.php/3D%EB%AA%A8%EB%8D%B8%EB%A7%81-%EB%B3%B5%EC%8B%9D,미검토,미검토,목록만 확보,개별 파일 조건 미확인
복식,2021,1900년제도_칙임관4등_대례복_상의,1900년제도 칙임관4등 대례복 상의(1900年制度 勅任官四等 大禮服 上衣),3D-1900년제도_칙임관4등_대례복_상의.glb,https://dh.aks.ac.kr/hanyang2/glb/복식/3D-1900년제도_칙임관4등_대례복_상의.glb,https://dh.aks.ac.kr/hanyang2/wiki/index.php/3D%EB%AA%A8%EB%8D%B8%EB%A7%81-%EB%B3%B5%EC%8B%9D,미검토,미검토,목록만 확보,개별 파일 조건 미확인
복식,2021,1900년제도_주임관_대례복_상의,1900년제도 주임관 대례복 상의(1900年制度 奏任官 大禮服 上衣),3D-1900년제도_주임관_대례복_상의.glb,https://dh.aks.ac.kr/hanyang2/glb/복식/3D-1900년제도_주임관_대례복_상의.glb,https://dh.aks.ac.kr/hanyang2/wiki/index.php/3D%EB%AA%A8%EB%8D%B8%EB%A7%81-%EB%B3%B5%EC%8B%9D,미검토,미검토,목록만 확보,개별 파일 조건 미확인
복식,2021,1905년제도_칙임관1등_대례복_상의,1905년제도 칙임관1등 대례복 상의(1905年制度 勅任官一等 大禮服 上衣),3D-1905년제도_칙임관1등_대례복_상의.glb,https://dh.aks.ac.kr/hanyang2/glb/복식/3D-1905년제도_칙임관1등_대례복_상의.glb,https://dh.aks.ac.kr/hanyang2/wiki/index.php/3D%EB%AA%A8%EB%8D%B8%EB%A7%81-%EB%B3%B5%EC%8B%9D,미검토,미검토,목록만 확보,개별 파일 조건 미확인
복식,2021,1905년제도_칙임관2-4등_대례복_상의,1905년제도 칙임관2-4등 대례복 상의(1905年制度 勅任官二-四等 大禮服 上衣),3D-1905년제도_칙임관2-4등_대례복_상의.glb,https://dh.aks.ac.kr/hanyang2/glb/복식/3D-1905년제도_칙임관2-4등_대례복_상의.glb,https://dh.aks.ac.kr/hanyang2/wiki/index.php/3D%EB%AA%A8%EB%8D%B8%EB%A7%81-%EB%B3%B5%EC%8B%9D,미검토,미검토,목록만 확보,개별 파일 조건 미확인
복식,2021,1905년제도_주임관_대례복_상의,1905년제도 주임관 대례복 상의(1905年制度 奏任官 大禮服 上衣),3D-1905년제도_주임관_대례복_상의.glb,https://dh.aks.ac.kr/hanyang2/glb/복식/3D-1905년제도_주임관_대례복_상의.glb,https://dh.aks.ac.kr/hanyang2/wiki/index.php/3D%EB%AA%A8%EB%8D%B8%EB%A7%81-%EB%B3%B5%EC%8B%9D,미검토,미검토,목록만 확보,개별 파일 조건 미확인
복식,2021,1906년제도_궁내부친임관_대례복_상의,1906년제도 궁내부 친임관 대례복 상의(1906年制度 宮內府 親任官 大禮服 上衣),3D-1906년제도_궁내부친임관_대례복_상의.glb,https://dh.aks.ac.kr/hanyang2/glb/복식/3D-1906년제도_궁내부친임관_대례복_상의.glb,https://dh.aks.ac.kr/hanyang2/wiki/index.php/3D%EB%AA%A8%EB%8D%B8%EB%A7%81-%EB%B3%B5%EC%8B%9D,미검토,미검토,목록만 확보,개별 파일 조건 미확인
복식,2021,1906년제도_궁내부칙임관_대례복_상의,1906년제도 궁내부 칙임관 대례복 상의(1906年制度 宮內府 勅任官 大禮服 上衣),3D-1906년제도_궁내부칙임관_대례복_상의.glb,https://dh.aks.ac.kr/hanyang2/glb/복식/3D-1906년제도_궁내부칙임관_대례복_상의.glb,https://dh.aks.ac.kr/hanyang2/wiki/index.php/3D%EB%AA%A8%EB%8D%B8%EB%A7%81-%EB%B3%B5%EC%8B%9D,미검토,미검토,목록만 확보,개별 파일 조건 미확인
복식,2021,1906년제도_궁내부주임관_대례복_상의,1906년제도 궁내부 주임관 대례복 상의(1906年制度 宮內府 奏任官 大禮服 上衣),3D-1906년제도_궁내부주임관_대례복_상의.glb,https://dh.aks.ac.kr/hanyang2/glb/복식/3D-1906년제도_궁내부주임관_대례복_상의.glb,https://dh.aks.ac.kr/hanyang2/wiki/index.php/3D%EB%AA%A8%EB%8D%B8%EB%A7%81-%EB%B3%B5%EC%8B%9D,미검토,미검토,목록만 확보,개별 파일 조건 미확인
복식,2021,대한제국_서양식_소례복_모닝코트,대한제국 서양식 소례복 모닝코트(大韓帝國 西洋式 小禮服 上衣),3D-대한제국_서양식_소례복_모닝코트.glb,https://dh.aks.ac.kr/hanyang2/glb/복식/3D-대한제국_서양식_소례복_모닝코트.glb,https://dh.aks.ac.kr/hanyang2/wiki/index.php/3D%EB%AA%A8%EB%8D%B8%EB%A7%81-%EB%B3%B5%EC%8B%9D,미검토,미검토,목록만 확보,개별 파일 조건 미확인
복식,2021,1900년제도_서양식_문관대례복_조끼,1900년제도 서양식 문관대례복 조끼(1900年制度 西洋式 文官大禮服 下衣),3D-1900년제도_서양식_문관대례복_조끼.glb,https://dh.aks.ac.kr/hanyang2/glb/복식/3D-1900년제도_서양식_문관대례복_조끼.glb,https://dh.aks.ac.kr/hanyang2/wiki/index.php/3D%EB%AA%A8%EB%8D%B8%EB%A7%81-%EB%B3%B5%EC%8B%9D,미검토,미검토,목록만 확보,개별 파일 조건 미확인
복식,2021,대한제국_서양식_소례복_조끼,대한제국 서양식 소례복 조끼(大韓帝國 西洋式 小禮服 下衣),3D-대한제국_서양식_소례복_조끼.glb,https://dh.aks.ac.kr/hanyang2/glb/복식/3D-대한제국_서양식_소례복_조끼.glb,https://dh.aks.ac.kr/hanyang2/wiki/index.php/3D%EB%AA%A8%EB%8D%B8%EB%A7%81-%EB%B3%B5%EC%8B%9D,미검토,미검토,목록만 확보,개별 파일 조건 미확인
복식,2021,1900년제도_칙임관_대례복_바지,1900년제도 칙임관 대례복 바지(1900年制度 勅任官 大禮服 袴),3D-1900년제도_칙임관_대례복_바지.glb,https://dh.aks.ac.kr/hanyang2/glb/복식/3D-1900년제도_칙임관_대례복_바지.glb,https://dh.aks.ac.kr/hanyang2/wiki/index.php/3D%EB%AA%A8%EB%8D%B8%EB%A7%81-%EB%B3%B5%EC%8B%9D,미검토,미검토,목록만 확보,개별 파일 조건 미확인
복식,2021,1900년제도_주임관_대례복_바지,1900년제도 주임관 대례복 바지(1900年制度 奏任官 大禮服 袴),3D-1900년제도_주임관_대례복_바지.glb,https://dh.aks.ac.kr/hanyang2/glb/복식/3D-1900년제도_주임관_대례복_바지.glb,https://dh.aks.ac.kr/hanyang2/wiki/index.php/3D%EB%AA%A8%EB%8D%B8%EB%A7%81-%EB%B3%B5%EC%8B%9D,미검토,미검토,목록만 확보,개별 파일 조건 미확인
물품,2021,순종황제의자,순종황제 의자,3D-순종황제의자.glb,https://dh.aks.ac.kr/hanyang2/glb/물품/3D-순종황제의자.glb,https://dh.aks.ac.kr/hanyang2/wiki/index.php/3D%EB%AA%A8%EB%8D%B8%EB%A7%81-%EB%AC%BC%ED%92%88,미검토,미검토,목록만 확보,개별 파일 조건 미확인
물품,2021,석조전_화장대,덕수궁 석조전 화장대,3D-석조전_화장대.glb,https://dh.aks.ac.kr/hanyang2/glb/물품/3D-석조전_화장대.glb,https://dh.aks.ac.kr/hanyang2/wiki/index.php/3D%EB%AA%A8%EB%8D%B8%EB%A7%81-%EB%AC%BC%ED%92%88,미검토,미검토,목록만 확보,개별 파일 조건 미확인
물품,2021,석조전_대식당_의자,덕수궁 석조전 대식당 의자,3D-석조전_대식당_의자.glb,https://dh.aks.ac.kr/hanyang2/glb/물품/3D-석조전_대식당_의자.glb,https://dh.aks.ac.kr/hanyang2/wiki/index.php/3D%EB%AA%A8%EB%8D%B8%EB%A7%81-%EB%AC%BC%ED%92%88,미검토,미검토,목록만 확보,개별 파일 조건 미확인
물품,2021,석조전_회전책장,덕수궁 석조전 회전책장,3D-석조전_회전책장.glb,https://dh.aks.ac.kr/hanyang2/glb/물품/3D-석조전_회전책장.glb,https://dh.aks.ac.kr/hanyang2/wiki/index.php/3D%EB%AA%A8%EB%8D%B8%EB%A7%81-%EB%AC%BC%ED%92%88,미검토,미검토,목록만 확보,개별 파일 조건 미확인
물품,2021,황태자가례기념장,황태자 가례 기념장,3D-황태자가례기념장.glb,https://dh.aks.ac.kr/hanyang2/glb/물품/3D-황태자가례기념장.glb,https://dh.aks.ac.kr/hanyang2/wiki/index.php/3D%EB%AA%A8%EB%8D%B8%EB%A7%81-%EB%AC%BC%ED%92%88,미검토,미검토,목록만 확보,개별 파일 조건 미확인
물품,2021,순종즉위기념장,순종황제 즉위 기념장,3D-순종즉위기념장.glb,https://dh.aks.ac.kr/hanyang2/glb/물품/3D-순종즉위기념장.glb,https://dh.aks.ac.kr/hanyang2/wiki/index.php/3D%EB%AA%A8%EB%8D%B8%EB%A7%81-%EB%AC%BC%ED%92%88,미검토,미검토,목록만 확보,개별 파일 조건 미확인
물품,2021,고종망육순등극40주년기념장,고종 망육순·즉위 40주년 기념장,3D-고종망육순등극40주년기념장.glb,https://dh.aks.ac.kr/hanyang2/glb/물품/3D-고종망육순등극40주년기념장.glb,https://dh.aks.ac.kr/hanyang2/wiki/index.php/3D%EB%AA%A8%EB%8D%B8%EB%A7%81-%EB%AC%BC%ED%92%88,미검토,미검토,목록만 확보,개별 파일 조건 미확인
물품,2021,순종남서순행기념장,순종황제 남·서 순행 기념장,3D-순종남서순행기념장.glb,https://dh.aks.ac.kr/hanyang2/glb/물품/3D-순종남서순행기념장.glb,https://dh.aks.ac.kr/hanyang2/wiki/index.php/3D%EB%AA%A8%EB%8D%B8%EB%A7%81-%EB%AC%BC%ED%92%88,미검토,미검토,목록만 확보,개별 파일 조건 미확인
물품,2021,고종성수50주년기념장,고종황제 성수 50년 기념장,3D-고종성수50주년기념장.glb,https://dh.aks.ac.kr/hanyang2/glb/물품/3D-고종성수50주년기념장.glb,https://dh.aks.ac.kr/hanyang2/wiki/index.php/3D%EB%AA%A8%EB%8D%B8%EB%A7%81-%EB%AC%BC%ED%92%88,미검토,미검토,목록만 확보,개별 파일 조건 미확인
물품,2021,훈공칠등_팔괘소수장,훈공칠등 팔괘소수장(勳功七等八卦小綏章),3D-팔괘장.glb,https://dh.aks.ac.kr/hanyang2/glb/물품/3D-팔괘장.glb,https://dh.aks.ac.kr/hanyang2/wiki/index.php/3D%EB%AA%A8%EB%8D%B8%EB%A7%81-%EB%AC%BC%ED%92%88,미검토,미검토,목록만 확보,개별 파일 조건 미확인
물품,2021,훈공오등_태극소수장,훈공오등 태극소수장(勳功五等太極小綏章),3D-훈공오등_태극소수장.glb,https://dh.aks.ac.kr/hanyang2/glb/물품/3D-훈공오등_태극소수장.glb,https://dh.aks.ac.kr/hanyang2/wiki/index.php/3D%EB%AA%A8%EB%8D%B8%EB%A7%81-%EB%AC%BC%ED%92%88,미검토,미검토,목록만 확보,개별 파일 조건 미확인
물품,2021,5냥은화,은화 5냥,3D-5냥은화.glb,https://dh.aks.ac.kr/hanyang2/glb/물품/3D-5냥은화.glb,https://dh.aks.ac.kr/hanyang2/wiki/index.php/3D%EB%AA%A8%EB%8D%B8%EB%A7%81-%EB%AC%BC%ED%92%88,미검토,미검토,목록만 확보,개별 파일 조건 미확인
물품,2021,1환은화,은화 1환,3D-1환은화.glb,https://dh.aks.ac.kr/hanyang2/glb/물품/3D-1환은화.glb,https://dh.aks.ac.kr/hanyang2/wiki/index.php/3D%EB%AA%A8%EB%8D%B8%EB%A7%81-%EB%AC%BC%ED%92%88,미검토,미검토,목록만 확보,개별 파일 조건 미확인
물품,2021,1냥은화,은화 1냥,3D-1냥은화.glb,https://dh.aks.ac.kr/hanyang2/glb/물품/3D-1냥은화.glb,https://dh.aks.ac.kr/hanyang2/wiki/index.php/3D%EB%AA%A8%EB%8D%B8%EB%A7%81-%EB%AC%BC%ED%92%88,미검토,미검토,목록만 확보,개별 파일 조건 미확인
물품,2021,대동은전1전,대동은전 1전,3D-대동은전1전.glb,https://dh.aks.ac.kr/hanyang2/glb/물품/3D-대동은전1전.glb,https://dh.aks.ac.kr/hanyang2/wiki/index.php/3D%EB%AA%A8%EB%8D%B8%EB%A7%81-%EB%AC%BC%ED%92%88,미검토,미검토,목록만 확보,개별 파일 조건 미확인
물품,2021,대동은전2전,대동은전 2전,3D-대동은전2전.glb,https://dh.aks.ac.kr/hanyang2/glb/물품/3D-대동은전2전.glb,https://dh.aks.ac.kr/hanyang2/wiki/index.php/3D%EB%AA%A8%EB%8D%B8%EB%A7%81-%EB%AC%BC%ED%92%88,미검토,미검토,목록만 확보,개별 파일 조건 미확인
물품,2021,대동은전3전,대동은전 3전,3D-대동은전3전.glb,https://dh.aks.ac.kr/hanyang2/glb/물품/3D-대동은전3전.glb,https://dh.aks.ac.kr/hanyang2/wiki/index.php/3D%EB%AA%A8%EB%8D%B8%EB%A7%81-%EB%AC%BC%ED%92%88,미검토,미검토,목록만 확보,개별 파일 조건 미확인
물품,2021,2전5푼백동화,백동화 2전5푼,3D-2전5푼백동화.glb,https://dh.aks.ac.kr/hanyang2/glb/물품/3D-2전5푼백동화.glb,https://dh.aks.ac.kr/hanyang2/wiki/index.php/3D%EB%AA%A8%EB%8D%B8%EB%A7%81-%EB%AC%BC%ED%92%88,미검토,미검토,목록만 확보,개별 파일 조건 미확인
물품,2021,5푼적동화,적동화 5푼,3D-5푼적동화.glb,https://dh.aks.ac.kr/hanyang2/glb/물품/3D-5푼적동화.glb,https://dh.aks.ac.kr/hanyang2/wiki/index.php/3D%EB%AA%A8%EB%8D%B8%EB%A7%81-%EB%AC%BC%ED%92%88,미검토,미검토,목록만 확보,개별 파일 조건 미확인
물품,2021,1푼황동화,황동화 1푼,3D-1푼황동화.glb,https://dh.aks.ac.kr/hanyang2/glb/물품/3D-1푼황동화.glb,https://dh.aks.ac.kr/hanyang2/wiki/index.php/3D%EB%AA%A8%EB%8D%B8%EB%A7%81-%EB%AC%BC%ED%92%88,미검토,미검토,목록만 확보,개별 파일 조건 미확인
물품,2021,은제이화문화병,은제이화문화병(銀製李花文花甁),3D-은제이화문화병.glb,https://dh.aks.ac.kr/hanyang2/glb/물품/3D-은제이화문화병.glb,https://dh.aks.ac.kr/hanyang2/wiki/index.php/3D%EB%AA%A8%EB%8D%B8%EB%A7%81-%EB%AC%BC%ED%92%88,미검토,미검토,목록만 확보,개별 파일 조건 미확인
물품,2021,은담배합,은담배합(銀煙草盒),3D-은담배합.glb,https://dh.aks.ac.kr/hanyang2/glb/물품/3D-은담배합.glb,https://dh.aks.ac.kr/hanyang2/wiki/index.php/3D%EB%AA%A8%EB%8D%B8%EB%A7%81-%EB%AC%BC%ED%92%88,미검토,미검토,목록만 확보,개별 파일 조건 미확인
물품,2021,은제이화문탕기,은제이화문탕기(銀製李花文湯器),3D-은제이화문탕기.glb,https://dh.aks.ac.kr/hanyang2/glb/물품/3D-은제이화문탕기.glb,https://dh.aks.ac.kr/hanyang2/wiki/index.php/3D%EB%AA%A8%EB%8D%B8%EB%A7%81-%EB%AC%BC%ED%92%88,미검토,미검토,목록만 확보,개별 파일 조건 미확인
물품,2021,유제화형촛대,유제화형촛대(鍮製花形燭臺),3D-유제화형촛대.glb,https://dh.aks.ac.kr/hanyang2/glb/물품/3D-유제화형촛대.glb,https://dh.aks.ac.kr/hanyang2/wiki/index.php/3D%EB%AA%A8%EB%8D%B8%EB%A7%81-%EB%AC%BC%ED%92%88,미검토,미검토,목록만 확보,개별 파일 조건 미확인
물품,2021,은제화양잔,은제화양잔(銀製花樣盞),3D-은제화양잔.glb,https://dh.aks.ac.kr/hanyang2/glb/물품/3D-은제화양잔.glb,https://dh.aks.ac.kr/hanyang2/wiki/index.php/3D%EB%AA%A8%EB%8D%B8%EB%A7%81-%EB%AC%BC%ED%92%88,미검토,미검토,목록만 확보,개별 파일 조건 미확인
물품,2021,은제입배,은제입배(銀製立杯),3D-은제입배.glb,https://dh.aks.ac.kr/hanyang2/glb/물품/3D-은제입배.glb,https://dh.aks.ac.kr/hanyang2/wiki/index.php/3D%EB%AA%A8%EB%8D%B8%EB%A7%81-%EB%AC%BC%ED%92%88,미검토,미검토,목록만 확보,개별 파일 조건 미확인
물품,2021,문조추상존호옥보,문조 추상존호 옥보(文祖 追上尊號 玉寶),3D-문조추상존호옥보.glb,https://dh.aks.ac.kr/hanyang2/glb/물품/3D-문조추상존호옥보.glb,https://dh.aks.ac.kr/hanyang2/wiki/index.php/3D%EB%AA%A8%EB%8D%B8%EB%A7%81-%EB%AC%BC%ED%92%88,미검토,미검토,목록만 확보,개별 파일 조건 미확인
물품,2021,장조추상존호옥보,장조 추상존호 옥보(莊祖 追上尊號 玉寶),3D-장조추상존호옥보.glb,https://dh.aks.ac.kr/hanyang2/glb/물품/3D-장조추상존호옥보.glb,https://dh.aks.ac.kr/hanyang2/wiki/index.php/3D%EB%AA%A8%EB%8D%B8%EB%A7%81-%EB%AC%BC%ED%92%88,미검토,미검토,목록만 확보,개별 파일 조건 미확인
물품,2021,진종추상존호옥보,진종 추상존호 옥보(眞宗 追上尊號 玉寶),3D-진종추상존호옥보.glb,https://dh.aks.ac.kr/hanyang2/glb/물품/3D-진종추상존호옥보.glb,https://dh.aks.ac.kr/hanyang2/wiki/index.php/3D%EB%AA%A8%EB%8D%B8%EB%A7%81-%EB%AC%BC%ED%92%88,미검토,미검토,목록만 확보,개별 파일 조건 미확인
물품,2021,정조추상존호옥보,정조 추상존호 옥보(正祖 追上尊號 玉寶),3D-정조추상존호옥보.glb,https://dh.aks.ac.kr/hanyang2/glb/물품/3D-정조추상존호옥보.glb,https://dh.aks.ac.kr/hanyang2/wiki/index.php/3D%EB%AA%A8%EB%8D%B8%EB%A7%81-%EB%AC%BC%ED%92%88,미검토,미검토,목록만 확보,개별 파일 조건 미확인
물품,2021,순조추상존호옥보,순조 추상존호 옥보(純祖 追上尊號 玉寶),3D-순조추상존호옥보.glb,https://dh.aks.ac.kr/hanyang2/glb/물품/3D-순조추상존호옥보.glb,https://dh.aks.ac.kr/hanyang2/wiki/index.php/3D%EB%AA%A8%EB%8D%B8%EB%A7%81-%EB%AC%BC%ED%92%88,미검토,미검토,목록만 확보,개별 파일 조건 미확인
물품,2021,철종추상존호옥보,철종 추상존호 옥보(哲宗 追上尊號 玉寶),3D-철종추상존호옥보.glb,https://dh.aks.ac.kr/hanyang2/glb/물품/3D-철종추상존호옥보.glb,https://dh.aks.ac.kr/hanyang2/wiki/index.php/3D%EB%AA%A8%EB%8D%B8%EB%A7%81-%EB%AC%BC%ED%92%88,미검토,미검토,목록만 확보,개별 파일 조건 미확인
물품,2021,헌종추상존호옥보,헌종 추상존호 옥보(憲宗 追上尊號 玉寶),3D-헌종추상존호옥보.glb,https://dh.aks.ac.kr/hanyang2/glb/물품/3D-헌종추상존호옥보.glb,https://dh.aks.ac.kr/hanyang2/wiki/index.php/3D%EB%AA%A8%EB%8D%B8%EB%A7%81-%EB%AC%BC%ED%92%88,미검토,미검토,목록만 확보,개별 파일 조건 미확인
물품,2021,고종가상존호옥보,고종 가상존호 옥보-수강태황제보(高宗 加上尊號 玉寶-壽康太皇帝寶),3D-고종가상존호옥보.glb,https://dh.aks.ac.kr/hanyang2/glb/물품/3D-고종가상존호옥보.glb,https://dh.aks.ac.kr/hanyang2/wiki/index.php/3D%EB%AA%A8%EB%8D%B8%EB%A7%81-%EB%AC%BC%ED%92%88,미검토,미검토,목록만 확보,개별 파일 조건 미확인
물품,2021,선태화어인수인장,선태화어인수 인장(扇太和於仁壽 印章),3D-선태화어인수인장.glb,https://dh.aks.ac.kr/hanyang2/glb/물품/3D-선태화어인수인장.glb,https://dh.aks.ac.kr/hanyang2/wiki/index.php/3D%EB%AA%A8%EB%8D%B8%EB%A7%81-%EB%AC%BC%ED%92%88,미검토,미검토,목록만 확보,개별 파일 조건 미확인
물품,2021,영친왕부,영친왕부(英親王府),3D-영친왕부.glb,https://dh.aks.ac.kr/hanyang2/glb/물품/3D-영친왕부.glb,https://dh.aks.ac.kr/hanyang2/wiki/index.php/3D%EB%AA%A8%EB%8D%B8%EB%A7%81-%EB%AC%BC%ED%92%88,미검토,미검토,목록만 확보,개별 파일 조건 미확인
물품,2021,내장원인,내장원인(內藏院印),3D-내장원인.glb,https://dh.aks.ac.kr/hanyang2/glb/물품/3D-내장원인.glb,https://dh.aks.ac.kr/hanyang2/wiki/index.php/3D%EB%AA%A8%EB%8D%B8%EB%A7%81-%EB%AC%BC%ED%92%88,미검토,미검토,목록만 확보,개별 파일 조건 미확인
물품,2021,예식원인,예식원인(禮式院印),3D-예식원인.glb,https://dh.aks.ac.kr/hanyang2/glb/물품/3D-예식원인.glb,https://dh.aks.ac.kr/hanyang2/wiki/index.php/3D%EB%AA%A8%EB%8D%B8%EB%A7%81-%EB%AC%BC%ED%92%88,미검토,미검토,목록만 확보,개별 파일 조건 미확인
물품,2021,덕혜옹주_태항아리-외항아리,덕혜옹주 태항아리-외항아리,3D-덕혜옹주_태항아리-외항아리.glb,https://dh.aks.ac.kr/hanyang2/glb/물품/3D-덕혜옹주_태항아리-외항아리.glb,https://dh.aks.ac.kr/hanyang2/wiki/index.php/3D%EB%AA%A8%EB%8D%B8%EB%A7%81-%EB%AC%BC%ED%92%88,미검토,미검토,목록만 확보,개별 파일 조건 미확인
물품,2021,덕혜옹주_태항아리-내항아리,덕혜옹주 태항아리-내항아리,3D-덕혜옹주_태항아리-내항아리.glb,https://dh.aks.ac.kr/hanyang2/glb/물품/3D-덕혜옹주_태항아리-내항아리.glb,https://dh.aks.ac.kr/hanyang2/wiki/index.php/3D%EB%AA%A8%EB%8D%B8%EB%A7%81-%EB%AC%BC%ED%92%88,미검토,미검토,목록만 확보,개별 파일 조건 미확인
물품,2021,조선통보,조선통보(朝鮮通寶),3D-조선통보.glb,https://dh.aks.ac.kr/hanyang2/glb/물품/3D-조선통보.glb,https://dh.aks.ac.kr/hanyang2/wiki/index.php/3D%EB%AA%A8%EB%8D%B8%EB%A7%81-%EB%AC%BC%ED%92%88,미검토,미검토,목록만 확보,개별 파일 조건 미확인
물품,2021,덕혜옹주_태지석,덕혜옹주 태지석(德惠翁主胎誌石),3D-덕혜옹주_태지석.glb,https://dh.aks.ac.kr/hanyang2/glb/물품/3D-덕혜옹주_태지석.glb,https://dh.aks.ac.kr/hanyang2/wiki/index.php/3D%EB%AA%A8%EB%8D%B8%EB%A7%81-%EB%AC%BC%ED%92%88,미검토,미검토,목록만 확보,개별 파일 조건 미확인
물품,2021,영친왕_태항아리-외항아리,영친왕 태항아리-외항아리,3D-영친왕_태항아리-외항아리.glb,https://dh.aks.ac.kr/hanyang2/glb/물품/3D-영친왕_태항아리-외항아리.glb,https://dh.aks.ac.kr/hanyang2/wiki/index.php/3D%EB%AA%A8%EB%8D%B8%EB%A7%81-%EB%AC%BC%ED%92%88,미검토,미검토,목록만 확보,개별 파일 조건 미확인
물품,2021,영친왕_태항아리-내항아리,영친왕 태항아리-내항아리,3D-영친왕_태항아리-내항아리.glb,https://dh.aks.ac.kr/hanyang2/glb/물품/3D-영친왕_태항아리-내항아리.glb,https://dh.aks.ac.kr/hanyang2/wiki/index.php/3D%EB%AA%A8%EB%8D%B8%EB%A7%81-%EB%AC%BC%ED%92%88,미검토,미검토,목록만 확보,개별 파일 조건 미확인
물품,2021,영친왕_태지석,영친왕 태지석(英親王胎誌石),3D-영친왕_태지석.glb,https://dh.aks.ac.kr/hanyang2/glb/물품/3D-영친왕_태지석.glb,https://dh.aks.ac.kr/hanyang2/wiki/index.php/3D%EB%AA%A8%EB%8D%B8%EB%A7%81-%EB%AC%BC%ED%92%88,미검토,미검토,목록만 확보,개별 파일 조건 미확인
물품,2021,백자오얏꽃무늬접시,백자오얏꽃무늬접시(白磁李花文楪匙),3D-백자오얏꽃무늬접시.glb,https://dh.aks.ac.kr/hanyang2/glb/물품/3D-백자오얏꽃무늬접시.glb,https://dh.aks.ac.kr/hanyang2/wiki/index.php/3D%EB%AA%A8%EB%8D%B8%EB%A7%81-%EB%AC%BC%ED%92%88,미검토,미검토,목록만 확보,개별 파일 조건 미확인
물품,2021,백자오얏꽃무늬탕기,백자오얏꽃무늬탕기(白磁李花文湯器),3D-백자오얏꽃무늬탕기.glb,https://dh.aks.ac.kr/hanyang2/glb/물품/3D-백자오얏꽃무늬탕기.glb,https://dh.aks.ac.kr/hanyang2/wiki/index.php/3D%EB%AA%A8%EB%8D%B8%EB%A7%81-%EB%AC%BC%ED%92%88,미검토,미검토,목록만 확보,개별 파일 조건 미확인
물품,2021,백자오얏꽃무늬굽접시,백자오얏꽃무늬굽접시(白磁金彩李花文高臺楪匙),3D-백자오얏꽃무늬굽접시.glb,https://dh.aks.ac.kr/hanyang2/glb/물품/3D-백자오얏꽃무늬굽접시.glb,https://dh.aks.ac.kr/hanyang2/wiki/index.php/3D%EB%AA%A8%EB%8D%B8%EB%A7%81-%EB%AC%BC%ED%92%88,미검토,미검토,목록만 확보,개별 파일 조건 미확인
물품,2021,백자채색살라미나병,백자채색살라미나병(白磁花文花甁),3D-백자채색살라미나병.glb,https://dh.aks.ac.kr/hanyang2/glb/물품/3D-백자채색살라미나병.glb,https://dh.aks.ac.kr/hanyang2/wiki/index.php/3D%EB%AA%A8%EB%8D%B8%EB%A7%81-%EB%AC%BC%ED%92%88,미검토,미검토,목록만 확보,개별 파일 조건 미확인
물품,2021,백자꽃무늬오수통,백자꽃무늬오수통(白磁花文汚水桶),3D-백자꽃무늬오수통.glb,https://dh.aks.ac.kr/hanyang2/glb/물품/3D-백자꽃무늬오수통.glb,https://dh.aks.ac.kr/hanyang2/wiki/index.php/3D%EB%AA%A8%EB%8D%B8%EB%A7%81-%EB%AC%BC%ED%92%88,미검토,미검토,목록만 확보,개별 파일 조건 미확인
물품,2021,백자파도무늬대야,백자파도무늬대야(白磁波濤文洗),3D-백자파도무늬대야.glb,https://dh.aks.ac.kr/hanyang2/glb/물품/3D-백자파도무늬대야.glb,https://dh.aks.ac.kr/hanyang2/wiki/index.php/3D%EB%AA%A8%EB%8D%B8%EB%A7%81-%EB%AC%BC%ED%92%88,미검토,미검토,목록만 확보,개별 파일 조건 미확인
물품,2021,백자파도무늬물병,백자파도무늬 물병(白磁波濤文水甁),3D-백자파도무늬물병.glb,https://dh.aks.ac.kr/hanyang2/glb/물품/3D-백자파도무늬물병.glb,https://dh.aks.ac.kr/hanyang2/wiki/index.php/3D%EB%AA%A8%EB%8D%B8%EB%A7%81-%EB%AC%BC%ED%92%88,미검토,미검토,목록만 확보,개별 파일 조건 미확인
물품,2021,당구계산기,당구계산기(撞球計算器),3D-당구계산기.glb,https://dh.aks.ac.kr/hanyang2/glb/물품/3D-당구계산기.glb,https://dh.aks.ac.kr/hanyang2/wiki/index.php/3D%EB%AA%A8%EB%8D%B8%EB%A7%81-%EB%AC%BC%ED%92%88,미검토,미검토,목록만 확보,개별 파일 조건 미확인
물품,2021,소포_포신,소포 포신(小砲 砲身),3D-소포_포신.glb,https://dh.aks.ac.kr/hanyang2/glb/물품/3D-소포_포신.glb,https://dh.aks.ac.kr/hanyang2/wiki/index.php/3D%EB%AA%A8%EB%8D%B8%EB%A7%81-%EB%AC%BC%ED%92%88,미검토,미검토,목록만 확보,개별 파일 조건 미확인
물품,2021,소포_포가,소포 포가(小砲 砲架),3D-소포_포가.glb,https://dh.aks.ac.kr/hanyang2/glb/물품/3D-소포_포가.glb,https://dh.aks.ac.kr/hanyang2/wiki/index.php/3D%EB%AA%A8%EB%8D%B8%EB%A7%81-%EB%AC%BC%ED%92%88,미검토,미검토,목록만 확보,개별 파일 조건 미확인
물품,2021,통부_낙인,통부 낙인(通符烙印),3D-통부_낙인.glb,https://dh.aks.ac.kr/hanyang2/glb/물품/3D-통부_낙인.glb,https://dh.aks.ac.kr/hanyang2/wiki/index.php/3D%EB%AA%A8%EB%8D%B8%EB%A7%81-%EB%AC%BC%ED%92%88,미검토,미검토,목록만 확보,개별 파일 조건 미확인
물품,2021,통부,통부(通符),3D-통부.glb,https://dh.aks.ac.kr/hanyang2/glb/물품/3D-통부.glb,https://dh.aks.ac.kr/hanyang2/wiki/index.php/3D%EB%AA%A8%EB%8D%B8%EB%A7%81-%EB%AC%BC%ED%92%88,미검토,미검토,목록만 확보,개별 파일 조건 미확인
물품,2021,향장,향장(香欌),3D-향장.glb,https://dh.aks.ac.kr/hanyang2/glb/물품/3D-향장.glb,https://dh.aks.ac.kr/hanyang2/wiki/index.php/3D%EB%AA%A8%EB%8D%B8%EB%A7%81-%EB%AC%BC%ED%92%88,미검토,미검토,목록만 확보,개별 파일 조건 미확인
물품,2021,교의,교의(交倚),3D-교의.glb,https://dh.aks.ac.kr/hanyang2/glb/물품/3D-교의.glb,https://dh.aks.ac.kr/hanyang2/wiki/index.php/3D%EB%AA%A8%EB%8D%B8%EB%A7%81-%EB%AC%BC%ED%92%88,미검토,미검토,목록만 확보,개별 파일 조건 미확인
물품,2021,관세이,관세이(盥洗匜),3D-관세이.glb,https://dh.aks.ac.kr/hanyang2/glb/물품/3D-관세이.glb,https://dh.aks.ac.kr/hanyang2/wiki/index.php/3D%EB%AA%A8%EB%8D%B8%EB%A7%81-%EB%AC%BC%ED%92%88,미검토,미검토,목록만 확보,개별 파일 조건 미확인
물품,2021,관세이대,관세이대(盥洗匜台),3D-관세이대.glb,https://dh.aks.ac.kr/hanyang2/glb/물품/3D-관세이대.glb,https://dh.aks.ac.kr/hanyang2/wiki/index.php/3D%EB%AA%A8%EB%8D%B8%EB%A7%81-%EB%AC%BC%ED%92%88,미검토,미검토,목록만 확보,개별 파일 조건 미확인
물품,2021,대훈위_금척대훈장,대훈위 금척대훈장(大勳位金尺大勳章),3D-대훈위_금척대훈장.glb,https://dh.aks.ac.kr/hanyang2/glb/물품/3D-대훈위_금척대훈장.glb,https://dh.aks.ac.kr/hanyang2/wiki/index.php/3D%EB%AA%A8%EB%8D%B8%EB%A7%81-%EB%AC%BC%ED%92%88,미검토,미검토,목록만 확보,개별 파일 조건 미확인
물품,2021,대훈위_서성대훈장,대훈위 서성대훈장(大勳位瑞星大勳章),3D-대훈위_서성대훈장.glb,https://dh.aks.ac.kr/hanyang2/glb/물품/3D-대훈위_서성대훈장.glb,https://dh.aks.ac.kr/hanyang2/wiki/index.php/3D%EB%AA%A8%EB%8D%B8%EB%A7%81-%EB%AC%BC%ED%92%88,미검토,미검토,목록만 확보,개별 파일 조건 미확인
물품,2021,대훈위_이화대훈장,대훈위 이화대훈장(大勳位李花大勳章),3D-대훈위_이화대훈장.glb,https://dh.aks.ac.kr/hanyang2/glb/물품/3D-대훈위_이화대훈장.glb,https://dh.aks.ac.kr/hanyang2/wiki/index.php/3D%EB%AA%A8%EB%8D%B8%EB%A7%81-%EB%AC%BC%ED%92%88,미검토,미검토,목록만 확보,개별 파일 조건 미확인
물품,2021,훈공일등_태극대수장,훈공일등 태극대수장(勳功一等太極大綏章),3D-훈공일등_태극대수장.glb,https://dh.aks.ac.kr/hanyang2/glb/물품/3D-훈공일등_태극대수장.glb,https://dh.aks.ac.kr/hanyang2/wiki/index.php/3D%EB%AA%A8%EB%8D%B8%EB%A7%81-%EB%AC%BC%ED%92%88,미검토,미검토,목록만 확보,개별 파일 조건 미확인
물품,2021,훈공사등_태극소수장,훈공사등 태극소수장(勳功四等太極小綏章),3D-훈공사등_태극소수장.glb,https://dh.aks.ac.kr/hanyang2/glb/물품/3D-훈공사등_태극소수장.glb,https://dh.aks.ac.kr/hanyang2/wiki/index.php/3D%EB%AA%A8%EB%8D%B8%EB%A7%81-%EB%AC%BC%ED%92%88,미검토,미검토,목록만 확보,개별 파일 조건 미확인
물품,2021,훈공삼등_태극중수장,훈공삼등 태극중수장(勳功三等太極中綏章),3D-훈공삼등_태극중수장.glb,https://dh.aks.ac.kr/hanyang2/glb/물품/3D-훈공삼등_태극중수장.glb,https://dh.aks.ac.kr/hanyang2/wiki/index.php/3D%EB%AA%A8%EB%8D%B8%EB%A7%81-%EB%AC%BC%ED%92%88,미검토,미검토,목록만 확보,개별 파일 조건 미확인
물품,2021,훈공일등_팔괘대수장,훈공일등 팔괘대수장(勳功一等八卦大綬章),3D-훈공일등_팔괘대수장.glb,https://dh.aks.ac.kr/hanyang2/glb/물품/3D-훈공일등_팔괘대수장.glb,https://dh.aks.ac.kr/hanyang2/wiki/index.php/3D%EB%AA%A8%EB%8D%B8%EB%A7%81-%EB%AC%BC%ED%92%88,미검토,미검토,목록만 확보,개별 파일 조건 미확인
물품,2021,훈공삼등_팔괘중수장,훈공삼등 팔괘중수장(勳功三等八卦中綏章),3D-훈공삼등_팔괘중수장.glb,https://dh.aks.ac.kr/hanyang2/glb/물품/3D-훈공삼등_팔괘중수장.glb,https://dh.aks.ac.kr/hanyang2/wiki/index.php/3D%EB%AA%A8%EB%8D%B8%EB%A7%81-%EB%AC%BC%ED%92%88,미검토,미검토,목록만 확보,개별 파일 조건 미확인
물품,2021,훈공사등_팔괘소수장,훈공사등 팔괘소수장(勳功四等八卦小綏章),3D-훈공사등_팔괘소수장.glb,https://dh.aks.ac.kr/hanyang2/glb/물품/3D-훈공사등_팔괘소수장.glb,https://dh.aks.ac.kr/hanyang2/wiki/index.php/3D%EB%AA%A8%EB%8D%B8%EB%A7%81-%EB%AC%BC%ED%92%88,미검토,미검토,목록만 확보,개별 파일 조건 미확인
물품,2021,명성황후_금책,명성황후 금책(明成皇后金冊),3D-명성황후_금책.glb,https://dh.aks.ac.kr/hanyang2/glb/물품/3D-명성황후_금책.glb,https://dh.aks.ac.kr/hanyang2/wiki/index.php/3D%EB%AA%A8%EB%8D%B8%EB%A7%81-%EB%AC%BC%ED%92%88,미검토,미검토,목록만 확보,개별 파일 조건 미확인
물품,2021,명성황후_금보,명성황후 금보(明成皇后冊封金寶),3D-명성황후_금보.glb,https://dh.aks.ac.kr/hanyang2/glb/물품/3D-명성황후_금보.glb,https://dh.aks.ac.kr/hanyang2/wiki/index.php/3D%EB%AA%A8%EB%8D%B8%EB%A7%81-%EB%AC%BC%ED%92%88,미검토,미검토,목록만 확보,개별 파일 조건 미확인
물품,2021,화승총,화승총(火繩銃),3D-화승총.glb,https://dh.aks.ac.kr/hanyang2/glb/물품/3D-화승총.glb,https://dh.aks.ac.kr/hanyang2/wiki/index.php/3D%EB%AA%A8%EB%8D%B8%EB%A7%81-%EB%AC%BC%ED%92%88,미검토,미검토,목록만 확보,개별 파일 조건 미확인
물품,2021,에릭손_벽걸이형_자석식_전화기,에릭손 벽걸이형 자석식 전화기,3D-에릭손_벽걸이형_자석식_전화기.glb,https://dh.aks.ac.kr/hanyang2/glb/물품/3D-에릭손_벽걸이형_자석식_전화기.glb,https://dh.aks.ac.kr/hanyang2/wiki/index.php/3D%EB%AA%A8%EB%8D%B8%EB%A7%81-%EB%AC%BC%ED%92%88,미검토,미검토,목록만 확보,개별 파일 조건 미확인
물품,2021,축음기,축음기(蓄音機),3D-축음기.glb,https://dh.aks.ac.kr/hanyang2/glb/물품/3D-축음기.glb,https://dh.aks.ac.kr/hanyang2/wiki/index.php/3D%EB%AA%A8%EB%8D%B8%EB%A7%81-%EB%AC%BC%ED%92%88,미검토,미검토,목록만 확보,개별 파일 조건 미확인
물품,2021,순종황제_어차,순종황제 어차(純宗御車),3D-순종황제_어차.glb,https://dh.aks.ac.kr/hanyang2/glb/물품/3D-순종황제_어차.glb,https://dh.aks.ac.kr/hanyang2/wiki/index.php/3D%EB%AA%A8%EB%8D%B8%EB%A7%81-%EB%AC%BC%ED%92%88,미검토,미검토,목록만 확보,개별 파일 조건 미확인
물품,2021,순정효황후_어차,순정효황후 어차(純貞孝皇后御車),3D-순정효황후_어차.glb,https://dh.aks.ac.kr/hanyang2/glb/물품/3D-순정효황후_어차.glb,https://dh.aks.ac.kr/hanyang2/wiki/index.php/3D%EB%AA%A8%EB%8D%B8%EB%A7%81-%EB%AC%BC%ED%92%88,미검토,미검토,목록만 확보,개별 파일 조건 미확인
물품,2021,봉교,봉교(鳳轎),3D-봉교.glb,https://dh.aks.ac.kr/hanyang2/glb/물품/3D-봉교.glb,https://dh.aks.ac.kr/hanyang2/wiki/index.php/3D%EB%AA%A8%EB%8D%B8%EB%A7%81-%EB%AC%BC%ED%92%88,미검토,미검토,목록만 확보,개별 파일 조건 미확인
물품,2021,영친왕비_주칠_3단_경대,영친왕비 주칠 3단 경대(英親王妃朱漆三段鏡臺),3D-영친왕비_주칠_3단_경대.glb,https://dh.aks.ac.kr/hanyang2/glb/물품/3D-영친왕비_주칠_3단_경대.glb,https://dh.aks.ac.kr/hanyang2/wiki/index.php/3D%EB%AA%A8%EB%8D%B8%EB%A7%81-%EB%AC%BC%ED%92%88,미검토,미검토,목록만 확보,개별 파일 조건 미확인
물품,2021,명성황후_황후책봉_금책함,명성황후 황후책봉 금책함,3D-명성황후_황후책봉_금책함.glb,https://dh.aks.ac.kr/hanyang2/glb/물품/3D-명성황후_황후책봉_금책함.glb,https://dh.aks.ac.kr/hanyang2/wiki/index.php/3D%EB%AA%A8%EB%8D%B8%EB%A7%81-%EB%AC%BC%ED%92%88,미검토,미검토,목록만 확보,개별 파일 조건 미확인
물품,2021,내교인,내교인(內敎印),3D-내교인.glb,https://dh.aks.ac.kr/hanyang2/glb/물품/3D-내교인.glb,https://dh.aks.ac.kr/hanyang2/wiki/index.php/3D%EB%AA%A8%EB%8D%B8%EB%A7%81-%EB%AC%BC%ED%92%88,미검토,미검토,목록만 확보,개별 파일 조건 미확인
물품,2021,재궁,재궁(梓宮),3D-재궁.glb,https://dh.aks.ac.kr/hanyang2/glb/물품/3D-재궁.glb,https://dh.aks.ac.kr/hanyang2/wiki/index.php/3D%EB%AA%A8%EB%8D%B8%EB%A7%81-%EB%AC%BC%ED%92%88,미검토,미검토,목록만 확보,개별 파일 조건 미확인
물품,2021,순조_추상존호_옥책,순조 추상존호 옥책(純祖 追上尊號 玉冊),3D-순조_추상존호_옥책.glb,https://dh.aks.ac.kr/hanyang2/glb/물품/3D-순조_추상존호_옥책.glb,https://dh.aks.ac.kr/hanyang2/wiki/index.php/3D%EB%AA%A8%EB%8D%B8%EB%A7%81-%EB%AC%BC%ED%92%88,미검토,미검토,목록만 확보,개별 파일 조건 미확인
물품,2021,죽안마,죽안마(竹鞍馬),3D-죽안마.glb,https://dh.aks.ac.kr/hanyang2/glb/물품/3D-죽안마.glb,https://dh.aks.ac.kr/hanyang2/wiki/index.php/3D%EB%AA%A8%EB%8D%B8%EB%A7%81-%EB%AC%BC%ED%92%88,미검토,미검토,목록만 확보,개별 파일 조건 미확인
물품,2021,죽산마,죽산마(竹鞍馬),3D-죽산마.glb,https://dh.aks.ac.kr/hanyang2/glb/물품/3D-죽산마.glb,https://dh.aks.ac.kr/hanyang2/wiki/index.php/3D%EB%AA%A8%EB%8D%B8%EB%A7%81-%EB%AC%BC%ED%92%88,미검토,미검토,목록만 확보,개별 파일 조건 미확인
물품,2021,청동용두의_거북,청동용두의 거북(靑銅龍頭의 龜),3D-청동용두의_거북.glb,https://dh.aks.ac.kr/hanyang2/glb/물품/3D-청동용두의_거북.glb,https://dh.aks.ac.kr/hanyang2/wiki/index.php/3D%EB%AA%A8%EB%8D%B8%EB%A7%81-%EB%AC%BC%ED%92%88,미검토,미검토,목록만 확보,개별 파일 조건 미확인
물품,2021,알렌의_검안경,알렌의 검안경(檢眼鏡),3D-알렌의_검안경.glb,https://dh.aks.ac.kr/hanyang2/glb/물품/3D-알렌의_검안경.glb,https://dh.aks.ac.kr/hanyang2/wiki/index.php/3D%EB%AA%A8%EB%8D%B8%EB%A7%81-%EB%AC%BC%ED%92%88,미검토,미검토,목록만 확보,개별 파일 조건 미확인
물품,2021,고종황제_어차,고종황제 어차,3D-고종황제_어차.glb,https://dh.aks.ac.kr/hanyang2/glb/물품/3D-고종황제_어차.glb,https://dh.aks.ac.kr/hanyang2/wiki/index.php/3D%EB%AA%A8%EB%8D%B8%EB%A7%81-%EB%AC%BC%ED%92%88,미검토,미검토,목록만 확보,개별 파일 조건 미확인
물품,2021,자전거1,엄복동 자전거,3D-자전거1.glb,https://dh.aks.ac.kr/hanyang2/glb/물품/3D-자전거1.glb,https://dh.aks.ac.kr/hanyang2/wiki/index.php/3D%EB%AA%A8%EB%8D%B8%EB%A7%81-%EB%AC%BC%ED%92%88,미검토,미검토,목록만 확보,개별 파일 조건 미확인
물품,2021,자전거2,자전거,3D-자전거2.glb,https://dh.aks.ac.kr/hanyang2/glb/물품/3D-자전거2.glb,https://dh.aks.ac.kr/hanyang2/wiki/index.php/3D%EB%AA%A8%EB%8D%B8%EB%A7%81-%EB%AC%BC%ED%92%88,미검토,미검토,목록만 확보,개별 파일 조건 미확인
물품,2021,인력거,인력거,3D-인력거.glb,https://dh.aks.ac.kr/hanyang2/glb/물품/3D-인력거.glb,https://dh.aks.ac.kr/hanyang2/wiki/index.php/3D%EB%AA%A8%EB%8D%B8%EB%A7%81-%EB%AC%BC%ED%92%88,미검토,미검토,목록만 확보,개별 파일 조건 미확인
물품,2021,전차,전차(電車),3D-전차.glb,https://dh.aks.ac.kr/hanyang2/glb/물품/3D-전차.glb,https://dh.aks.ac.kr/hanyang2/wiki/index.php/3D%EB%AA%A8%EB%8D%B8%EB%A7%81-%EB%AC%BC%ED%92%88,미검토,미검토,목록만 확보,개별 파일 조건 미확인
물품,2021,입체경,입체경,3D-입체경.glb,https://dh.aks.ac.kr/hanyang2/glb/물품/3D-입체경.glb,https://dh.aks.ac.kr/hanyang2/wiki/index.php/3D%EB%AA%A8%EB%8D%B8%EB%A7%81-%EB%AC%BC%ED%92%88,미검토,미검토,목록만 확보,개별 파일 조건 미확인
물품,2021,자명종,자명종,3D-자명종.glb,https://dh.aks.ac.kr/hanyang2/glb/물품/3D-자명종.glb,https://dh.aks.ac.kr/hanyang2/wiki/index.php/3D%EB%AA%A8%EB%8D%B8%EB%A7%81-%EB%AC%BC%ED%92%88,미검토,미검토,목록만 확보,개별 파일 조건 미확인
물품,2021,안경,안경,3D-안경.glb,https://dh.aks.ac.kr/hanyang2/glb/물품/3D-안경.glb,https://dh.aks.ac.kr/hanyang2/wiki/index.php/3D%EB%AA%A8%EB%8D%B8%EB%A7%81-%EB%AC%BC%ED%92%88,미검토,미검토,목록만 확보,개별 파일 조건 미확인
물품,2021,철제제과기,철제제과기,3D-철제제과기.glb,https://dh.aks.ac.kr/hanyang2/glb/물품/3D-철제제과기.glb,https://dh.aks.ac.kr/hanyang2/wiki/index.php/3D%EB%AA%A8%EB%8D%B8%EB%A7%81-%EB%AC%BC%ED%92%88,미검토,미검토,목록만 확보,개별 파일 조건 미확인
물품,2021,회중시계,회중시계,3D-회중시계.glb,https://dh.aks.ac.kr/hanyang2/glb/물품/3D-회중시계.glb,https://dh.aks.ac.kr/hanyang2/wiki/index.php/3D%EB%AA%A8%EB%8D%B8%EB%A7%81-%EB%AC%BC%ED%92%88,미검토,미검토,목록만 확보,개별 파일 조건 미확인
물품,2021,기차,기차,3D-기차.glb,https://dh.aks.ac.kr/hanyang2/glb/물품/3D-기차.glb,https://dh.aks.ac.kr/hanyang2/wiki/index.php/3D%EB%AA%A8%EB%8D%B8%EB%A7%81-%EB%AC%BC%ED%92%88,미검토,미검토,목록만 확보,개별 파일 조건 미확인
물품,2021,스나이더소총,스나이더 소총,3D-스나이더소총.glb,https://dh.aks.ac.kr/hanyang2/glb/물품/3D-스나이더소총.glb,https://dh.aks.ac.kr/hanyang2/wiki/index.php/3D%EB%AA%A8%EB%8D%B8%EB%A7%81-%EB%AC%BC%ED%92%88,미검토,미검토,목록만 확보,개별 파일 조건 미확인
물품,2021,카메라,카메라,3D-카메라.glb,https://dh.aks.ac.kr/hanyang2/glb/물품/3D-카메라.glb,https://dh.aks.ac.kr/hanyang2/wiki/index.php/3D%EB%AA%A8%EB%8D%B8%EB%A7%81-%EB%AC%BC%ED%92%88,미검토,미검토,목록만 확보,개별 파일 조건 미확인
물품,2021,황실책상,황실책상,3D-황실책상.glb,https://dh.aks.ac.kr/hanyang2/glb/물품/3D-황실책상.glb,https://dh.aks.ac.kr/hanyang2/wiki/index.php/3D%EB%AA%A8%EB%8D%B8%EB%A7%81-%EB%AC%BC%ED%92%88,미검토,미검토,목록만 확보,개별 파일 조건 미확인
물품,2021,가로등,가로등,3D-가로등.glb,https://dh.aks.ac.kr/hanyang2/glb/물품/3D-가로등.glb,https://dh.aks.ac.kr/hanyang2/wiki/index.php/3D%EB%AA%A8%EB%8D%B8%EB%A7%81-%EB%AC%BC%ED%92%88,미검토,미검토,목록만 확보,개별 파일 조건 미확인
물품,2021,대여,대여(大輿),3D-대여.glb,https://dh.aks.ac.kr/hanyang2/glb/물품/3D-대여.glb,https://dh.aks.ac.kr/hanyang2/wiki/index.php/3D%EB%AA%A8%EB%8D%B8%EB%A7%81-%EB%AC%BC%ED%92%88,미검토,미검토,목록만 확보,개별 파일 조건 미확인
물품,2021,견여,견여(肩輿),3D-견여.glb,https://dh.aks.ac.kr/hanyang2/glb/물품/3D-견여.glb,https://dh.aks.ac.kr/hanyang2/wiki/index.php/3D%EB%AA%A8%EB%8D%B8%EB%A7%81-%EB%AC%BC%ED%92%88,미검토,미검토,목록만 확보,개별 파일 조건 미확인
물품,2021,채여,채여(彩輿),3D-채여.glb,https://dh.aks.ac.kr/hanyang2/glb/물품/3D-채여.glb,https://dh.aks.ac.kr/hanyang2/wiki/index.php/3D%EB%AA%A8%EB%8D%B8%EB%A7%81-%EB%AC%BC%ED%92%88,미검토,미검토,목록만 확보,개별 파일 조건 미확인
물품,2021,방상씨,방상씨(方相氏),3D-방상씨.glb,https://dh.aks.ac.kr/hanyang2/glb/물품/3D-방상씨.glb,https://dh.aks.ac.kr/hanyang2/wiki/index.php/3D%EB%AA%A8%EB%8D%B8%EB%A7%81-%EB%AC%BC%ED%92%88,미검토,미검토,목록만 확보,개별 파일 조건 미확인
물품,2021,세면대,세면대,3D-세면대.glb,https://dh.aks.ac.kr/hanyang2/glb/물품/3D-세면대.glb,https://dh.aks.ac.kr/hanyang2/wiki/index.php/3D%EB%AA%A8%EB%8D%B8%EB%A7%81-%EB%AC%BC%ED%92%88,미검토,미검토,목록만 확보,개별 파일 조건 미확인
음식,2021,각색경증병,각색경증병(各色粳甑餠),3D-각색경증병.glb,https://dh.aks.ac.kr/hanyang2/glb/음식/3D-각색경증병.glb,https://dh.aks.ac.kr/hanyang2/wiki/index.php/3D%EB%AA%A8%EB%8D%B8%EB%A7%81-%EC%9D%8C%EC%8B%9D,미검토,미검토,목록만 확보,개별 파일 조건 미확인
음식,2021,각색점증병,각색점증병(各色粘甑餠),3D-각색점증병.glb,https://dh.aks.ac.kr/hanyang2/glb/음식/3D-각색점증병.glb,https://dh.aks.ac.kr/hanyang2/wiki/index.php/3D%EB%AA%A8%EB%8D%B8%EB%A7%81-%EC%9D%8C%EC%8B%9D,미검토,미검토,목록만 확보,개별 파일 조건 미확인
음식,2021,각색조악-화전,각색조악화전(各色助岳花煎),3D-각색조악-화전.glb,https://dh.aks.ac.kr/hanyang2/glb/음식/3D-각색조악-화전.glb,https://dh.aks.ac.kr/hanyang2/wiki/index.php/3D%EB%AA%A8%EB%8D%B8%EB%A7%81-%EC%9D%8C%EC%8B%9D,미검토,미검토,목록만 확보,개별 파일 조건 미확인
음식,2021,각색단자-잡과병,각색단자잡과병(各色團子雜果餠),3D-각색단자-잡과병.glb,https://dh.aks.ac.kr/hanyang2/glb/음식/3D-각색단자-잡과병.glb,https://dh.aks.ac.kr/hanyang2/wiki/index.php/3D%EB%AA%A8%EB%8D%B8%EB%A7%81-%EC%9D%8C%EC%8B%9D,미검토,미검토,목록만 확보,개별 파일 조건 미확인
음식,2021,만두과,만두과(饅頭果),3D-만두과.glb,https://dh.aks.ac.kr/hanyang2/glb/음식/3D-만두과.glb,https://dh.aks.ac.kr/hanyang2/wiki/index.php/3D%EB%AA%A8%EB%8D%B8%EB%A7%81-%EC%9D%8C%EC%8B%9D,미검토,미검토,목록만 확보,개별 파일 조건 미확인
음식,2021,연약과,연약과(軟藥果),3D-연약과.glb,https://dh.aks.ac.kr/hanyang2/glb/음식/3D-연약과.glb,https://dh.aks.ac.kr/hanyang2/wiki/index.php/3D%EB%AA%A8%EB%8D%B8%EB%A7%81-%EC%9D%8C%EC%8B%9D,미검토,미검토,목록만 확보,개별 파일 조건 미확인
음식,2021,양면과,양면과(兩面果),3D-양면과.glb,https://dh.aks.ac.kr/hanyang2/glb/음식/3D-양면과.glb,https://dh.aks.ac.kr/hanyang2/wiki/index.php/3D%EB%AA%A8%EB%8D%B8%EB%A7%81-%EC%9D%8C%EC%8B%9D,미검토,미검토,목록만 확보,개별 파일 조건 미확인
음식,2021,황률청태다식,황률청태다식(黃栗靑太茶食),3D-황률청태다식.glb,https://dh.aks.ac.kr/hanyang2/glb/음식/3D-황률청태다식.glb,https://dh.aks.ac.kr/hanyang2/wiki/index.php/3D%EB%AA%A8%EB%8D%B8%EB%A7%81-%EC%9D%8C%EC%8B%9D,미검토,미검토,목록만 확보,개별 파일 조건 미확인
음식,2021,강분흑임자다식,강분흑임자다식(薑粉黑荏子茶食),3D-강분흑임자다식.glb,https://dh.aks.ac.kr/hanyang2/glb/음식/3D-강분흑임자다식.glb,https://dh.aks.ac.kr/hanyang2/wiki/index.php/3D%EB%AA%A8%EB%8D%B8%EB%A7%81-%EC%9D%8C%EC%8B%9D,미검토,미검토,목록만 확보,개별 파일 조건 미확인
음식,2021,홍매화연사과,홍매화연사과(紅梅花軟絲果),3D-홍매화연사과.glb,https://dh.aks.ac.kr/hanyang2/glb/음식/3D-홍매화연사과.glb,https://dh.aks.ac.kr/hanyang2/wiki/index.php/3D%EB%AA%A8%EB%8D%B8%EB%A7%81-%EC%9D%8C%EC%8B%9D,미검토,미검토,목록만 확보,개별 파일 조건 미확인
음식,2021,백매화연사과,백매화연사과(白梅花軟絲果),3D-백매화연사과.glb,https://dh.aks.ac.kr/hanyang2/glb/음식/3D-백매화연사과.glb,https://dh.aks.ac.kr/hanyang2/wiki/index.php/3D%EB%AA%A8%EB%8D%B8%EB%A7%81-%EC%9D%8C%EC%8B%9D,미검토,미검토,목록만 확보,개별 파일 조건 미확인
음식,2021,백자연사과,백자연사과(栢子軟絲果),3D-백자연사과.glb,https://dh.aks.ac.kr/hanyang2/glb/음식/3D-백자연사과.glb,https://dh.aks.ac.kr/hanyang2/wiki/index.php/3D%EB%AA%A8%EB%8D%B8%EB%A7%81-%EC%9D%8C%EC%8B%9D,미검토,미검토,목록만 확보,개별 파일 조건 미확인
음식,2021,홍세건반연사과,홍세건반연사과(紅細乾飯軟絲果),3D-홍세건반연사과.glb,https://dh.aks.ac.kr/hanyang2/glb/음식/3D-홍세건반연사과.glb,https://dh.aks.ac.kr/hanyang2/wiki/index.php/3D%EB%AA%A8%EB%8D%B8%EB%A7%81-%EC%9D%8C%EC%8B%9D,미검토,미검토,목록만 확보,개별 파일 조건 미확인
음식,2021,백세건반연사과,백세건반연사과(白細乾飯軟絲果),3D-백세건반연사과.glb,https://dh.aks.ac.kr/hanyang2/glb/음식/3D-백세건반연사과.glb,https://dh.aks.ac.kr/hanyang2/wiki/index.php/3D%EB%AA%A8%EB%8D%B8%EB%A7%81-%EC%9D%8C%EC%8B%9D,미검토,미검토,목록만 확보,개별 파일 조건 미확인
음식,2021,홍백세건반요화,홍백세건반요화(紅白細乾飯蓼花),3D-홍백세건반요화.glb,https://dh.aks.ac.kr/hanyang2/glb/음식/3D-홍백세건반요화.glb,https://dh.aks.ac.kr/hanyang2/wiki/index.php/3D%EB%AA%A8%EB%8D%B8%EB%A7%81-%EC%9D%8C%EC%8B%9D,미검토,미검토,목록만 확보,개별 파일 조건 미확인
음식,2021,사색입모빙사과,사색입모빙사과(四色笠帽冰絲果),3D-사색입모빙사과.glb,https://dh.aks.ac.kr/hanyang2/glb/음식/3D-사색입모빙사과.glb,https://dh.aks.ac.kr/hanyang2/wiki/index.php/3D%EB%AA%A8%EB%8D%B8%EB%A7%81-%EC%9D%8C%EC%8B%9D,미검토,미검토,목록만 확보,개별 파일 조건 미확인
음식,2021,사색강정,사색강정(四色强精),3D-사색강정.glb,https://dh.aks.ac.kr/hanyang2/glb/음식/3D-사색강정.glb,https://dh.aks.ac.kr/hanyang2/wiki/index.php/3D%EB%AA%A8%EB%8D%B8%EB%A7%81-%EC%9D%8C%EC%8B%9D,미검토,미검토,목록만 확보,개별 파일 조건 미확인
음식,2021,홍매화강정,홍매화강정(紅梅花强精),3D-홍매화강정.glb,https://dh.aks.ac.kr/hanyang2/glb/음식/3D-홍매화강정.glb,https://dh.aks.ac.kr/hanyang2/wiki/index.php/3D%EB%AA%A8%EB%8D%B8%EB%A7%81-%EC%9D%8C%EC%8B%9D,미검토,미검토,목록만 확보,개별 파일 조건 미확인
음식,2021,백매화강정,백매화강정(白梅花强精),3D-백매화강정.glb,https://dh.aks.ac.kr/hanyang2/glb/음식/3D-백매화강정.glb,https://dh.aks.ac.kr/hanyang2/wiki/index.php/3D%EB%AA%A8%EB%8D%B8%EB%A7%81-%EC%9D%8C%EC%8B%9D,미검토,미검토,목록만 확보,개별 파일 조건 미확인
음식,2021,사당-귤병,사당귤병(砂糖橘餅),3D-사당-귤병.glb,https://dh.aks.ac.kr/hanyang2/glb/음식/3D-사당-귤병.glb,https://dh.aks.ac.kr/hanyang2/wiki/index.php/3D%EB%AA%A8%EB%8D%B8%EB%A7%81-%EC%9D%8C%EC%8B%9D,미검토,미검토,목록만 확보,개별 파일 조건 미확인
음식,2021,용안,용안(龍眼),3D-용안.glb,https://dh.aks.ac.kr/hanyang2/glb/음식/3D-용안.glb,https://dh.aks.ac.kr/hanyang2/wiki/index.php/3D%EB%AA%A8%EB%8D%B8%EB%A7%81-%EC%9D%8C%EC%8B%9D,미검토,미검토,목록만 확보,개별 파일 조건 미확인
음식,2021,여지,여지(茘枝),3D-여지.glb,https://dh.aks.ac.kr/hanyang2/glb/음식/3D-여지.glb,https://dh.aks.ac.kr/hanyang2/wiki/index.php/3D%EB%AA%A8%EB%8D%B8%EB%A7%81-%EC%9D%8C%EC%8B%9D,미검토,미검토,목록만 확보,개별 파일 조건 미확인
음식,2021,수정과,수정과(水正果),3D-수정과.glb,https://dh.aks.ac.kr/hanyang2/glb/음식/3D-수정과.glb,https://dh.aks.ac.kr/hanyang2/wiki/index.php/3D%EB%AA%A8%EB%8D%B8%EB%A7%81-%EC%9D%8C%EC%8B%9D,미검토,미검토,목록만 확보,개별 파일 조건 미확인
음식,2021,간전유화,간전유화(肝煎油花),3D-간전유화.glb,https://dh.aks.ac.kr/hanyang2/glb/음식/3D-간전유화.glb,https://dh.aks.ac.kr/hanyang2/wiki/index.php/3D%EB%AA%A8%EB%8D%B8%EB%A7%81-%EC%9D%8C%EC%8B%9D,미검토,미검토,목록만 확보,개별 파일 조건 미확인
음식,2021,동과화양적,동과화양적(冬苽花陽炙),3D-동과화양적.glb,https://dh.aks.ac.kr/hanyang2/glb/음식/3D-동과화양적.glb,https://dh.aks.ac.kr/hanyang2/wiki/index.php/3D%EB%AA%A8%EB%8D%B8%EB%A7%81-%EC%9D%8C%EC%8B%9D,미검토,미검토,목록만 확보,개별 파일 조건 미확인
음식,2021,방약과,방약과(方藥果),3D-방약과.glb,https://dh.aks.ac.kr/hanyang2/glb/음식/3D-방약과.glb,https://dh.aks.ac.kr/hanyang2/wiki/index.php/3D%EB%AA%A8%EB%8D%B8%EB%A7%81-%EC%9D%8C%EC%8B%9D,미검토,미검토,목록만 확보,개별 파일 조건 미확인
음식,2021,다식과,다식과(茶食果),3D-다식과.glb,https://dh.aks.ac.kr/hanyang2/glb/음식/3D-다식과.glb,https://dh.aks.ac.kr/hanyang2/wiki/index.php/3D%EB%AA%A8%EB%8D%B8%EB%A7%81-%EC%9D%8C%EC%8B%9D,미검토,미검토,목록만 확보,개별 파일 조건 미확인
음식,2021,사색다식,사색다식(四色茶食),3D-사색다식.glb,https://dh.aks.ac.kr/hanyang2/glb/음식/3D-사색다식.glb,https://dh.aks.ac.kr/hanyang2/wiki/index.php/3D%EB%AA%A8%EB%8D%B8%EB%A7%81-%EC%9D%8C%EC%8B%9D,미검토,미검토,목록만 확보,개별 파일 조건 미확인
음식,2021,홍백세한과,홍백세한과(紅白細漢果),3D-홍백세한과.glb,https://dh.aks.ac.kr/hanyang2/glb/음식/3D-홍백세한과.glb,https://dh.aks.ac.kr/hanyang2/wiki/index.php/3D%EB%AA%A8%EB%8D%B8%EB%A7%81-%EC%9D%8C%EC%8B%9D,미검토,미검토,목록만 확보,개별 파일 조건 미확인
음식,2021,홍백차수과,홍백차수과(紅白叉手果),3D-홍백차수과.glb,https://dh.aks.ac.kr/hanyang2/glb/음식/3D-홍백차수과.glb,https://dh.aks.ac.kr/hanyang2/wiki/index.php/3D%EB%AA%A8%EB%8D%B8%EB%A7%81-%EC%9D%8C%EC%8B%9D,미검토,미검토,목록만 확보,개별 파일 조건 미확인
음식,2021,생리,생리(生梨),3D-생리.glb,https://dh.aks.ac.kr/hanyang2/glb/음식/3D-생리.glb,https://dh.aks.ac.kr/hanyang2/wiki/index.php/3D%EB%AA%A8%EB%8D%B8%EB%A7%81-%EC%9D%8C%EC%8B%9D,미검토,미검토,목록만 확보,개별 파일 조건 미확인
음식,2021,홍시,홍시(紅杮),3D-홍시.glb,https://dh.aks.ac.kr/hanyang2/glb/음식/3D-홍시.glb,https://dh.aks.ac.kr/hanyang2/wiki/index.php/3D%EB%AA%A8%EB%8D%B8%EB%A7%81-%EC%9D%8C%EC%8B%9D,미검토,미검토,목록만 확보,개별 파일 조건 미확인
음식,2021,각색절육,각색절육(各色截肉),3D-각색절육.glb,https://dh.aks.ac.kr/hanyang2/glb/음식/3D-각색절육.glb,https://dh.aks.ac.kr/hanyang2/wiki/index.php/3D%EB%AA%A8%EB%8D%B8%EB%A7%81-%EC%9D%8C%EC%8B%9D,미검토,미검토,목록만 확보,개별 파일 조건 미확인
음식,2021,잡증,잡증(雜蒸),3D-잡증.glb,https://dh.aks.ac.kr/hanyang2/glb/음식/3D-잡증.glb,https://dh.aks.ac.kr/hanyang2/wiki/index.php/3D%EB%AA%A8%EB%8D%B8%EB%A7%81-%EC%9D%8C%EC%8B%9D,미검토,미검토,목록만 확보,개별 파일 조건 미확인
음식,2021,생선전유화,생선전유화(生鮮煎油花),3D-생선전유화.glb,https://dh.aks.ac.kr/hanyang2/glb/음식/3D-생선전유화.glb,https://dh.aks.ac.kr/hanyang2/wiki/index.php/3D%EB%AA%A8%EB%8D%B8%EB%A7%81-%EC%9D%8C%EC%8B%9D,미검토,미검토,목록만 확보,개별 파일 조건 미확인
음식,2021,양전유화,양전유화(羘煎油花),3D-양전유화.glb,https://dh.aks.ac.kr/hanyang2/glb/음식/3D-양전유화.glb,https://dh.aks.ac.kr/hanyang2/wiki/index.php/3D%EB%AA%A8%EB%8D%B8%EB%A7%81-%EC%9D%8C%EC%8B%9D,미검토,미검토,목록만 확보,개별 파일 조건 미확인
음식,2021,생해전,생해전(生蟹煎),3D-생해전.glb,https://dh.aks.ac.kr/hanyang2/glb/음식/3D-생해전.glb,https://dh.aks.ac.kr/hanyang2/wiki/index.php/3D%EB%AA%A8%EB%8D%B8%EB%A7%81-%EC%9D%8C%EC%8B%9D,미검토,미검토,목록만 확보,개별 파일 조건 미확인
음식,2021,삼색갑회,삼색갑회(三色甲膾),3D-삼색갑회.glb,https://dh.aks.ac.kr/hanyang2/glb/음식/3D-삼색갑회.glb,https://dh.aks.ac.kr/hanyang2/wiki/index.php/3D%EB%AA%A8%EB%8D%B8%EB%A7%81-%EC%9D%8C%EC%8B%9D,미검토,미검토,목록만 확보,개별 파일 조건 미확인
음식,2021,각색화양적,각색화양적(各色花陽炙),3D-각색화양적.glb,https://dh.aks.ac.kr/hanyang2/glb/음식/3D-각색화양적.glb,https://dh.aks.ac.kr/hanyang2/wiki/index.php/3D%EB%AA%A8%EB%8D%B8%EB%A7%81-%EC%9D%8C%EC%8B%9D,미검토,미검토,목록만 확보,개별 파일 조건 미확인
음식,2021,생치전체소,생치전체소(生雉全體燒),3D-생치전체소.glb,https://dh.aks.ac.kr/hanyang2/glb/음식/3D-생치전체소.glb,https://dh.aks.ac.kr/hanyang2/wiki/index.php/3D%EB%AA%A8%EB%8D%B8%EB%A7%81-%EC%9D%8C%EC%8B%9D,미검토,미검토,목록만 확보,개별 파일 조건 미확인
음식,2021,약반,약반(藥飯),3D-약반.glb,https://dh.aks.ac.kr/hanyang2/glb/음식/3D-약반.glb,https://dh.aks.ac.kr/hanyang2/wiki/index.php/3D%EB%AA%A8%EB%8D%B8%EB%A7%81-%EC%9D%8C%EC%8B%9D,미검토,미검토,목록만 확보,개별 파일 조건 미확인
음식,2021,오색소연사과,오색소연사과(五色小軟絲果),3D-오색소연사과.glb,https://dh.aks.ac.kr/hanyang2/glb/음식/3D-오색소연사과.glb,https://dh.aks.ac.kr/hanyang2/wiki/index.php/3D%EB%AA%A8%EB%8D%B8%EB%A7%81-%EC%9D%8C%EC%8B%9D,미검토,미검토,목록만 확보,개별 파일 조건 미확인
음식,2021,오색령강정,오색령강정(五色鈴强精),3D-오색령강정.glb,https://dh.aks.ac.kr/hanyang2/glb/음식/3D-오색령강정.glb,https://dh.aks.ac.kr/hanyang2/wiki/index.php/3D%EB%AA%A8%EB%8D%B8%EB%A7%81-%EC%9D%8C%EC%8B%9D,미검토,미검토,목록만 확보,개별 파일 조건 미확인
음식,2021,사색감사과,사색감사과(四色甘絲果),3D-사색감사과.glb,https://dh.aks.ac.kr/hanyang2/glb/음식/3D-사색감사과.glb,https://dh.aks.ac.kr/hanyang2/wiki/index.php/3D%EB%AA%A8%EB%8D%B8%EB%A7%81-%EC%9D%8C%EC%8B%9D,미검토,미검토,목록만 확보,개별 파일 조건 미확인
음식,2021,각색숙실과,각색숙실과(各色熟實果),3D-각색숙실과.glb,https://dh.aks.ac.kr/hanyang2/glb/음식/3D-각색숙실과.glb,https://dh.aks.ac.kr/hanyang2/wiki/index.php/3D%EB%AA%A8%EB%8D%B8%EB%A7%81-%EC%9D%8C%EC%8B%9D,미검토,미검토,목록만 확보,개별 파일 조건 미확인
음식,2021,각색당,각색당(各色糖),3D-각색당.glb,https://dh.aks.ac.kr/hanyang2/glb/음식/3D-각색당.glb,https://dh.aks.ac.kr/hanyang2/wiki/index.php/3D%EB%AA%A8%EB%8D%B8%EB%A7%81-%EC%9D%8C%EC%8B%9D,미검토,미검토,목록만 확보,개별 파일 조건 미확인
음식,2021,각색정과,각색정과(各色正果),3D-각색정과.glb,https://dh.aks.ac.kr/hanyang2/glb/음식/3D-각색정과.glb,https://dh.aks.ac.kr/hanyang2/wiki/index.php/3D%EB%AA%A8%EB%8D%B8%EB%A7%81-%EC%9D%8C%EC%8B%9D,미검토,미검토,목록만 확보,개별 파일 조건 미확인
음식,2021,준시,준시(蹲柿),3D-준시.glb,https://dh.aks.ac.kr/hanyang2/glb/음식/3D-준시.glb,https://dh.aks.ac.kr/hanyang2/wiki/index.php/3D%EB%AA%A8%EB%8D%B8%EB%A7%81-%EC%9D%8C%EC%8B%9D,미검토,미검토,목록만 확보,개별 파일 조건 미확인
음식,2021,생률,생률(生栗),3D-생률.glb,https://dh.aks.ac.kr/hanyang2/glb/음식/3D-생률.glb,https://dh.aks.ac.kr/hanyang2/wiki/index.php/3D%EB%AA%A8%EB%8D%B8%EB%A7%81-%EC%9D%8C%EC%8B%9D,미검토,미검토,목록만 확보,개별 파일 조건 미확인
음식,2021,포도,포도(葡萄),3D-포도.glb,https://dh.aks.ac.kr/hanyang2/glb/음식/3D-포도.glb,https://dh.aks.ac.kr/hanyang2/wiki/index.php/3D%EB%AA%A8%EB%8D%B8%EB%A7%81-%EC%9D%8C%EC%8B%9D,미검토,미검토,목록만 확보,개별 파일 조건 미확인
음식,2021,상설고,상설고(霜雪膏),3D-상설고.glb,https://dh.aks.ac.kr/hanyang2/glb/음식/3D-상설고.glb,https://dh.aks.ac.kr/hanyang2/wiki/index.php/3D%EB%AA%A8%EB%8D%B8%EB%A7%81-%EC%9D%8C%EC%8B%9D,미검토,미검토,목록만 확보,개별 파일 조건 미확인
음식,2021,면-麵,면(麵),3D-면-麵.glb,https://dh.aks.ac.kr/hanyang2/glb/음식/3D-면-麵.glb,https://dh.aks.ac.kr/hanyang2/wiki/index.php/3D%EB%AA%A8%EB%8D%B8%EB%A7%81-%EC%9D%8C%EC%8B%9D,미검토,미검토,목록만 확보,개별 파일 조건 미확인
음식,2021,편육-생선전유화,편육생선전유화(片肉生鮮煎油花),3D-편육-생선전유화.glb,https://dh.aks.ac.kr/hanyang2/glb/음식/3D-편육-생선전유화.glb,https://dh.aks.ac.kr/hanyang2/wiki/index.php/3D%EB%AA%A8%EB%8D%B8%EB%A7%81-%EC%9D%8C%EC%8B%9D,미검토,미검토,목록만 확보,개별 파일 조건 미확인
음식,2021,우설우낭숙편,우설우낭숙편(牛舌牛囊熟片),3D-우설우낭숙편.glb,https://dh.aks.ac.kr/hanyang2/glb/음식/3D-우설우낭숙편.glb,https://dh.aks.ac.kr/hanyang2/wiki/index.php/3D%EB%AA%A8%EB%8D%B8%EB%A7%81-%EC%9D%8C%EC%8B%9D,미검토,미검토,목록만 확보,개별 파일 조건 미확인
음식,2021,연저증,연저증(軟猪蒸),3D-연저증.glb,https://dh.aks.ac.kr/hanyang2/glb/음식/3D-연저증.glb,https://dh.aks.ac.kr/hanyang2/wiki/index.php/3D%EB%AA%A8%EB%8D%B8%EB%A7%81-%EC%9D%8C%EC%8B%9D,미검토,미검토,목록만 확보,개별 파일 조건 미확인
음식,2021,소만두과,소만두과(小饅頭果),3D-소만두과.glb,https://dh.aks.ac.kr/hanyang2/glb/음식/3D-소만두과.glb,https://dh.aks.ac.kr/hanyang2/wiki/index.php/3D%EB%AA%A8%EB%8D%B8%EB%A7%81-%EC%9D%8C%EC%8B%9D,미검토,미검토,목록만 확보,개별 파일 조건 미확인
음식,2021,청리,청리(淸梨),3D-청리.glb,https://dh.aks.ac.kr/hanyang2/glb/음식/3D-청리.glb,https://dh.aks.ac.kr/hanyang2/wiki/index.php/3D%EB%AA%A8%EB%8D%B8%EB%A7%81-%EC%9D%8C%EC%8B%9D,미검토,미검토,목록만 확보,개별 파일 조건 미확인
음식,2021,우태율편육,우태율편육(牛胎栗片肉),3D-우태율편육.glb,https://dh.aks.ac.kr/hanyang2/glb/음식/3D-우태율편육.glb,https://dh.aks.ac.kr/hanyang2/wiki/index.php/3D%EB%AA%A8%EB%8D%B8%EB%A7%81-%EC%9D%8C%EC%8B%9D,미검토,미검토,목록만 확보,개별 파일 조건 미확인
음식,2021,천엽전유화,천엽전유화(千葉煎油花),3D-천엽전유화.glb,https://dh.aks.ac.kr/hanyang2/glb/음식/3D-천엽전유화.glb,https://dh.aks.ac.kr/hanyang2/wiki/index.php/3D%EB%AA%A8%EB%8D%B8%EB%A7%81-%EC%9D%8C%EC%8B%9D,미검토,미검토,목록만 확보,개별 파일 조건 미확인
음식,2021,전복초,전복초(全鰒炒),3D-전복초.glb,https://dh.aks.ac.kr/hanyang2/glb/음식/3D-전복초.glb,https://dh.aks.ac.kr/hanyang2/wiki/index.php/3D%EB%AA%A8%EB%8D%B8%EB%A7%81-%EC%9D%8C%EC%8B%9D,미검토,미검토,목록만 확보,개별 파일 조건 미확인
음식,2021,저육전유화,저육전유화(猪肉煎油花),3D-저육전유화.glb,https://dh.aks.ac.kr/hanyang2/glb/음식/3D-저육전유화.glb,https://dh.aks.ac.kr/hanyang2/wiki/index.php/3D%EB%AA%A8%EB%8D%B8%EB%A7%81-%EC%9D%8C%EC%8B%9D,미검토,미검토,목록만 확보,개별 파일 조건 미확인
음식,2021,열구자탕,열구자탕(悅口子湯),3D-열구자탕.glb,https://dh.aks.ac.kr/hanyang2/glb/음식/3D-열구자탕.glb,https://dh.aks.ac.kr/hanyang2/wiki/index.php/3D%EB%AA%A8%EB%8D%B8%EB%A7%81-%EC%9D%8C%EC%8B%9D,미검토,미검토,목록만 확보,개별 파일 조건 미확인
음식,2021,홍미자,홍미자(紅味子),3D-홍미자.glb,https://dh.aks.ac.kr/hanyang2/glb/음식/3D-홍미자.glb,https://dh.aks.ac.kr/hanyang2/wiki/index.php/3D%EB%AA%A8%EB%8D%B8%EB%A7%81-%EC%9D%8C%EC%8B%9D,미검토,미검토,목록만 확보,개별 파일 조건 미확인
음식,2021,산사,산사(山査),3D-산사.glb,https://dh.aks.ac.kr/hanyang2/glb/음식/3D-산사.glb,https://dh.aks.ac.kr/hanyang2/wiki/index.php/3D%EB%AA%A8%EB%8D%B8%EB%A7%81-%EC%9D%8C%EC%8B%9D,미검토,미검토,목록만 확보,개별 파일 조건 미확인
음식,2021,생소라초,생소라초(生小螺炒),3D-생소라초.glb,https://dh.aks.ac.kr/hanyang2/glb/음식/3D-생소라초.glb,https://dh.aks.ac.kr/hanyang2/wiki/index.php/3D%EB%AA%A8%EB%8D%B8%EB%A7%81-%EC%9D%8C%EC%8B%9D,미검토,미검토,목록만 확보,개별 파일 조건 미확인
음식,2021,숙란,숙란(熟卵),3D-숙란.glb,https://dh.aks.ac.kr/hanyang2/glb/음식/3D-숙란.glb,https://dh.aks.ac.kr/hanyang2/wiki/index.php/3D%EB%AA%A8%EB%8D%B8%EB%A7%81-%EC%9D%8C%EC%8B%9D,미검토,미검토,목록만 확보,개별 파일 조건 미확인
음식,2021,낙제전유화,낙제전유화(絡蹄煎油花),3D-낙제전유화.glb,https://dh.aks.ac.kr/hanyang2/glb/음식/3D-낙제전유화.glb,https://dh.aks.ac.kr/hanyang2/wiki/index.php/3D%EB%AA%A8%EB%8D%B8%EB%A7%81-%EC%9D%8C%EC%8B%9D,미검토,미검토,목록만 확보,개별 파일 조건 미확인
음식,2021,해삼전,해삼전(海蔘煎),3D-해삼전.glb,https://dh.aks.ac.kr/hanyang2/glb/음식/3D-해삼전.glb,https://dh.aks.ac.kr/hanyang2/wiki/index.php/3D%EB%AA%A8%EB%8D%B8%EB%A7%81-%EC%9D%8C%EC%8B%9D,미검토,미검토,목록만 확보,개별 파일 조건 미확인
음식,2021,완자탕,완자탕(完子湯),3D-완자탕.glb,https://dh.aks.ac.kr/hanyang2/glb/음식/3D-완자탕.glb,https://dh.aks.ac.kr/hanyang2/wiki/index.php/3D%EB%AA%A8%EB%8D%B8%EB%A7%81-%EC%9D%8C%EC%8B%9D,미검토,미검토,목록만 확보,개별 파일 조건 미확인
음식,2021,석류,석류(石榴),3D-석류.glb,https://dh.aks.ac.kr/hanyang2/glb/음식/3D-석류.glb,https://dh.aks.ac.kr/hanyang2/wiki/index.php/3D%EB%AA%A8%EB%8D%B8%EB%A7%81-%EC%9D%8C%EC%8B%9D,미검토,미검토,목록만 확보,개별 파일 조건 미확인
음식,2021,골전유화,골전유화(骨煎油花),3D-골전유화.glb,https://dh.aks.ac.kr/hanyang2/glb/음식/3D-골전유화.glb,https://dh.aks.ac.kr/hanyang2/wiki/index.php/3D%EB%AA%A8%EB%8D%B8%EB%A7%81-%EC%9D%8C%EC%8B%9D,미검토,미검토,목록만 확보,개별 파일 조건 미확인
음식,2021,생선문주,생선문주(生鮮紋珠),3D-생선문주.glb,https://dh.aks.ac.kr/hanyang2/glb/음식/3D-생선문주.glb,https://dh.aks.ac.kr/hanyang2/wiki/index.php/3D%EB%AA%A8%EB%8D%B8%EB%A7%81-%EC%9D%8C%EC%8B%9D,미검토,미검토,목록만 확보,개별 파일 조건 미확인
음식,2021,생복회,생복회(生鰒膾),3D-생복회.glb,https://dh.aks.ac.kr/hanyang2/glb/음식/3D-생복회.glb,https://dh.aks.ac.kr/hanyang2/wiki/index.php/3D%EB%AA%A8%EB%8D%B8%EB%A7%81-%EC%9D%8C%EC%8B%9D,미검토,미검토,목록만 확보,개별 파일 조건 미확인
음식,2021,부어증,부어증(鮒魚蒸),3D-부어증.glb,https://dh.aks.ac.kr/hanyang2/glb/음식/3D-부어증.glb,https://dh.aks.ac.kr/hanyang2/wiki/index.php/3D%EB%AA%A8%EB%8D%B8%EB%A7%81-%EC%9D%8C%EC%8B%9D,미검토,미검토,목록만 확보,개별 파일 조건 미확인
음식,2021,골탕,골탕(骨湯),3D-골탕.glb,https://dh.aks.ac.kr/hanyang2/glb/음식/3D-골탕.glb,https://dh.aks.ac.kr/hanyang2/wiki/index.php/3D%EB%AA%A8%EB%8D%B8%EB%A7%81-%EC%9D%8C%EC%8B%9D,미검토,미검토,목록만 확보,개별 파일 조건 미확인
음식,2021,백자강정,백자강정(栢子强精),3D-백자강정.glb,https://dh.aks.ac.kr/hanyang2/glb/음식/3D-백자강정.glb,https://dh.aks.ac.kr/hanyang2/wiki/index.php/3D%EB%AA%A8%EB%8D%B8%EB%A7%81-%EC%9D%8C%EC%8B%9D,미검토,미검토,목록만 확보,개별 파일 조건 미확인
음식,2021,대조,대조(大棗),3D-대조.glb,https://dh.aks.ac.kr/hanyang2/glb/음식/3D-대조.glb,https://dh.aks.ac.kr/hanyang2/wiki/index.php/3D%EB%AA%A8%EB%8D%B8%EB%A7%81-%EC%9D%8C%EC%8B%9D,미검토,미검토,목록만 확보,개별 파일 조건 미확인
음식,2021,감화부,감화부(甘花富),3D-감화부.glb,https://dh.aks.ac.kr/hanyang2/glb/음식/3D-감화부.glb,https://dh.aks.ac.kr/hanyang2/wiki/index.php/3D%EB%AA%A8%EB%8D%B8%EB%A7%81-%EC%9D%8C%EC%8B%9D,미검토,미검토,목록만 확보,개별 파일 조건 미확인
음식,2021,생합회,생합회(生蛤膾),3D-생합회.glb,https://dh.aks.ac.kr/hanyang2/glb/음식/3D-생합회.glb,https://dh.aks.ac.kr/hanyang2/wiki/index.php/3D%EB%AA%A8%EB%8D%B8%EB%A7%81-%EC%9D%8C%EC%8B%9D,미검토,미검토,목록만 확보,개별 파일 조건 미확인
음식,2021,해삼증,해삼증(海蔘蒸),3D-해삼증.glb,https://dh.aks.ac.kr/hanyang2/glb/음식/3D-해삼증.glb,https://dh.aks.ac.kr/hanyang2/wiki/index.php/3D%EB%AA%A8%EB%8D%B8%EB%A7%81-%EC%9D%8C%EC%8B%9D,미검토,미검토,목록만 확보,개별 파일 조건 미확인
음식,2021,저포탕,저포탕(猪胞湯),3D-저포탕.glb,https://dh.aks.ac.kr/hanyang2/glb/음식/3D-저포탕.glb,https://dh.aks.ac.kr/hanyang2/wiki/index.php/3D%EB%AA%A8%EB%8D%B8%EB%A7%81-%EC%9D%8C%EC%8B%9D,미검토,미검토,목록만 확보,개별 파일 조건 미확인
음식,2021,소다식과,소다식과(小茶食果),3D-소다식과.glb,https://dh.aks.ac.kr/hanyang2/glb/음식/3D-소다식과.glb,https://dh.aks.ac.kr/hanyang2/wiki/index.php/3D%EB%AA%A8%EB%8D%B8%EB%A7%81-%EC%9D%8C%EC%8B%9D,미검토,미검토,목록만 확보,개별 파일 조건 미확인
음식,2021,실호도,실호도(實胡桃),3D-실호도.glb,https://dh.aks.ac.kr/hanyang2/glb/음식/3D-실호도.glb,https://dh.aks.ac.kr/hanyang2/wiki/index.php/3D%EB%AA%A8%EB%8D%B8%EB%A7%81-%EC%9D%8C%EC%8B%9D,미검토,미검토,목록만 확보,개별 파일 조건 미확인
음식,2021,생치전,생치전(生雉煎),3D-생치전.glb,https://dh.aks.ac.kr/hanyang2/glb/음식/3D-생치전.glb,https://dh.aks.ac.kr/hanyang2/wiki/index.php/3D%EB%AA%A8%EB%8D%B8%EB%A7%81-%EC%9D%8C%EC%8B%9D,미검토,미검토,목록만 확보,개별 파일 조건 미확인
음식,2021,생복초,생복초(生鰒炒),3D-생복초.glb,https://dh.aks.ac.kr/hanyang2/glb/음식/3D-생복초.glb,https://dh.aks.ac.kr/hanyang2/wiki/index.php/3D%EB%AA%A8%EB%8D%B8%EB%A7%81-%EC%9D%8C%EC%8B%9D,미검토,미검토,목록만 확보,개별 파일 조건 미확인
음식,2021,수어증,수어증(秀魚蒸),3D-수어증.glb,https://dh.aks.ac.kr/hanyang2/glb/음식/3D-수어증.glb,https://dh.aks.ac.kr/hanyang2/wiki/index.php/3D%EB%AA%A8%EB%8D%B8%EB%A7%81-%EC%9D%8C%EC%8B%9D,미검토,미검토,목록만 확보,개별 파일 조건 미확인
음식,2021,어만두,어만두(魚饅頭),3D-어만두.glb,https://dh.aks.ac.kr/hanyang2/glb/음식/3D-어만두.glb,https://dh.aks.ac.kr/hanyang2/wiki/index.php/3D%EB%AA%A8%EB%8D%B8%EB%A7%81-%EC%9D%8C%EC%8B%9D,미검토,미검토,목록만 확보,개별 파일 조건 미확인
음식,2021,양숙탕,양숙탕(羘熟湯),3D-양숙탕.glb,https://dh.aks.ac.kr/hanyang2/glb/음식/3D-양숙탕.glb,https://dh.aks.ac.kr/hanyang2/wiki/index.php/3D%EB%AA%A8%EB%8D%B8%EB%A7%81-%EC%9D%8C%EC%8B%9D,미검토,미검토,목록만 확보,개별 파일 조건 미확인
음식,2021,황세건반강정,황세건반강정(黃細乾飯强精),3D-황세건반강정.glb,https://dh.aks.ac.kr/hanyang2/glb/음식/3D-황세건반강정.glb,https://dh.aks.ac.kr/hanyang2/wiki/index.php/3D%EB%AA%A8%EB%8D%B8%EB%A7%81-%EC%9D%8C%EC%8B%9D,미검토,미검토,목록만 확보,개별 파일 조건 미확인
음식,2021,실은행,실은행(實銀杏),3D-실은행.glb,https://dh.aks.ac.kr/hanyang2/glb/음식/3D-실은행.glb,https://dh.aks.ac.kr/hanyang2/wiki/index.php/3D%EB%AA%A8%EB%8D%B8%EB%A7%81-%EC%9D%8C%EC%8B%9D,미검토,미검토,목록만 확보,개별 파일 조건 미확인
음식,2021,난과,난과(卵裹),3D-난과.glb,https://dh.aks.ac.kr/hanyang2/glb/음식/3D-난과.glb,https://dh.aks.ac.kr/hanyang2/wiki/index.php/3D%EB%AA%A8%EB%8D%B8%EB%A7%81-%EC%9D%8C%EC%8B%9D,미검토,미검토,목록만 확보,개별 파일 조건 미확인
음식,2021,육만두,육만두(肉饅頭),3D-육만두.glb,https://dh.aks.ac.kr/hanyang2/glb/음식/3D-육만두.glb,https://dh.aks.ac.kr/hanyang2/wiki/index.php/3D%EB%AA%A8%EB%8D%B8%EB%A7%81-%EC%9D%8C%EC%8B%9D,미검토,미검토,목록만 확보,개별 파일 조건 미확인
음식,2021,홍합증,홍합증(紅蛤蒸),3D-홍합증.glb,https://dh.aks.ac.kr/hanyang2/glb/음식/3D-홍합증.glb,https://dh.aks.ac.kr/hanyang2/wiki/index.php/3D%EB%AA%A8%EB%8D%B8%EB%A7%81-%EC%9D%8C%EC%8B%9D,미검토,미검토,목록만 확보,개별 파일 조건 미확인
음식,2021,생복화양적,생복화양적(生鰒花陽炙),3D-생복화양적.glb,https://dh.aks.ac.kr/hanyang2/glb/음식/3D-생복화양적.glb,https://dh.aks.ac.kr/hanyang2/wiki/index.php/3D%EB%AA%A8%EB%8D%B8%EB%A7%81-%EC%9D%8C%EC%8B%9D,미검토,미검토,목록만 확보,개별 파일 조건 미확인
음식,2021,추복탕,추복탕(搥鰒湯),3D-추복탕.glb,https://dh.aks.ac.kr/hanyang2/glb/음식/3D-추복탕.glb,https://dh.aks.ac.kr/hanyang2/wiki/index.php/3D%EB%AA%A8%EB%8D%B8%EB%A7%81-%EC%9D%8C%EC%8B%9D,미검토,미검토,목록만 확보,개별 파일 조건 미확인
음식,2021,백미자,백미자(白味子),3D-백미자.glb,https://dh.aks.ac.kr/hanyang2/glb/음식/3D-백미자.glb,https://dh.aks.ac.kr/hanyang2/wiki/index.php/3D%EB%AA%A8%EB%8D%B8%EB%A7%81-%EC%9D%8C%EC%8B%9D,미검토,미검토,목록만 확보,개별 파일 조건 미확인
음식,2021,송백자,송백자(松栢子),3D-송백자.glb,https://dh.aks.ac.kr/hanyang2/glb/음식/3D-송백자.glb,https://dh.aks.ac.kr/hanyang2/wiki/index.php/3D%EB%AA%A8%EB%8D%B8%EB%A7%81-%EC%9D%8C%EC%8B%9D,미검토,미검토,목록만 확보,개별 파일 조건 미확인
음식,2021,동과문주,동과문주(冬苽紋珠),3D-동과문주.glb,https://dh.aks.ac.kr/hanyang2/glb/음식/3D-동과문주.glb,https://dh.aks.ac.kr/hanyang2/wiki/index.php/3D%EB%AA%A8%EB%8D%B8%EB%A7%81-%EC%9D%8C%EC%8B%9D,미검토,미검토,목록만 확보,개별 파일 조건 미확인
음식,2021,어채,어채(魚菜),3D-어채.glb,https://dh.aks.ac.kr/hanyang2/glb/음식/3D-어채.glb,https://dh.aks.ac.kr/hanyang2/wiki/index.php/3D%EB%AA%A8%EB%8D%B8%EB%A7%81-%EC%9D%8C%EC%8B%9D,미검토,미검토,목록만 확보,개별 파일 조건 미확인
음식,2021,생치전유화,생치전유화(生雉煎油花),3D-생치전유화.glb,https://dh.aks.ac.kr/hanyang2/glb/음식/3D-생치전유화.glb,https://dh.aks.ac.kr/hanyang2/wiki/index.php/3D%EB%AA%A8%EB%8D%B8%EB%A7%81-%EC%9D%8C%EC%8B%9D,미검토,미검토,목록만 확보,개별 파일 조건 미확인
음식,2021,우족초,우족초(牛足炒),3D-우족초.glb,https://dh.aks.ac.kr/hanyang2/glb/음식/3D-우족초.glb,https://dh.aks.ac.kr/hanyang2/wiki/index.php/3D%EB%AA%A8%EB%8D%B8%EB%A7%81-%EC%9D%8C%EC%8B%9D,미검토,미검토,목록만 확보,개별 파일 조건 미확인
음식,2021,저육장방탕,저육장방탕(猪肉醬方湯),3D-저육장방탕.glb,https://dh.aks.ac.kr/hanyang2/glb/음식/3D-저육장방탕.glb,https://dh.aks.ac.kr/hanyang2/wiki/index.php/3D%EB%AA%A8%EB%8D%B8%EB%A7%81-%EC%9D%8C%EC%8B%9D,미검토,미검토,목록만 확보,개별 파일 조건 미확인
음식,2021,홍세건반강정,홍세건반강정(紅細乾飯强精),3D-홍세건반강정.glb,https://dh.aks.ac.kr/hanyang2/glb/음식/3D-홍세건반강정.glb,https://dh.aks.ac.kr/hanyang2/wiki/index.php/3D%EB%AA%A8%EB%8D%B8%EB%A7%81-%EC%9D%8C%EC%8B%9D,미검토,미검토,목록만 확보,개별 파일 조건 미확인
음식,2021,황률,황률(黃栗),3D-황률.glb,https://dh.aks.ac.kr/hanyang2/glb/음식/3D-황률.glb,https://dh.aks.ac.kr/hanyang2/wiki/index.php/3D%EB%AA%A8%EB%8D%B8%EB%A7%81-%EC%9D%8C%EC%8B%9D,미검토,미검토,목록만 확보,개별 파일 조건 미확인
음식,2021,족병,족병(足餠),3D-족병.glb,https://dh.aks.ac.kr/hanyang2/glb/음식/3D-족병.glb,https://dh.aks.ac.kr/hanyang2/wiki/index.php/3D%EB%AA%A8%EB%8D%B8%EB%A7%81-%EC%9D%8C%EC%8B%9D,미검토,미검토,목록만 확보,개별 파일 조건 미확인
음식,2021,각색채회,각색채회(各色菜膾),3D-각색채회.glb,https://dh.aks.ac.kr/hanyang2/glb/음식/3D-각색채회.glb,https://dh.aks.ac.kr/hanyang2/wiki/index.php/3D%EB%AA%A8%EB%8D%B8%EB%A7%81-%EC%9D%8C%EC%8B%9D,미검토,미검토,목록만 확보,개별 파일 조건 미확인
음식,2021,낙제화양적,낙제화양적(絡蹄花陽炙),3D-낙제화양적.glb,https://dh.aks.ac.kr/hanyang2/glb/음식/3D-낙제화양적.glb,https://dh.aks.ac.kr/hanyang2/wiki/index.php/3D%EB%AA%A8%EB%8D%B8%EB%A7%81-%EC%9D%8C%EC%8B%9D,미검토,미검토,목록만 확보,개별 파일 조건 미확인
음식,2021,생치초,생치초(生雉炒),3D-생치초.glb,https://dh.aks.ac.kr/hanyang2/glb/음식/3D-생치초.glb,https://dh.aks.ac.kr/hanyang2/wiki/index.php/3D%EB%AA%A8%EB%8D%B8%EB%A7%81-%EC%9D%8C%EC%8B%9D,미검토,미검토,목록만 확보,개별 파일 조건 미확인
음식,2021,과제탕,과제탕(苽制湯),3D-과제탕.glb,https://dh.aks.ac.kr/hanyang2/glb/음식/3D-과제탕.glb,https://dh.aks.ac.kr/hanyang2/wiki/index.php/3D%EB%AA%A8%EB%8D%B8%EB%A7%81-%EC%9D%8C%EC%8B%9D,미검토,미검토,목록만 확보,개별 파일 조건 미확인
음식,2021,연행인과,연행인과(軟杏仁果),3D-연행인과.glb,https://dh.aks.ac.kr/hanyang2/glb/음식/3D-연행인과.glb,https://dh.aks.ac.kr/hanyang2/wiki/index.php/3D%EB%AA%A8%EB%8D%B8%EB%A7%81-%EC%9D%8C%EC%8B%9D,미검토,미검토,목록만 확보,개별 파일 조건 미확인
음식,2021,생합전유화,생합전유화(生蛤煎油花),3D-생합전유화.glb,https://dh.aks.ac.kr/hanyang2/glb/음식/3D-생합전유화.glb,https://dh.aks.ac.kr/hanyang2/wiki/index.php/3D%EB%AA%A8%EB%8D%B8%EB%A7%81-%EC%9D%8C%EC%8B%9D,미검토,미검토,목록만 확보,개별 파일 조건 미확인
음식,2021,부화초,부화초(腑化炒),3D-부화초.glb,https://dh.aks.ac.kr/hanyang2/glb/음식/3D-부화초.glb,https://dh.aks.ac.kr/hanyang2/wiki/index.php/3D%EB%AA%A8%EB%8D%B8%EB%A7%81-%EC%9D%8C%EC%8B%9D,미검토,미검토,목록만 확보,개별 파일 조건 미확인
음식,2021,병시,병시(餠匙),3D-병시.glb,https://dh.aks.ac.kr/hanyang2/glb/음식/3D-병시.glb,https://dh.aks.ac.kr/hanyang2/wiki/index.php/3D%EB%AA%A8%EB%8D%B8%EB%A7%81-%EC%9D%8C%EC%8B%9D,미검토,미검토,목록만 확보,개별 파일 조건 미확인
음식,2021,어화양적,어화양적(魚花陽炙),3D-어화양적.glb,https://dh.aks.ac.kr/hanyang2/glb/음식/3D-어화양적.glb,https://dh.aks.ac.kr/hanyang2/wiki/index.php/3D%EB%AA%A8%EB%8D%B8%EB%A7%81-%EC%9D%8C%EC%8B%9D,미검토,미검토,목록만 확보,개별 파일 조건 미확인
음식,2021,칠기탕,칠기탕(七技湯),3D-칠기탕.glb,https://dh.aks.ac.kr/hanyang2/glb/음식/3D-칠기탕.glb,https://dh.aks.ac.kr/hanyang2/wiki/index.php/3D%EB%AA%A8%EB%8D%B8%EB%A7%81-%EC%9D%8C%EC%8B%9D,미검토,미검토,목록만 확보,개별 파일 조건 미확인
음식,2021,염수,염수(鹽水),3D-염수.glb,https://dh.aks.ac.kr/hanyang2/glb/음식/3D-염수.glb,https://dh.aks.ac.kr/hanyang2/wiki/index.php/3D%EB%AA%A8%EB%8D%B8%EB%A7%81-%EC%9D%8C%EC%8B%9D,미검토,미검토,목록만 확보,개별 파일 조건 미확인
음식,2021,우육숙편,우육숙편(牛肉熟片),3D-우육숙편.glb,https://dh.aks.ac.kr/hanyang2/glb/음식/3D-우육숙편.glb,https://dh.aks.ac.kr/hanyang2/wiki/index.php/3D%EB%AA%A8%EB%8D%B8%EB%A7%81-%EC%9D%8C%EC%8B%9D,미검토,미검토,목록만 확보,개별 파일 조건 미확인
음식,2021,양육숙편,양육숙편(羊肉熟片),3D-양육숙편.glb,https://dh.aks.ac.kr/hanyang2/glb/음식/3D-양육숙편.glb,https://dh.aks.ac.kr/hanyang2/wiki/index.php/3D%EB%AA%A8%EB%8D%B8%EB%A7%81-%EC%9D%8C%EC%8B%9D,미검토,미검토,목록만 확보,개별 파일 조건 미확인
음식,2021,저육숙편,저육숙편(猪肉熟片 ),3D-저육숙편.glb,https://dh.aks.ac.kr/hanyang2/glb/음식/3D-저육숙편.glb,https://dh.aks.ac.kr/hanyang2/wiki/index.php/3D%EB%AA%A8%EB%8D%B8%EB%A7%81-%EC%9D%8C%EC%8B%9D,미검토,미검토,목록만 확보,개별 파일 조건 미확인
음식,2021,계육숙편,계육숙편(鷄肉熟片),3D-계육숙편.glb,https://dh.aks.ac.kr/hanyang2/glb/음식/3D-계육숙편.glb,https://dh.aks.ac.kr/hanyang2/wiki/index.php/3D%EB%AA%A8%EB%8D%B8%EB%A7%81-%EC%9D%8C%EC%8B%9D,미검토,미검토,목록만 확보,개별 파일 조건 미확인
음식,2021,용봉탕,용봉탕(龍鳳湯),3D-용봉탕.glb,https://dh.aks.ac.kr/hanyang2/glb/음식/3D-용봉탕.glb,https://dh.aks.ac.kr/hanyang2/wiki/index.php/3D%EB%AA%A8%EB%8D%B8%EB%A7%81-%EC%9D%8C%EC%8B%9D,미검토,미검토,목록만 확보,개별 파일 조건 미확인
음식,2021,만두,만두(饅頭),3D-만두.glb,https://dh.aks.ac.kr/hanyang2/glb/음식/3D-만두.glb,https://dh.aks.ac.kr/hanyang2/wiki/index.php/3D%EB%AA%A8%EB%8D%B8%EB%A7%81-%EC%9D%8C%EC%8B%9D,미검토,미검토,목록만 확보,개별 파일 조건 미확인
음식,2021,작설차,작설차(雀舌茶),3D-작설차.glb,https://dh.aks.ac.kr/hanyang2/glb/음식/3D-작설차.glb,https://dh.aks.ac.kr/hanyang2/wiki/index.php/3D%EB%AA%A8%EB%8D%B8%EB%A7%81-%EC%9D%8C%EC%8B%9D,미검토,미검토,목록만 확보,개별 파일 조건 미확인
복식,2020,가란잠,가란잠,가란잠.glb,https://dh.aks.ac.kr/~hanyang/glb2/반차도/가란잠.glb,https://dh.aks.ac.kr/hanyang2/wiki/index.php/2020_3D%EB%AA%A8%EB%8D%B8%EB%A7%81-%EB%B0%98%EC%B0%A8%EB%8F%84_%EB%B3%B5%EC%8B%9D,미검토,미검토,목록만 확보,개별 파일 조건 미확인
복식,2020,가리마,가리마,가리마.glb,https://dh.aks.ac.kr/~hanyang/glb2/반차도/가리마.glb,https://dh.aks.ac.kr/hanyang2/wiki/index.php/2020_3D%EB%AA%A8%EB%8D%B8%EB%A7%81-%EB%B0%98%EC%B0%A8%EB%8F%84_%EB%B3%B5%EC%8B%9D,미검토,미검토,목록만 확보,개별 파일 조건 미확인
복식,2020,가슴가리개,가슴가리개,가슴가리개.glb,https://dh.aks.ac.kr/~hanyang/glb2/반차도/가슴가리개.glb,https://dh.aks.ac.kr/hanyang2/wiki/index.php/2020_3D%EB%AA%A8%EB%8D%B8%EB%A7%81-%EB%B0%98%EC%B0%A8%EB%8F%84_%EB%B3%B5%EC%8B%9D,미검토,미검토,목록만 확보,개별 파일 조건 미확인
복식,2020,갑상,갑상,갑상.glb,https://dh.aks.ac.kr/~hanyang/glb2/반차도/갑상.glb,https://dh.aks.ac.kr/hanyang2/wiki/index.php/2020_3D%EB%AA%A8%EB%8D%B8%EB%A7%81-%EB%B0%98%EC%B0%A8%EB%8F%84_%EB%B3%B5%EC%8B%9D,미검토,미검토,목록만 확보,개별 파일 조건 미확인
복식,2020,갑옷,갑옷,갑옷.glb,https://dh.aks.ac.kr/~hanyang/glb2/반차도/갑옷.glb,https://dh.aks.ac.kr/hanyang2/wiki/index.php/2020_3D%EB%AA%A8%EB%8D%B8%EB%A7%81-%EB%B0%98%EC%B0%A8%EB%8F%84_%EB%B3%B5%EC%8B%9D,미검토,미검토,목록만 확보,개별 파일 조건 미확인
복식,2020,광다회,광다회,광다회.glb,https://dh.aks.ac.kr/~hanyang/glb2/반차도/광다회.glb,https://dh.aks.ac.kr/hanyang2/wiki/index.php/2020_3D%EB%AA%A8%EB%8D%B8%EB%A7%81-%EB%B0%98%EC%B0%A8%EB%8F%84_%EB%B3%B5%EC%8B%9D,미검토,미검토,목록만 확보,개별 파일 조건 미확인
복식,2020,구류면관,구류면관,구류면관.glb,https://dh.aks.ac.kr/~hanyang/glb2/반차도/구류면관.glb,https://dh.aks.ac.kr/hanyang2/wiki/index.php/2020_3D%EB%AA%A8%EB%8D%B8%EB%A7%81-%EB%B0%98%EC%B0%A8%EB%8F%84_%EB%B3%B5%EC%8B%9D,미검토,미검토,목록만 확보,개별 파일 조건 미확인
복식,2020,구장복_상의,구장복-상의,구장복_상의.glb,https://dh.aks.ac.kr/~hanyang/glb2/반차도/구장복_상의.glb,https://dh.aks.ac.kr/hanyang2/wiki/index.php/2020_3D%EB%AA%A8%EB%8D%B8%EB%A7%81-%EB%B0%98%EC%B0%A8%EB%8F%84_%EB%B3%B5%EC%8B%9D,미검토,미검토,목록만 확보,개별 파일 조건 미확인
복식,2020,구장복_중단,면복-중단(왕),구장복_중단.glb,https://dh.aks.ac.kr/~hanyang/glb2/반차도/구장복_중단.glb,https://dh.aks.ac.kr/hanyang2/wiki/index.php/2020_3D%EB%AA%A8%EB%8D%B8%EB%A7%81-%EB%B0%98%EC%B0%A8%EB%8F%84_%EB%B3%B5%EC%8B%9D,미검토,미검토,목록만 확보,개별 파일 조건 미확인
복식,2020,구장복_폐슬,폐슬(왕),구장복_폐슬.glb,https://dh.aks.ac.kr/~hanyang/glb2/반차도/구장복_폐슬.glb,https://dh.aks.ac.kr/hanyang2/wiki/index.php/2020_3D%EB%AA%A8%EB%8D%B8%EB%A7%81-%EB%B0%98%EC%B0%A8%EB%8F%84_%EB%B3%B5%EC%8B%9D,미검토,미검토,목록만 확보,개별 파일 조건 미확인
복식,2020,구장복_하상,구장복-하상,구장복_하상.glb,https://dh.aks.ac.kr/~hanyang/glb2/반차도/구장복_하상.glb,https://dh.aks.ac.kr/hanyang2/wiki/index.php/2020_3D%EB%AA%A8%EB%8D%B8%EB%A7%81-%EB%B0%98%EC%B0%A8%EB%8F%84_%EB%B3%B5%EC%8B%9D,미검토,미검토,목록만 확보,개별 파일 조건 미확인
복식,2020,군뢰복다기,군뢰복다기,군뢰복다기.glb,https://dh.aks.ac.kr/~hanyang/glb2/반차도/군뢰복다기.glb,https://dh.aks.ac.kr/hanyang2/wiki/index.php/2020_3D%EB%AA%A8%EB%8D%B8%EB%A7%81-%EB%B0%98%EC%B0%A8%EB%8F%84_%EB%B3%B5%EC%8B%9D,미검토,미검토,목록만 확보,개별 파일 조건 미확인
복식,2020,규-왕,규(왕),규-왕.glb,https://dh.aks.ac.kr/~hanyang/glb2/반차도/규-왕.glb,https://dh.aks.ac.kr/hanyang2/wiki/index.php/2020_3D%EB%AA%A8%EB%8D%B8%EB%A7%81-%EB%B0%98%EC%B0%A8%EB%8F%84_%EB%B3%B5%EC%8B%9D,미검토,미검토,목록만 확보,개별 파일 조건 미확인
복식,2020,규-왕비,규(왕비),규-왕비.glb,https://dh.aks.ac.kr/~hanyang/glb2/반차도/규-왕비.glb,https://dh.aks.ac.kr/hanyang2/wiki/index.php/2020_3D%EB%AA%A8%EB%8D%B8%EB%A7%81-%EB%B0%98%EC%B0%A8%EB%8F%84_%EB%B3%B5%EC%8B%9D,미검토,미검토,목록만 확보,개별 파일 조건 미확인
복식,2020,금등타자,금등,금등타자.glb,https://dh.aks.ac.kr/~hanyang/glb2/반차도/금등타자.glb,https://dh.aks.ac.kr/hanyang2/wiki/index.php/2020_3D%EB%AA%A8%EB%8D%B8%EB%A7%81-%EB%B0%98%EC%B0%A8%EB%8F%84_%EB%B3%B5%EC%8B%9D,미검토,미검토,목록만 확보,개별 파일 조건 미확인
복식,2020,남대대,남대대,남대대.glb,https://dh.aks.ac.kr/~hanyang/glb2/반차도/남대대.glb,https://dh.aks.ac.kr/hanyang2/wiki/index.php/2020_3D%EB%AA%A8%EB%8D%B8%EB%A7%81-%EB%B0%98%EC%B0%A8%EB%8F%84_%EB%B3%B5%EC%8B%9D,미검토,미검토,목록만 확보,개별 파일 조건 미확인
복식,2020,남색광다회,남색광다회,남색광다회.glb,https://dh.aks.ac.kr/~hanyang/glb2/반차도/남색광다회.glb,https://dh.aks.ac.kr/hanyang2/wiki/index.php/2020_3D%EB%AA%A8%EB%8D%B8%EB%A7%81-%EB%B0%98%EC%B0%A8%EB%8F%84_%EB%B3%B5%EC%8B%9D,미검토,미검토,목록만 확보,개별 파일 조건 미확인
복식,2020,남색전대-면포,남색전대(면포),남색전대-면포.glb,https://dh.aks.ac.kr/~hanyang/glb2/반차도/남색전대-면포.glb,https://dh.aks.ac.kr/hanyang2/wiki/index.php/2020_3D%EB%AA%A8%EB%8D%B8%EB%A7%81-%EB%B0%98%EC%B0%A8%EB%8F%84_%EB%B3%B5%EC%8B%9D,미검토,미검토,목록만 확보,개별 파일 조건 미확인
복식,2020,남색전대-비단,남색전대(비단),남색전대-비단.glb,https://dh.aks.ac.kr/~hanyang/glb2/반차도/남색전대-비단.glb,https://dh.aks.ac.kr/hanyang2/wiki/index.php/2020_3D%EB%AA%A8%EB%8D%B8%EB%A7%81-%EB%B0%98%EC%B0%A8%EB%8F%84_%EB%B3%B5%EC%8B%9D,미검토,미검토,목록만 확보,개별 파일 조건 미확인
복식,2020,남직령,남직령,남직령.glb,https://dh.aks.ac.kr/~hanyang/glb2/반차도/남직령.glb,https://dh.aks.ac.kr/hanyang2/wiki/index.php/2020_3D%EB%AA%A8%EB%8D%B8%EB%A7%81-%EB%B0%98%EC%B0%A8%EB%8F%84_%EB%B3%B5%EC%8B%9D,미검토,미검토,목록만 확보,개별 파일 조건 미확인
복식,2020,남철릭,남철릭,남철릭.glb,https://dh.aks.ac.kr/~hanyang/glb2/반차도/남철릭.glb,https://dh.aks.ac.kr/hanyang2/wiki/index.php/2020_3D%EB%AA%A8%EB%8D%B8%EB%A7%81-%EB%B0%98%EC%B0%A8%EB%8F%84_%EB%B3%B5%EC%8B%9D,미검토,미검토,목록만 확보,개별 파일 조건 미확인
복식,2020,내갑의,내갑의,내갑의.glb,https://dh.aks.ac.kr/~hanyang/glb2/반차도/내갑의.glb,https://dh.aks.ac.kr/hanyang2/wiki/index.php/2020_3D%EB%AA%A8%EB%8D%B8%EB%A7%81-%EB%B0%98%EC%B0%A8%EB%8F%84_%EB%B3%B5%EC%8B%9D,미검토,미검토,목록만 확보,개별 파일 조건 미확인
복식,2020,너른바지,너른바지,너른바지.glb,https://dh.aks.ac.kr/~hanyang/glb2/반차도/너른바지.glb,https://dh.aks.ac.kr/hanyang2/wiki/index.php/2020_3D%EB%AA%A8%EB%8D%B8%EB%A7%81-%EB%B0%98%EC%B0%A8%EB%8F%84_%EB%B3%B5%EC%8B%9D,미검토,미검토,목록만 확보,개별 파일 조건 미확인
복식,2020,너울,너울,너울.glb,https://dh.aks.ac.kr/~hanyang/glb2/반차도/너울.glb,https://dh.aks.ac.kr/hanyang2/wiki/index.php/2020_3D%EB%AA%A8%EB%8D%B8%EB%A7%81-%EB%B0%98%EC%B0%A8%EB%8F%84_%EB%B3%B5%EC%8B%9D,미검토,미검토,목록만 확보,개별 파일 조건 미확인
복식,2020,노의,노의,노의.glb,https://dh.aks.ac.kr/~hanyang/glb2/반차도/노의.glb,https://dh.aks.ac.kr/hanyang2/wiki/index.php/2020_3D%EB%AA%A8%EB%8D%B8%EB%A7%81-%EB%B0%98%EC%B0%A8%EB%8F%84_%EB%B3%B5%EC%8B%9D,미검토,미검토,목록만 확보,개별 파일 조건 미확인
복식,2020,녹단령,녹단령,녹색단령.glb,https://dh.aks.ac.kr/~hanyang/glb2/반차도/녹색단령.glb,https://dh.aks.ac.kr/hanyang2/wiki/index.php/2020_3D%EB%AA%A8%EB%8D%B8%EB%A7%81-%EB%B0%98%EC%B0%A8%EB%8F%84_%EB%B3%B5%EC%8B%9D,미검토,미검토,목록만 확보,개별 파일 조건 미확인
복식,2020,녹원삼,원삼,녹원삼.glb,https://dh.aks.ac.kr/~hanyang/glb2/반차도/녹원삼.glb,https://dh.aks.ac.kr/hanyang2/wiki/index.php/2020_3D%EB%AA%A8%EB%8D%B8%EB%A7%81-%EB%B0%98%EC%B0%A8%EB%8F%84_%EB%B3%B5%EC%8B%9D,미검토,미검토,목록만 확보,개별 파일 조건 미확인
복식,2020,단사각사모,단사각사모,단사각사모.glb,https://dh.aks.ac.kr/~hanyang/glb2/반차도/단사각사모.glb,https://dh.aks.ac.kr/hanyang2/wiki/index.php/2020_3D%EB%AA%A8%EB%8D%B8%EB%A7%81-%EB%B0%98%EC%B0%A8%EB%8F%84_%EB%B3%B5%EC%8B%9D,미검토,미검토,목록만 확보,개별 파일 조건 미확인
복식,2020,단속곳,단속곳,단속곳.glb,https://dh.aks.ac.kr/~hanyang/glb2/반차도/단속곳.glb,https://dh.aks.ac.kr/hanyang2/wiki/index.php/2020_3D%EB%AA%A8%EB%8D%B8%EB%A7%81-%EB%B0%98%EC%B0%A8%EB%8F%84_%EB%B3%B5%EC%8B%9D,미검토,미검토,목록만 확보,개별 파일 조건 미확인
복식,2020,단학흉배,단학흉배,단학흉배.glb,https://dh.aks.ac.kr/~hanyang/glb2/반차도/단학흉배.glb,https://dh.aks.ac.kr/hanyang2/wiki/index.php/2020_3D%EB%AA%A8%EB%8D%B8%EB%A7%81-%EB%B0%98%EC%B0%A8%EB%8F%84_%EB%B3%B5%EC%8B%9D,미검토,미검토,목록만 확보,개별 파일 조건 미확인
복식,2020,단호흉배,단호흉배,단호흉배.glb,https://dh.aks.ac.kr/~hanyang/glb2/반차도/단호흉배.glb,https://dh.aks.ac.kr/hanyang2/wiki/index.php/2020_3D%EB%AA%A8%EB%8D%B8%EB%A7%81-%EB%B0%98%EC%B0%A8%EB%8F%84_%EB%B3%B5%EC%8B%9D,미검토,미검토,목록만 확보,개별 파일 조건 미확인
복식,2020,담홍단령,담홍단령,담홍단령.glb,https://dh.aks.ac.kr/~hanyang/glb2/반차도/담홍단령.glb,https://dh.aks.ac.kr/hanyang2/wiki/index.php/2020_3D%EB%AA%A8%EB%8D%B8%EB%A7%81-%EB%B0%98%EC%B0%A8%EB%8F%84_%EB%B3%B5%EC%8B%9D,미검토,미검토,목록만 확보,개별 파일 조건 미확인
복식,2020,대대후수-백관,대대(백관),대대후수-백관.glb,https://dh.aks.ac.kr/~hanyang/glb2/반차도/대대후수-백관.glb,https://dh.aks.ac.kr/hanyang2/wiki/index.php/2020_3D%EB%AA%A8%EB%8D%B8%EB%A7%81-%EB%B0%98%EC%B0%A8%EB%8F%84_%EB%B3%B5%EC%8B%9D,미검토,미검토,목록만 확보,개별 파일 조건 미확인
복식,2020,대대후수-왕,대대(왕실남성),대대후수-왕.glb,https://dh.aks.ac.kr/~hanyang/glb2/반차도/대대후수-왕.glb,https://dh.aks.ac.kr/hanyang2/wiki/index.php/2020_3D%EB%AA%A8%EB%8D%B8%EB%A7%81-%EB%B0%98%EC%B0%A8%EB%8F%84_%EB%B3%B5%EC%8B%9D,미검토,미검토,목록만 확보,개별 파일 조건 미확인
복식,2020,대대후수-왕비,대대(왕비),대대후수-왕비.glb,https://dh.aks.ac.kr/~hanyang/glb2/반차도/대대후수-왕비.glb,https://dh.aks.ac.kr/hanyang2/wiki/index.php/2020_3D%EB%AA%A8%EB%8D%B8%EB%A7%81-%EB%B0%98%EC%B0%A8%EB%8F%84_%EB%B3%B5%EC%8B%9D,미검토,미검토,목록만 확보,개별 파일 조건 미확인
복식,2020,대수,대수,대수.glb,https://dh.aks.ac.kr/~hanyang/glb2/반차도/대수.glb,https://dh.aks.ac.kr/hanyang2/wiki/index.php/2020_3D%EB%AA%A8%EB%8D%B8%EB%A7%81-%EB%B0%98%EC%B0%A8%EB%8F%84_%EB%B3%B5%EC%8B%9D,미검토,미검토,목록만 확보,개별 파일 조건 미확인
복식,2020,대슘치마,대슘치마,대슘치마.glb,https://dh.aks.ac.kr/~hanyang/glb2/반차도/대슘치마.glb,https://dh.aks.ac.kr/hanyang2/wiki/index.php/2020_3D%EB%AA%A8%EB%8D%B8%EB%A7%81-%EB%B0%98%EC%B0%A8%EB%8F%84_%EB%B3%B5%EC%8B%9D,미검토,미검토,목록만 확보,개별 파일 조건 미확인
복식,2020,대요,대요,대요.glb,https://dh.aks.ac.kr/~hanyang/glb2/반차도/대요.glb,https://dh.aks.ac.kr/hanyang2/wiki/index.php/2020_3D%EB%AA%A8%EB%8D%B8%EB%A7%81-%EB%B0%98%EC%B0%A8%EB%8F%84_%EB%B3%B5%EC%8B%9D,미검토,미검토,목록만 확보,개별 파일 조건 미확인
복식,2020,도금대봉잠,도금대봉잠,대봉잠.glb,https://dh.aks.ac.kr/~hanyang/glb2/반차도/대봉잠.glb,https://dh.aks.ac.kr/hanyang2/wiki/index.php/2020_3D%EB%AA%A8%EB%8D%B8%EB%A7%81-%EB%B0%98%EC%B0%A8%EB%8F%84_%EB%B3%B5%EC%8B%9D,미검토,미검토,목록만 확보,개별 파일 조건 미확인
복식,2020,도금봉황꽂이,도금봉황꽂이,도금봉황꽂이.glb,https://dh.aks.ac.kr/~hanyang/glb2/반차도/도금봉황꽂이.glb,https://dh.aks.ac.kr/hanyang2/wiki/index.php/2020_3D%EB%AA%A8%EB%8D%B8%EB%A7%81-%EB%B0%98%EC%B0%A8%EB%8F%84_%EB%B3%B5%EC%8B%9D,미검토,미검토,목록만 확보,개별 파일 조건 미확인
복식,2020,도금용잠,용잠,용잠.glb,https://dh.aks.ac.kr/~hanyang/glb2/반차도/용잠.glb,https://dh.aks.ac.kr/hanyang2/wiki/index.php/2020_3D%EB%AA%A8%EB%8D%B8%EB%A7%81-%EB%B0%98%EC%B0%A8%EB%8F%84_%EB%B3%B5%EC%8B%9D,미검토,미검토,목록만 확보,개별 파일 조건 미확인
복식,2020,도금토환오색조대,도금토환오색조대,도금토환오색조대.glb,https://dh.aks.ac.kr/~hanyang/glb2/반차도/도금토환오색조대.glb,https://dh.aks.ac.kr/hanyang2/wiki/index.php/2020_3D%EB%AA%A8%EB%8D%B8%EB%A7%81-%EB%B0%98%EC%B0%A8%EB%8F%84_%EB%B3%B5%EC%8B%9D,미검토,미검토,목록만 확보,개별 파일 조건 미확인
복식,2020,도금후봉잠A,도금후봉잠A,도금후봉잠A.glb,https://dh.aks.ac.kr/~hanyang/glb2/반차도/도금후봉잠A.glb,https://dh.aks.ac.kr/hanyang2/wiki/index.php/2020_3D%EB%AA%A8%EB%8D%B8%EB%A7%81-%EB%B0%98%EC%B0%A8%EB%8F%84_%EB%B3%B5%EC%8B%9D,미검토,미검토,목록만 확보,개별 파일 조건 미확인
복식,2020,도금후봉잠B,도금후봉잠B,도금후봉잠B.glb,https://dh.aks.ac.kr/~hanyang/glb2/반차도/도금후봉잠B.glb,https://dh.aks.ac.kr/hanyang2/wiki/index.php/2020_3D%EB%AA%A8%EB%8D%B8%EB%A7%81-%EB%B0%98%EC%B0%A8%EB%8F%84_%EB%B3%B5%EC%8B%9D,미검토,미검토,목록만 확보,개별 파일 조건 미확인
복식,2020,도포,도포,도포.glb,https://dh.aks.ac.kr/~hanyang/glb2/반차도/도포.glb,https://dh.aks.ac.kr/hanyang2/wiki/index.php/2020_3D%EB%AA%A8%EB%8D%B8%EB%A7%81-%EB%B0%98%EC%B0%A8%EB%8F%84_%EB%B3%B5%EC%8B%9D,미검토,미검토,목록만 확보,개별 파일 조건 미확인
복식,2020,독혜,독혜,독혜.glb,https://dh.aks.ac.kr/~hanyang/glb2/반차도/독혜.glb,https://dh.aks.ac.kr/hanyang2/wiki/index.php/2020_3D%EB%AA%A8%EB%8D%B8%EB%A7%81-%EB%B0%98%EC%B0%A8%EB%8F%84_%EB%B3%B5%EC%8B%9D,미검토,미검토,목록만 확보,개별 파일 조건 미확인
복식,2020,동다리,동다리,동다리.glb,https://dh.aks.ac.kr/~hanyang/glb2/반차도/동다리.glb,https://dh.aks.ac.kr/hanyang2/wiki/index.php/2020_3D%EB%AA%A8%EB%8D%B8%EB%A7%81-%EB%B0%98%EC%B0%A8%EB%8F%84_%EB%B3%B5%EC%8B%9D,미검토,미검토,목록만 확보,개별 파일 조건 미확인
복식,2020,두석토환자색조대,두석토환자색조대,두석토환자색조대.glb,https://dh.aks.ac.kr/~hanyang/glb2/반차도/두석토환자색조대.glb,https://dh.aks.ac.kr/hanyang2/wiki/index.php/2020_3D%EB%AA%A8%EB%8D%B8%EB%A7%81-%EB%B0%98%EC%B0%A8%EB%8F%84_%EB%B3%B5%EC%8B%9D,미검토,미검토,목록만 확보,개별 파일 조건 미확인
복식,2020,두석토환초록조대,두석토환초록조대,두석토환초록조대.glb,https://dh.aks.ac.kr/~hanyang/glb2/반차도/두석토환초록조대.glb,https://dh.aks.ac.kr/hanyang2/wiki/index.php/2020_3D%EB%AA%A8%EB%8D%B8%EB%A7%81-%EB%B0%98%EC%B0%A8%EB%8F%84_%EB%B3%B5%EC%8B%9D,미검토,미검토,목록만 확보,개별 파일 조건 미확인
복식,2020,드림댕기,드림댕기,드림댕기.glb,https://dh.aks.ac.kr/~hanyang/glb2/반차도/드림댕기.glb,https://dh.aks.ac.kr/hanyang2/wiki/index.php/2020_3D%EB%AA%A8%EB%8D%B8%EB%A7%81-%EB%B0%98%EC%B0%A8%EB%8F%84_%EB%B3%B5%EC%8B%9D,미검토,미검토,목록만 확보,개별 파일 조건 미확인
복식,2020,말군,말군,말군.glb,https://dh.aks.ac.kr/~hanyang/glb2/반차도/말군.glb,https://dh.aks.ac.kr/hanyang2/wiki/index.php/2020_3D%EB%AA%A8%EB%8D%B8%EB%A7%81-%EB%B0%98%EC%B0%A8%EB%8F%84_%EB%B3%B5%EC%8B%9D,미검토,미검토,목록만 확보,개별 파일 조건 미확인
복식,2020,무각평정건,무각평정건,무각평정건.glb,https://dh.aks.ac.kr/~hanyang/glb2/반차도/무각평정건.glb,https://dh.aks.ac.kr/hanyang2/wiki/index.php/2020_3D%EB%AA%A8%EB%8D%B8%EB%A7%81-%EB%B0%98%EC%B0%A8%EB%8F%84_%EB%B3%B5%EC%8B%9D,미검토,미검토,목록만 확보,개별 파일 조건 미확인
복식,2020,무지기치마,무지기치마,무지기치마.glb,https://dh.aks.ac.kr/~hanyang/glb2/반차도/무지기치마.glb,https://dh.aks.ac.kr/hanyang2/wiki/index.php/2020_3D%EB%AA%A8%EB%8D%B8%EB%A7%81-%EB%B0%98%EC%B0%A8%EB%8F%84_%EB%B3%B5%EC%8B%9D,미검토,미검토,목록만 확보,개별 파일 조건 미확인
복식,2020,문사각사모,문사각사모,문사각사모.glb,https://dh.aks.ac.kr/~hanyang/glb2/반차도/문사각사모.glb,https://dh.aks.ac.kr/hanyang2/wiki/index.php/2020_3D%EB%AA%A8%EB%8D%B8%EB%A7%81-%EB%B0%98%EC%B0%A8%EB%8F%84_%EB%B3%B5%EC%8B%9D,미검토,미검토,목록만 확보,개별 파일 조건 미확인
복식,2020,바지,바지,바지.glb,https://dh.aks.ac.kr/~hanyang/glb2/반차도/바지.glb,https://dh.aks.ac.kr/hanyang2/wiki/index.php/2020_3D%EB%AA%A8%EB%8D%B8%EB%A7%81-%EB%B0%98%EC%B0%A8%EB%8F%84_%EB%B3%B5%EC%8B%9D,미검토,미검토,목록만 확보,개별 파일 조건 미확인
복식,2020,반비의-나장,반비의(나장),반비의-나장.glb,https://dh.aks.ac.kr/~hanyang/glb2/반차도/반비의-나장.glb,https://dh.aks.ac.kr/hanyang2/wiki/index.php/2020_3D%EB%AA%A8%EB%8D%B8%EB%A7%81-%EB%B0%98%EC%B0%A8%EB%8F%84_%EB%B3%B5%EC%8B%9D,미검토,미검토,목록만 확보,개별 파일 조건 미확인
복식,2020,반회장저고리,반회장저고리,반회장저고리.glb,https://dh.aks.ac.kr/~hanyang/glb2/반차도/반회장저고리.glb,https://dh.aks.ac.kr/hanyang2/wiki/index.php/2020_3D%EB%AA%A8%EB%8D%B8%EB%A7%81-%EB%B0%98%EC%B0%A8%EB%8F%84_%EB%B3%B5%EC%8B%9D,미검토,미검토,목록만 확보,개별 파일 조건 미확인
복식,2020,백색전대,백색전대,백색전대.glb,https://dh.aks.ac.kr/~hanyang/glb2/반차도/백색전대.glb,https://dh.aks.ac.kr/hanyang2/wiki/index.php/2020_3D%EB%AA%A8%EB%8D%B8%EB%A7%81-%EB%B0%98%EC%B0%A8%EB%8F%84_%EB%B3%B5%EC%8B%9D,미검토,미검토,목록만 확보,개별 파일 조건 미확인
복식,2020,백색전복,백색전복,백색전복.glb,https://dh.aks.ac.kr/~hanyang/glb2/반차도/백색전복.glb,https://dh.aks.ac.kr/hanyang2/wiki/index.php/2020_3D%EB%AA%A8%EB%8D%B8%EB%A7%81-%EB%B0%98%EC%B0%A8%EB%8F%84_%EB%B3%B5%EC%8B%9D,미검토,미검토,목록만 확보,개별 파일 조건 미확인
복식,2020,백색호의,백색호의,백색호의.glb,https://dh.aks.ac.kr/~hanyang/glb2/반차도/백색호의.glb,https://dh.aks.ac.kr/hanyang2/wiki/index.php/2020_3D%EB%AA%A8%EB%8D%B8%EB%A7%81-%EB%B0%98%EC%B0%A8%EB%8F%84_%EB%B3%B5%EC%8B%9D,미검토,미검토,목록만 확보,개별 파일 조건 미확인
복식,2020,백옥나비떨잠,백옥나비떨잠,백옥나비떨잠.glb,https://dh.aks.ac.kr/~hanyang/glb2/반차도/백옥나비떨잠.glb,https://dh.aks.ac.kr/hanyang2/wiki/index.php/2020_3D%EB%AA%A8%EB%8D%B8%EB%A7%81-%EB%B0%98%EC%B0%A8%EB%8F%84_%EB%B3%B5%EC%8B%9D,미검토,미검토,목록만 확보,개별 파일 조건 미확인
복식,2020,백옥봉황꽂이,백옥봉황꽂이,백옥봉황꽂이.glb,https://dh.aks.ac.kr/~hanyang/glb2/반차도/백옥봉황꽂이.glb,https://dh.aks.ac.kr/hanyang2/wiki/index.php/2020_3D%EB%AA%A8%EB%8D%B8%EB%A7%81-%EB%B0%98%EC%B0%A8%EB%8F%84_%EB%B3%B5%EC%8B%9D,미검토,미검토,목록만 확보,개별 파일 조건 미확인
복식,2020,백옥수자문떨잠,백옥수자문떨잠,백옥수자문떨잠.glb,https://dh.aks.ac.kr/~hanyang/glb2/반차도/백옥수자문떨잠.glb,https://dh.aks.ac.kr/hanyang2/wiki/index.php/2020_3D%EB%AA%A8%EB%8D%B8%EB%A7%81-%EB%B0%98%EC%B0%A8%EB%8F%84_%EB%B3%B5%EC%8B%9D,미검토,미검토,목록만 확보,개별 파일 조건 미확인
복식,2020,버선,버선,버선.glb,https://dh.aks.ac.kr/~hanyang/glb2/반차도/버선.glb,https://dh.aks.ac.kr/hanyang2/wiki/index.php/2020_3D%EB%AA%A8%EB%8D%B8%EB%A7%81-%EB%B0%98%EC%B0%A8%EB%8F%84_%EB%B3%B5%EC%8B%9D,미검토,미검토,목록만 확보,개별 파일 조건 미확인
복식,2020,별의,별의,별의.glb,https://dh.aks.ac.kr/~hanyang/glb2/반차도/별의.glb,https://dh.aks.ac.kr/hanyang2/wiki/index.php/2020_3D%EB%AA%A8%EB%8D%B8%EB%A7%81-%EB%B0%98%EC%B0%A8%EB%8F%84_%EB%B3%B5%EC%8B%9D,미검토,미검토,목록만 확보,개별 파일 조건 미확인
복식,2020,복두,복두,복두.glb,https://dh.aks.ac.kr/~hanyang/glb2/반차도/복두.glb,https://dh.aks.ac.kr/hanyang2/wiki/index.php/2020_3D%EB%AA%A8%EB%8D%B8%EB%A7%81-%EB%B0%98%EC%B0%A8%EB%8F%84_%EB%B3%B5%EC%8B%9D,미검토,미검토,목록만 확보,개별 파일 조건 미확인
복식,2020,분홍저고리,분홍저고리,분홍저고리.glb,https://dh.aks.ac.kr/~hanyang/glb2/반차도/분홍저고리.glb,https://dh.aks.ac.kr/hanyang2/wiki/index.php/2020_3D%EB%AA%A8%EB%8D%B8%EB%A7%81-%EB%B0%98%EC%B0%A8%EB%8F%84_%EB%B3%B5%EC%8B%9D,미검토,미검토,목록만 확보,개별 파일 조건 미확인
복식,2020,삽금대,삽금대,삽금대.glb,https://dh.aks.ac.kr/~hanyang/glb2/반차도/삽금대.glb,https://dh.aks.ac.kr/hanyang2/wiki/index.php/2020_3D%EB%AA%A8%EB%8D%B8%EB%A7%81-%EB%B0%98%EC%B0%A8%EB%8F%84_%EB%B3%B5%EC%8B%9D,미검토,미검토,목록만 확보,개별 파일 조건 미확인
복식,2020,삽은대,삽은대,삽은대.glb,https://dh.aks.ac.kr/~hanyang/glb2/반차도/삽은대.glb,https://dh.aks.ac.kr/hanyang2/wiki/index.php/2020_3D%EB%AA%A8%EB%8D%B8%EB%A7%81-%EB%B0%98%EC%B0%A8%EB%8F%84_%EB%B3%B5%EC%8B%9D,미검토,미검토,목록만 확보,개별 파일 조건 미확인
복식,2020,서대,서대,서대.glb,https://dh.aks.ac.kr/~hanyang/glb2/반차도/서대.glb,https://dh.aks.ac.kr/hanyang2/wiki/index.php/2020_3D%EB%AA%A8%EB%8D%B8%EB%A7%81-%EB%B0%98%EC%B0%A8%EB%8F%84_%EB%B3%B5%EC%8B%9D,미검토,미검토,목록만 확보,개별 파일 조건 미확인
복식,2020,세조대,세조대,세조대.glb,https://dh.aks.ac.kr/~hanyang/glb2/반차도/세조대.glb,https://dh.aks.ac.kr/hanyang2/wiki/index.php/2020_3D%EB%AA%A8%EB%8D%B8%EB%A7%81-%EB%B0%98%EC%B0%A8%EB%8F%84_%EB%B3%B5%EC%8B%9D,미검토,미검토,목록만 확보,개별 파일 조건 미확인
복식,2020,소금대,소금대,소금대.glb,https://dh.aks.ac.kr/~hanyang/glb2/반차도/소금대.glb,https://dh.aks.ac.kr/hanyang2/wiki/index.php/2020_3D%EB%AA%A8%EB%8D%B8%EB%A7%81-%EB%B0%98%EC%B0%A8%EB%8F%84_%EB%B3%B5%EC%8B%9D,미검토,미검토,목록만 확보,개별 파일 조건 미확인
복식,2020,소룡잠,소룡잠,소룡잠.glb,https://dh.aks.ac.kr/~hanyang/glb2/반차도/소룡잠.glb,https://dh.aks.ac.kr/hanyang2/wiki/index.php/2020_3D%EB%AA%A8%EB%8D%B8%EB%A7%81-%EB%B0%98%EC%B0%A8%EB%8F%84_%EB%B3%B5%EC%8B%9D,미검토,미검토,목록만 확보,개별 파일 조건 미확인
복식,2020,소모자,소모자,소모자.glb,https://dh.aks.ac.kr/~hanyang/glb2/반차도/소모자.glb,https://dh.aks.ac.kr/hanyang2/wiki/index.php/2020_3D%EB%AA%A8%EB%8D%B8%EB%A7%81-%EB%B0%98%EC%B0%A8%EB%8F%84_%EB%B3%B5%EC%8B%9D,미검토,미검토,목록만 확보,개별 파일 조건 미확인
복식,2020,소은대,소은대,소은대.glb,https://dh.aks.ac.kr/~hanyang/glb2/반차도/소은대.glb,https://dh.aks.ac.kr/hanyang2/wiki/index.php/2020_3D%EB%AA%A8%EB%8D%B8%EB%A7%81-%EB%B0%98%EC%B0%A8%EB%8F%84_%EB%B3%B5%EC%8B%9D,미검토,미검토,목록만 확보,개별 파일 조건 미확인
복식,2020,소창의,소창의,소창의.glb,https://dh.aks.ac.kr/~hanyang/glb2/반차도/소창의.glb,https://dh.aks.ac.kr/hanyang2/wiki/index.php/2020_3D%EB%AA%A8%EB%8D%B8%EB%A7%81-%EB%B0%98%EC%B0%A8%EB%8F%84_%EB%B3%B5%EC%8B%9D,미검토,미검토,목록만 확보,개별 파일 조건 미확인
복식,2020,속바지,속바지,속바지.glb,https://dh.aks.ac.kr/~hanyang/glb2/반차도/속바지.glb,https://dh.aks.ac.kr/hanyang2/wiki/index.php/2020_3D%EB%AA%A8%EB%8D%B8%EB%A7%81-%EB%B0%98%EC%B0%A8%EB%8F%84_%EB%B3%B5%EC%8B%9D,미검토,미검토,목록만 확보,개별 파일 조건 미확인
복식,2020,속속곳,속속곳,속속곳.glb,https://dh.aks.ac.kr/~hanyang/glb2/반차도/속속곳.glb,https://dh.aks.ac.kr/hanyang2/wiki/index.php/2020_3D%EB%AA%A8%EB%8D%B8%EB%A7%81-%EB%B0%98%EC%B0%A8%EB%8F%84_%EB%B3%B5%EC%8B%9D,미검토,미검토,목록만 확보,개별 파일 조건 미확인
복식,2020,쌍학흉배,쌍학흉배,쌍학흉배.glb,https://dh.aks.ac.kr/~hanyang/glb2/반차도/쌍학흉배.glb,https://dh.aks.ac.kr/hanyang2/wiki/index.php/2020_3D%EB%AA%A8%EB%8D%B8%EB%A7%81-%EB%B0%98%EC%B0%A8%EB%8F%84_%EB%B3%B5%EC%8B%9D,미검토,미검토,목록만 확보,개별 파일 조건 미확인
복식,2020,쌍호흉배,쌍호흉배,쌍호흉배.glb,https://dh.aks.ac.kr/~hanyang/glb2/반차도/쌍호흉배.glb,https://dh.aks.ac.kr/hanyang2/wiki/index.php/2020_3D%EB%AA%A8%EB%8D%B8%EB%A7%81-%EB%B0%98%EC%B0%A8%EB%8F%84_%EB%B3%B5%EC%8B%9D,미검토,미검토,목록만 확보,개별 파일 조건 미확인
복식,2020,엄심,엄심,엄심.glb,https://dh.aks.ac.kr/~hanyang/glb2/반차도/엄심.glb,https://dh.aks.ac.kr/hanyang2/wiki/index.php/2020_3D%EB%AA%A8%EB%8D%B8%EB%A7%81-%EB%B0%98%EC%B0%A8%EB%8F%84_%EB%B3%B5%EC%8B%9D,미검토,미검토,목록만 확보,개별 파일 조건 미확인
복식,2020,연녹색단령,연녹색단령,연녹색단령.glb,https://dh.aks.ac.kr/~hanyang/glb2/반차도/연녹색단령.glb,https://dh.aks.ac.kr/hanyang2/wiki/index.php/2020_3D%EB%AA%A8%EB%8D%B8%EB%A7%81-%EB%B0%98%EC%B0%A8%EB%8F%84_%EB%B3%B5%EC%8B%9D,미검토,미검토,목록만 확보,개별 파일 조건 미확인
복식,2020,도금민잠,도금민잠,도금민잠.glb,https://dh.aks.ac.kr/~hanyang/glb2/반차도/도금민잠.glb,https://dh.aks.ac.kr/hanyang2/wiki/index.php/2020_3D%EB%AA%A8%EB%8D%B8%EB%A7%81-%EB%B0%98%EC%B0%A8%EB%8F%84_%EB%B3%B5%EC%8B%9D,미검토,미검토,목록만 확보,개별 파일 조건 미확인
복식,2020,오정대,오정대,오정대.glb,https://dh.aks.ac.kr/~hanyang/glb2/반차도/오정대.glb,https://dh.aks.ac.kr/hanyang2/wiki/index.php/2020_3D%EB%AA%A8%EB%8D%B8%EB%A7%81-%EB%B0%98%EC%B0%A8%EB%8F%84_%EB%B3%B5%EC%8B%9D,미검토,미검토,목록만 확보,개별 파일 조건 미확인
복식,2020,옥대-왕,옥대(왕),옥대-왕.glb,https://dh.aks.ac.kr/~hanyang/glb2/반차도/옥대-왕.glb,https://dh.aks.ac.kr/hanyang2/wiki/index.php/2020_3D%EB%AA%A8%EB%8D%B8%EB%A7%81-%EB%B0%98%EC%B0%A8%EB%8F%84_%EB%B3%B5%EC%8B%9D,미검토,미검토,목록만 확보,개별 파일 조건 미확인
복식,2020,옥대-왕비,옥대(왕비),옥대-왕비.glb,https://dh.aks.ac.kr/~hanyang/glb2/반차도/옥대-왕비.glb,https://dh.aks.ac.kr/hanyang2/wiki/index.php/2020_3D%EB%AA%A8%EB%8D%B8%EB%A7%81-%EB%B0%98%EC%B0%A8%EB%8F%84_%EB%B3%B5%EC%8B%9D,미검토,미검토,목록만 확보,개별 파일 조건 미확인
복식,2020,옥색단령,옥색단령,옥색단령.glb,https://dh.aks.ac.kr/~hanyang/glb2/반차도/옥색단령.glb,https://dh.aks.ac.kr/hanyang2/wiki/index.php/2020_3D%EB%AA%A8%EB%8D%B8%EB%A7%81-%EB%B0%98%EC%B0%A8%EB%8F%84_%EB%B3%B5%EC%8B%9D,미검토,미검토,목록만 확보,개별 파일 조건 미확인
복식,2020,온혜,온혜,온혜.glb,https://dh.aks.ac.kr/~hanyang/glb2/반차도/온혜.glb,https://dh.aks.ac.kr/hanyang2/wiki/index.php/2020_3D%EB%AA%A8%EB%8D%B8%EB%A7%81-%EB%B0%98%EC%B0%A8%EB%8F%84_%EB%B3%B5%EC%8B%9D,미검토,미검토,목록만 확보,개별 파일 조건 미확인
복식,2020,요대,광대,요대.glb,https://dh.aks.ac.kr/~hanyang/glb2/반차도/요대.glb,https://dh.aks.ac.kr/hanyang2/wiki/index.php/2020_3D%EB%AA%A8%EB%8D%B8%EB%A7%81-%EB%B0%98%EC%B0%A8%EB%8F%84_%EB%B3%B5%EC%8B%9D,미검토,미검토,목록만 확보,개별 파일 조건 미확인
복식,2020,운혜,운혜,운혜.glb,https://dh.aks.ac.kr/~hanyang/glb2/반차도/운혜.glb,https://dh.aks.ac.kr/hanyang2/wiki/index.php/2020_3D%EB%AA%A8%EB%8D%B8%EB%A7%81-%EB%B0%98%EC%B0%A8%EB%8F%84_%EB%B3%B5%EC%8B%9D,미검토,미검토,목록만 확보,개별 파일 조건 미확인
복식,2020,은야대,은야대,은야대.glb,https://dh.aks.ac.kr/~hanyang/glb2/반차도/은야대.glb,https://dh.aks.ac.kr/hanyang2/wiki/index.php/2020_3D%EB%AA%A8%EB%8D%B8%EB%A7%81-%EB%B0%98%EC%B0%A8%EB%8F%84_%EB%B3%B5%EC%8B%9D,미검토,미검토,목록만 확보,개별 파일 조건 미확인
복식,2020,자건-紫巾,자건(紫巾),자건.glb,https://dh.aks.ac.kr/~hanyang/glb2/반차도/자건.glb,https://dh.aks.ac.kr/hanyang2/wiki/index.php/2020_3D%EB%AA%A8%EB%8D%B8%EB%A7%81-%EB%B0%98%EC%B0%A8%EB%8F%84_%EB%B3%B5%EC%8B%9D,미검토,미검토,목록만 확보,개별 파일 조건 미확인
복식,2020,자색직령,자적직령,자색직령.glb,https://dh.aks.ac.kr/~hanyang/glb2/반차도/자색직령.glb,https://dh.aks.ac.kr/hanyang2/wiki/index.php/2020_3D%EB%AA%A8%EB%8D%B8%EB%A7%81-%EB%B0%98%EC%B0%A8%EB%8F%84_%EB%B3%B5%EC%8B%9D,미검토,미검토,목록만 확보,개별 파일 조건 미확인
복식,2020,자적단령,자적단령,자적단령-수정.glb,https://dh.aks.ac.kr/~hanyang/glb2/반차도/자적단령-수정.glb,https://dh.aks.ac.kr/hanyang2/wiki/index.php/2020_3D%EB%AA%A8%EB%8D%B8%EB%A7%81-%EB%B0%98%EC%B0%A8%EB%8F%84_%EB%B3%B5%EC%8B%9D,미검토,미검토,목록만 확보,개별 파일 조건 미확인
복식,2020,자적대란치마,자적대란치마,자적대란치마.glb,https://dh.aks.ac.kr/~hanyang/glb2/반차도/자적대란치마.glb,https://dh.aks.ac.kr/hanyang2/wiki/index.php/2020_3D%EB%AA%A8%EB%8D%B8%EB%A7%81-%EB%B0%98%EC%B0%A8%EB%8F%84_%EB%B3%B5%EC%8B%9D,미검토,미검토,목록만 확보,개별 파일 조건 미확인
복식,2020,저고리-남성,남자 저고리,저고리-남성.glb,https://dh.aks.ac.kr/~hanyang/glb2/반차도/저고리-남성.glb,https://dh.aks.ac.kr/hanyang2/wiki/index.php/2020_3D%EB%AA%A8%EB%8D%B8%EB%A7%81-%EB%B0%98%EC%B0%A8%EB%8F%84_%EB%B3%B5%EC%8B%9D,미검토,미검토,목록만 확보,개별 파일 조건 미확인
복식,2020,적말,적말,적말.glb,https://dh.aks.ac.kr/~hanyang/glb2/반차도/적말.glb,https://dh.aks.ac.kr/hanyang2/wiki/index.php/2020_3D%EB%AA%A8%EB%8D%B8%EB%A7%81-%EB%B0%98%EC%B0%A8%EB%8F%84_%EB%B3%B5%EC%8B%9D,미검토,미검토,목록만 확보,개별 파일 조건 미확인
복식,2020,적삼,적삼,적삼.glb,https://dh.aks.ac.kr/~hanyang/glb2/반차도/적삼.glb,https://dh.aks.ac.kr/hanyang2/wiki/index.php/2020_3D%EB%AA%A8%EB%8D%B8%EB%A7%81-%EB%B0%98%EC%B0%A8%EB%8F%84_%EB%B3%B5%EC%8B%9D,미검토,미검토,목록만 확보,개별 파일 조건 미확인
복식,2020,적석,적석,적석.glb,https://dh.aks.ac.kr/~hanyang/glb2/반차도/적석.glb,https://dh.aks.ac.kr/hanyang2/wiki/index.php/2020_3D%EB%AA%A8%EB%8D%B8%EB%A7%81-%EB%B0%98%EC%B0%A8%EB%8F%84_%EB%B3%B5%EC%8B%9D,미검토,미검토,목록만 확보,개별 파일 조건 미확인
복식,2020,적의-왕비,법복 적의(왕비),적의-왕비.glb,https://dh.aks.ac.kr/~hanyang/glb2/반차도/적의-왕비.glb,https://dh.aks.ac.kr/hanyang2/wiki/index.php/2020_3D%EB%AA%A8%EB%8D%B8%EB%A7%81-%EB%B0%98%EC%B0%A8%EB%8F%84_%EB%B3%B5%EC%8B%9D,미검토,미검토,목록만 확보,개별 파일 조건 미확인
복식,2020,전건-戰巾,전건,전건.glb,https://dh.aks.ac.kr/~hanyang/glb2/반차도/전건.glb,https://dh.aks.ac.kr/hanyang2/wiki/index.php/2020_3D%EB%AA%A8%EB%8D%B8%EB%A7%81-%EB%B0%98%EC%B0%A8%EB%8F%84_%EB%B3%B5%EC%8B%9D,미검토,미검토,목록만 확보,개별 파일 조건 미확인
복식,2020,전립,전립,전립.glb,https://dh.aks.ac.kr/~hanyang/glb2/반차도/전립.glb,https://dh.aks.ac.kr/hanyang2/wiki/index.php/2020_3D%EB%AA%A8%EB%8D%B8%EB%A7%81-%EB%B0%98%EC%B0%A8%EB%8F%84_%EB%B3%B5%EC%8B%9D,미검토,미검토,목록만 확보,개별 파일 조건 미확인
복식,2020,전립-하인,전립(하인),전립-견마배.glb,https://dh.aks.ac.kr/~hanyang/glb2/반차도/전립-견마배.glb,https://dh.aks.ac.kr/hanyang2/wiki/index.php/2020_3D%EB%AA%A8%EB%8D%B8%EB%A7%81-%EB%B0%98%EC%B0%A8%EB%8F%84_%EB%B3%B5%EC%8B%9D,미검토,미검토,목록만 확보,개별 파일 조건 미확인
복식,2020,전립-근장군사,전립(근장군사),전립-근장군사.glb,https://dh.aks.ac.kr/~hanyang/glb2/반차도/전립-근장군사.glb,https://dh.aks.ac.kr/hanyang2/wiki/index.php/2020_3D%EB%AA%A8%EB%8D%B8%EB%A7%81-%EB%B0%98%EC%B0%A8%EB%8F%84_%EB%B3%B5%EC%8B%9D,미검토,미검토,목록만 확보,개별 파일 조건 미확인
복식,2020,전립-남색전우,전립(남색전우),전립-남색전우.glb,https://dh.aks.ac.kr/~hanyang/glb2/반차도/전립-남색전우.glb,https://dh.aks.ac.kr/hanyang2/wiki/index.php/2020_3D%EB%AA%A8%EB%8D%B8%EB%A7%81-%EB%B0%98%EC%B0%A8%EB%8F%84_%EB%B3%B5%EC%8B%9D,미검토,미검토,목록만 확보,개별 파일 조건 미확인
복식,2020,전립-도금정자,전립(중군),전립-무예별감.glb,https://dh.aks.ac.kr/~hanyang/glb2/반차도/전립-무예별감.glb,https://dh.aks.ac.kr/hanyang2/wiki/index.php/2020_3D%EB%AA%A8%EB%8D%B8%EB%A7%81-%EB%B0%98%EC%B0%A8%EB%8F%84_%EB%B3%B5%EC%8B%9D,미검토,미검토,목록만 확보,개별 파일 조건 미확인
복식,2020,전립-백색전우,전립(백색전우),전립-백색전우.glb,https://dh.aks.ac.kr/~hanyang/glb2/반차도/전립-백색전우.glb,https://dh.aks.ac.kr/hanyang2/wiki/index.php/2020_3D%EB%AA%A8%EB%8D%B8%EB%A7%81-%EB%B0%98%EC%B0%A8%EB%8F%84_%EB%B3%B5%EC%8B%9D,미검토,미검토,목록만 확보,개별 파일 조건 미확인
복식,2020,옥로립,옥로립,전립-옥정자.glb,https://dh.aks.ac.kr/~hanyang/glb2/반차도/전립-옥정자.glb,https://dh.aks.ac.kr/hanyang2/wiki/index.php/2020_3D%EB%AA%A8%EB%8D%B8%EB%A7%81-%EB%B0%98%EC%B0%A8%EB%8F%84_%EB%B3%B5%EC%8B%9D,미검토,미검토,목록만 확보,개별 파일 조건 미확인
복식,2020,전립-취고수,전립(취고수),전립-취고수.glb,https://dh.aks.ac.kr/~hanyang/glb2/반차도/전립-취고수.glb,https://dh.aks.ac.kr/hanyang2/wiki/index.php/2020_3D%EB%AA%A8%EB%8D%B8%EB%A7%81-%EB%B0%98%EC%B0%A8%EB%8F%84_%EB%B3%B5%EC%8B%9D,미검토,미검토,목록만 확보,개별 파일 조건 미확인
복식,2020,전립-홍색전우,전립(홍색전우),전립-홍색전우.glb,https://dh.aks.ac.kr/~hanyang/glb2/반차도/전립-홍색전우.glb,https://dh.aks.ac.kr/hanyang2/wiki/index.php/2020_3D%EB%AA%A8%EB%8D%B8%EB%A7%81-%EB%B0%98%EC%B0%A8%EB%8F%84_%EB%B3%B5%EC%8B%9D,미검토,미검토,목록만 확보,개별 파일 조건 미확인
복식,2020,전립-황색전우,전립(황색전우),전립-황색전우.glb,https://dh.aks.ac.kr/~hanyang/glb2/반차도/전립-황색전우.glb,https://dh.aks.ac.kr/hanyang2/wiki/index.php/2020_3D%EB%AA%A8%EB%8D%B8%EB%A7%81-%EB%B0%98%EC%B0%A8%EB%8F%84_%EB%B3%B5%EC%8B%9D,미검토,미검토,목록만 확보,개별 파일 조건 미확인
복식,2020,전립-흑색전우,전립(흑색전우),전립-흑색전우.glb,https://dh.aks.ac.kr/~hanyang/glb2/반차도/전립-흑색전우.glb,https://dh.aks.ac.kr/hanyang2/wiki/index.php/2020_3D%EB%AA%A8%EB%8D%B8%EB%A7%81-%EB%B0%98%EC%B0%A8%EB%8F%84_%EB%B3%B5%EC%8B%9D,미검토,미검토,목록만 확보,개별 파일 조건 미확인
복식,2020,전모,전모,전모.glb,https://dh.aks.ac.kr/~hanyang/glb2/반차도/전모.glb,https://dh.aks.ac.kr/hanyang2/wiki/index.php/2020_3D%EB%AA%A8%EB%8D%B8%EB%A7%81-%EB%B0%98%EC%B0%A8%EB%8F%84_%EB%B3%B5%EC%8B%9D,미검토,미검토,목록만 확보,개별 파일 조건 미확인
복식,2020,전복,전복,전복.glb,https://dh.aks.ac.kr/~hanyang/glb2/반차도/전복.glb,https://dh.aks.ac.kr/hanyang2/wiki/index.php/2020_3D%EB%AA%A8%EB%8D%B8%EB%A7%81-%EB%B0%98%EC%B0%A8%EB%8F%84_%EB%B3%B5%EC%8B%9D,미검토,미검토,목록만 확보,개별 파일 조건 미확인
복식,2020,조건-早巾,조건,조건.glb,https://dh.aks.ac.kr/~hanyang/glb2/반차도/조건.glb,https://dh.aks.ac.kr/hanyang2/wiki/index.php/2020_3D%EB%AA%A8%EB%8D%B8%EB%A7%81-%EB%B0%98%EC%B0%A8%EB%8F%84_%EB%B3%B5%EC%8B%9D,미검토,미검토,목록만 확보,개별 파일 조건 미확인
복식,2020,조관-사량관,조관(사량관),조관-사량관.glb,https://dh.aks.ac.kr/~hanyang/glb2/반차도/조관-사량관.glb,https://dh.aks.ac.kr/hanyang2/wiki/index.php/2020_3D%EB%AA%A8%EB%8D%B8%EB%A7%81-%EB%B0%98%EC%B0%A8%EB%8F%84_%EB%B3%B5%EC%8B%9D,미검토,미검토,목록만 확보,개별 파일 조건 미확인
복식,2020,조관-삼량관,조관(삼량관),조관-삼량관.glb,https://dh.aks.ac.kr/~hanyang/glb2/반차도/조관-삼량관.glb,https://dh.aks.ac.kr/hanyang2/wiki/index.php/2020_3D%EB%AA%A8%EB%8D%B8%EB%A7%81-%EB%B0%98%EC%B0%A8%EB%8F%84_%EB%B3%B5%EC%8B%9D,미검토,미검토,목록만 확보,개별 파일 조건 미확인
복식,2020,조관-오량관,조관(오량관),조관-오량관.glb,https://dh.aks.ac.kr/~hanyang/glb2/반차도/조관-오량관.glb,https://dh.aks.ac.kr/hanyang2/wiki/index.php/2020_3D%EB%AA%A8%EB%8D%B8%EB%A7%81-%EB%B0%98%EC%B0%A8%EB%8F%84_%EB%B3%B5%EC%8B%9D,미검토,미검토,목록만 확보,개별 파일 조건 미확인
복식,2020,조관-이량관,이량관(조관),조관-이량관.glb,https://dh.aks.ac.kr/~hanyang/glb2/반차도/조관-이량관.glb,https://dh.aks.ac.kr/hanyang2/wiki/index.php/2020_3D%EB%AA%A8%EB%8D%B8%EB%A7%81-%EB%B0%98%EC%B0%A8%EB%8F%84_%EB%B3%B5%EC%8B%9D,미검토,미검토,목록만 확보,개별 파일 조건 미확인
복식,2020,조관-일량관,일량관(조관),조관-일량관.glb,https://dh.aks.ac.kr/~hanyang/glb2/반차도/조관-일량관.glb,https://dh.aks.ac.kr/hanyang2/wiki/index.php/2020_3D%EB%AA%A8%EB%8D%B8%EB%A7%81-%EB%B0%98%EC%B0%A8%EB%8F%84_%EB%B3%B5%EC%8B%9D,미검토,미검토,목록만 확보,개별 파일 조건 미확인
복식,2020,조복_상의,조복-상의,조복_상의.glb,https://dh.aks.ac.kr/~hanyang/glb2/반차도/조복_상의.glb,https://dh.aks.ac.kr/hanyang2/wiki/index.php/2020_3D%EB%AA%A8%EB%8D%B8%EB%A7%81-%EB%B0%98%EC%B0%A8%EB%8F%84_%EB%B3%B5%EC%8B%9D,미검토,미검토,목록만 확보,개별 파일 조건 미확인
복식,2020,조복_중단,조복-중단,조복_중단.glb,https://dh.aks.ac.kr/~hanyang/glb2/반차도/조복_중단.glb,https://dh.aks.ac.kr/hanyang2/wiki/index.php/2020_3D%EB%AA%A8%EB%8D%B8%EB%A7%81-%EB%B0%98%EC%B0%A8%EB%8F%84_%EB%B3%B5%EC%8B%9D,미검토,미검토,목록만 확보,개별 파일 조건 미확인
복식,2020,하상-백관,하상-백관,조복_하상.glb,https://dh.aks.ac.kr/~hanyang/glb2/반차도/조복_하상.glb,https://dh.aks.ac.kr/hanyang2/wiki/index.php/2020_3D%EB%AA%A8%EB%8D%B8%EB%A7%81-%EB%B0%98%EC%B0%A8%EB%8F%84_%EB%B3%B5%EC%8B%9D,미검토,미검토,목록만 확보,개별 파일 조건 미확인
복식,2020,주립,주립,주립.glb,https://dh.aks.ac.kr/~hanyang/glb2/반차도/주립.glb,https://dh.aks.ac.kr/hanyang2/wiki/index.php/2020_3D%EB%AA%A8%EB%8D%B8%EB%A7%81-%EB%B0%98%EC%B0%A8%EB%8F%84_%EB%B3%B5%EC%8B%9D,미검토,미검토,목록만 확보,개별 파일 조건 미확인
복식,2020,직령,직령,직령.glb,https://dh.aks.ac.kr/~hanyang/glb2/반차도/직령.glb,https://dh.aks.ac.kr/hanyang2/wiki/index.php/2020_3D%EB%AA%A8%EB%8D%B8%EB%A7%81-%EB%B0%98%EC%B0%A8%EB%8F%84_%EB%B3%B5%EC%8B%9D,미검토,미검토,목록만 확보,개별 파일 조건 미확인
복식,2020,진주동곳,진주동곳,진주동곳.glb,https://dh.aks.ac.kr/~hanyang/glb2/반차도/진주동곳.glb,https://dh.aks.ac.kr/hanyang2/wiki/index.php/2020_3D%EB%AA%A8%EB%8D%B8%EB%A7%81-%EB%B0%98%EC%B0%A8%EB%8F%84_%EB%B3%B5%EC%8B%9D,미검토,미검토,목록만 확보,개별 파일 조건 미확인
복식,2020,진주장잠,진주장잠,진주장잠.glb,https://dh.aks.ac.kr/~hanyang/glb2/반차도/진주장잠.glb,https://dh.aks.ac.kr/hanyang2/wiki/index.php/2020_3D%EB%AA%A8%EB%8D%B8%EB%A7%81-%EB%B0%98%EC%B0%A8%EB%8F%84_%EB%B3%B5%EC%8B%9D,미검토,미검토,목록만 확보,개별 파일 조건 미확인
복식,2020,청건,청건,청건.glb,https://dh.aks.ac.kr/~hanyang/glb2/반차도/청건.glb,https://dh.aks.ac.kr/hanyang2/wiki/index.php/2020_3D%EB%AA%A8%EB%8D%B8%EB%A7%81-%EB%B0%98%EC%B0%A8%EB%8F%84_%EB%B3%B5%EC%8B%9D,미검토,미검토,목록만 확보,개별 파일 조건 미확인
복식,2020,청색전복,청색전복,청색전복.glb,https://dh.aks.ac.kr/~hanyang/glb2/반차도/청색전복.glb,https://dh.aks.ac.kr/hanyang2/wiki/index.php/2020_3D%EB%AA%A8%EB%8D%B8%EB%A7%81-%EB%B0%98%EC%B0%A8%EB%8F%84_%EB%B3%B5%EC%8B%9D,미검토,미검토,목록만 확보,개별 파일 조건 미확인
복식,2020,청색호의,청색호의,청색호의.glb,https://dh.aks.ac.kr/~hanyang/glb2/반차도/청색호의.glb,https://dh.aks.ac.kr/hanyang2/wiki/index.php/2020_3D%EB%AA%A8%EB%8D%B8%EB%A7%81-%EB%B0%98%EC%B0%A8%EB%8F%84_%EB%B3%B5%EC%8B%9D,미검토,미검토,목록만 확보,개별 파일 조건 미확인
복식,2020,청옥규-부대부인,청옥규(부대부인),청옥규-부대부인.glb,https://dh.aks.ac.kr/~hanyang/glb2/반차도/청옥규-부대부인.glb,https://dh.aks.ac.kr/hanyang2/wiki/index.php/2020_3D%EB%AA%A8%EB%8D%B8%EB%A7%81-%EB%B0%98%EC%B0%A8%EB%8F%84_%EB%B3%B5%EC%8B%9D,미검토,미검토,목록만 확보,개별 파일 조건 미확인
복식,2020,청의,청의,청의.glb,https://dh.aks.ac.kr/~hanyang/glb2/반차도/청의.glb,https://dh.aks.ac.kr/hanyang2/wiki/index.php/2020_3D%EB%AA%A8%EB%8D%B8%EB%A7%81-%EB%B0%98%EC%B0%A8%EB%8F%84_%EB%B3%B5%EC%8B%9D,미검토,미검토,목록만 확보,개별 파일 조건 미확인
복식,2020,청초상,청초상,청초상.glb,https://dh.aks.ac.kr/~hanyang/glb2/반차도/청초상.glb,https://dh.aks.ac.kr/hanyang2/wiki/index.php/2020_3D%EB%AA%A8%EB%8D%B8%EB%A7%81-%EB%B0%98%EC%B0%A8%EB%8F%84_%EB%B3%B5%EC%8B%9D,미검토,미검토,목록만 확보,개별 파일 조건 미확인
복식,2020,청행전,청행전,청행전.glb,https://dh.aks.ac.kr/~hanyang/glb2/반차도/청행전.glb,https://dh.aks.ac.kr/hanyang2/wiki/index.php/2020_3D%EB%AA%A8%EB%8D%B8%EB%A7%81-%EB%B0%98%EC%B0%A8%EB%8F%84_%EB%B3%B5%EC%8B%9D,미검토,미검토,목록만 확보,개별 파일 조건 미확인
복식,2020,청현색철릭,청현색철릭,청현색철릭.glb,https://dh.aks.ac.kr/~hanyang/glb2/반차도/청현색철릭.glb,https://dh.aks.ac.kr/hanyang2/wiki/index.php/2020_3D%EB%AA%A8%EB%8D%B8%EB%A7%81-%EB%B0%98%EC%B0%A8%EB%8F%84_%EB%B3%B5%EC%8B%9D,미검토,미검토,목록만 확보,개별 파일 조건 미확인
복식,2020,초록당의,초록당의,초록당의.glb,https://dh.aks.ac.kr/~hanyang/glb2/반차도/초록당의.glb,https://dh.aks.ac.kr/hanyang2/wiki/index.php/2020_3D%EB%AA%A8%EB%8D%B8%EB%A7%81-%EB%B0%98%EC%B0%A8%EB%8F%84_%EB%B3%B5%EC%8B%9D,미검토,미검토,목록만 확보,개별 파일 조건 미확인
복식,2020,투구속모자,투구속모자,투구속모자.glb,https://dh.aks.ac.kr/~hanyang/glb2/반차도/투구속모자.glb,https://dh.aks.ac.kr/hanyang2/wiki/index.php/2020_3D%EB%AA%A8%EB%8D%B8%EB%A7%81-%EB%B0%98%EC%B0%A8%EB%8F%84_%EB%B3%B5%EC%8B%9D,미검토,미검토,목록만 확보,개별 파일 조건 미확인
복식,2020,투구-冑,투구,투구.glb,https://dh.aks.ac.kr/~hanyang/glb2/반차도/투구.glb,https://dh.aks.ac.kr/hanyang2/wiki/index.php/2020_3D%EB%AA%A8%EB%8D%B8%EB%A7%81-%EB%B0%98%EC%B0%A8%EB%8F%84_%EB%B3%B5%EC%8B%9D,미검토,미검토,목록만 확보,개별 파일 조건 미확인
복식,2020,패옥-백관,패옥(백관),패옥-백관.glb,https://dh.aks.ac.kr/~hanyang/glb2/반차도/패옥-백관.glb,https://dh.aks.ac.kr/hanyang2/wiki/index.php/2020_3D%EB%AA%A8%EB%8D%B8%EB%A7%81-%EB%B0%98%EC%B0%A8%EB%8F%84_%EB%B3%B5%EC%8B%9D,미검토,미검토,목록만 확보,개별 파일 조건 미확인
복식,2020,패옥-왕,패옥(왕),패옥-왕.glb,https://dh.aks.ac.kr/~hanyang/glb2/반차도/패옥-왕.glb,https://dh.aks.ac.kr/hanyang2/wiki/index.php/2020_3D%EB%AA%A8%EB%8D%B8%EB%A7%81-%EB%B0%98%EC%B0%A8%EB%8F%84_%EB%B3%B5%EC%8B%9D,미검토,미검토,목록만 확보,개별 파일 조건 미확인
복식,2020,폐슬-백관,폐슬(백관),폐슬-백관.glb,https://dh.aks.ac.kr/~hanyang/glb2/반차도/폐슬-백관.glb,https://dh.aks.ac.kr/hanyang2/wiki/index.php/2020_3D%EB%AA%A8%EB%8D%B8%EB%A7%81-%EB%B0%98%EC%B0%A8%EB%8F%84_%EB%B3%B5%EC%8B%9D,미검토,미검토,목록만 확보,개별 파일 조건 미확인
복식,2020,폐슬-적의,폐슬(왕비),폐슬-왕비.glb,https://dh.aks.ac.kr/~hanyang/glb2/반차도/폐슬-왕비.glb,https://dh.aks.ac.kr/hanyang2/wiki/index.php/2020_3D%EB%AA%A8%EB%8D%B8%EB%A7%81-%EB%B0%98%EC%B0%A8%EB%8F%84_%EB%B3%B5%EC%8B%9D,미검토,미검토,목록만 확보,개별 파일 조건 미확인
복식,2020,하피,하피,하피.glb,https://dh.aks.ac.kr/~hanyang/glb2/반차도/하피.glb,https://dh.aks.ac.kr/hanyang2/wiki/index.php/2020_3D%EB%AA%A8%EB%8D%B8%EB%A7%81-%EB%B0%98%EC%B0%A8%EB%8F%84_%EB%B3%B5%EC%8B%9D,미검토,미검토,목록만 확보,개별 파일 조건 미확인
복식,2020,한삼-상의,한삼,한삼-상의.glb,https://dh.aks.ac.kr/~hanyang/glb2/반차도/한삼-상의.glb,https://dh.aks.ac.kr/hanyang2/wiki/index.php/2020_3D%EB%AA%A8%EB%8D%B8%EB%A7%81-%EB%B0%98%EC%B0%A8%EB%8F%84_%EB%B3%B5%EC%8B%9D,미검토,미검토,목록만 확보,개별 파일 조건 미확인
복식,2020,행전,행전,행전.glb,https://dh.aks.ac.kr/~hanyang/glb2/반차도/행전.glb,https://dh.aks.ac.kr/hanyang2/wiki/index.php/2020_3D%EB%AA%A8%EB%8D%B8%EB%A7%81-%EB%B0%98%EC%B0%A8%EB%8F%84_%EB%B3%B5%EC%8B%9D,미검토,미검토,목록만 확보,개별 파일 조건 미확인
복식,2020,협수,협수,협수.glb,https://dh.aks.ac.kr/~hanyang/glb2/반차도/협수.glb,https://dh.aks.ac.kr/hanyang2/wiki/index.php/2020_3D%EB%AA%A8%EB%8D%B8%EB%A7%81-%EB%B0%98%EC%B0%A8%EB%8F%84_%EB%B3%B5%EC%8B%9D,미검토,미검토,목록만 확보,개별 파일 조건 미확인
복식,2020,혜-鞋,혜(鞋),혜.glb,https://dh.aks.ac.kr/~hanyang/glb2/반차도/혜.glb,https://dh.aks.ac.kr/hanyang2/wiki/index.php/2020_3D%EB%AA%A8%EB%8D%B8%EB%A7%81-%EB%B0%98%EC%B0%A8%EB%8F%84_%EB%B3%B5%EC%8B%9D,미검토,미검토,목록만 확보,개별 파일 조건 미확인
복식,2020,호액,호액,호액.glb,https://dh.aks.ac.kr/~hanyang/glb2/반차도/호액.glb,https://dh.aks.ac.kr/hanyang2/wiki/index.php/2020_3D%EB%AA%A8%EB%8D%B8%EB%A7%81-%EB%B0%98%EC%B0%A8%EB%8F%84_%EB%B3%B5%EC%8B%9D,미검토,미검토,목록만 확보,개별 파일 조건 미확인
복식,2020,홀-笏,홀(笏),홀.glb,https://dh.aks.ac.kr/~hanyang/glb2/반차도/홀.glb,https://dh.aks.ac.kr/hanyang2/wiki/index.php/2020_3D%EB%AA%A8%EB%8D%B8%EB%A7%81-%EB%B0%98%EC%B0%A8%EB%8F%84_%EB%B3%B5%EC%8B%9D,미검토,미검토,목록만 확보,개별 파일 조건 미확인
복식,2020,홍건,홍건,홍건.glb,https://dh.aks.ac.kr/~hanyang/glb2/반차도/홍건.glb,https://dh.aks.ac.kr/hanyang2/wiki/index.php/2020_3D%EB%AA%A8%EB%8D%B8%EB%A7%81-%EB%B0%98%EC%B0%A8%EB%8F%84_%EB%B3%B5%EC%8B%9D,미검토,미검토,목록만 확보,개별 파일 조건 미확인
복식,2020,홍단령,홍단령,홍단령.glb,https://dh.aks.ac.kr/~hanyang/glb2/반차도/홍단령.glb,https://dh.aks.ac.kr/hanyang2/wiki/index.php/2020_3D%EB%AA%A8%EB%8D%B8%EB%A7%81-%EB%B0%98%EC%B0%A8%EB%8F%84_%EB%B3%B5%EC%8B%9D,미검토,미검토,목록만 확보,개별 파일 조건 미확인
복식,2020,홍색전복,홍색전복,홍색전복.glb,https://dh.aks.ac.kr/~hanyang/glb2/반차도/홍색전복.glb,https://dh.aks.ac.kr/hanyang2/wiki/index.php/2020_3D%EB%AA%A8%EB%8D%B8%EB%A7%81-%EB%B0%98%EC%B0%A8%EB%8F%84_%EB%B3%B5%EC%8B%9D,미검토,미검토,목록만 확보,개별 파일 조건 미확인
복식,2020,홍색호의,홍색호의,홍색호의.glb,https://dh.aks.ac.kr/~hanyang/glb2/반차도/홍색호의.glb,https://dh.aks.ac.kr/hanyang2/wiki/index.php/2020_3D%EB%AA%A8%EB%8D%B8%EB%A7%81-%EB%B0%98%EC%B0%A8%EB%8F%84_%EB%B3%B5%EC%8B%9D,미검토,미검토,목록만 확보,개별 파일 조건 미확인
복식,2020,홍의,홍의,홍의.glb,https://dh.aks.ac.kr/~hanyang/glb2/반차도/홍의.glb,https://dh.aks.ac.kr/hanyang2/wiki/index.php/2020_3D%EB%AA%A8%EB%8D%B8%EB%A7%81-%EB%B0%98%EC%B0%A8%EB%8F%84_%EB%B3%B5%EC%8B%9D,미검토,미검토,목록만 확보,개별 파일 조건 미확인
복식,2020,홍직령,홍직령,홍직령.glb,https://dh.aks.ac.kr/~hanyang/glb2/반차도/홍직령.glb,https://dh.aks.ac.kr/hanyang2/wiki/index.php/2020_3D%EB%AA%A8%EB%8D%B8%EB%A7%81-%EB%B0%98%EC%B0%A8%EB%8F%84_%EB%B3%B5%EC%8B%9D,미검토,미검토,목록만 확보,개별 파일 조건 미확인
복식,2020,홍철릭,홍철릭,홍철릭.glb,https://dh.aks.ac.kr/~hanyang/glb2/반차도/홍철릭.glb,https://dh.aks.ac.kr/hanyang2/wiki/index.php/2020_3D%EB%AA%A8%EB%8D%B8%EB%A7%81-%EB%B0%98%EC%B0%A8%EB%8F%84_%EB%B3%B5%EC%8B%9D,미검토,미검토,목록만 확보,개별 파일 조건 미확인
복식,2020,홍포대,홍색대,홍포대.glb,https://dh.aks.ac.kr/~hanyang/glb2/반차도/홍포대.glb,https://dh.aks.ac.kr/hanyang2/wiki/index.php/2020_3D%EB%AA%A8%EB%8D%B8%EB%A7%81-%EB%B0%98%EC%B0%A8%EB%8F%84_%EB%B3%B5%EC%8B%9D,미검토,미검토,목록만 확보,개별 파일 조건 미확인
복식,2020,화문스란전행웃치마,화문스란전행웃치마,화문스란전행웃치마.glb,https://dh.aks.ac.kr/~hanyang/glb2/반차도/화문스란전행웃치마.glb,https://dh.aks.ac.kr/hanyang2/wiki/index.php/2020_3D%EB%AA%A8%EB%8D%B8%EB%A7%81-%EB%B0%98%EC%B0%A8%EB%8F%84_%EB%B3%B5%EC%8B%9D,미검토,미검토,목록만 확보,개별 파일 조건 미확인
복식,2020,화화복두,화화복두,화화복두.glb,https://dh.aks.ac.kr/~hanyang/glb2/반차도/화화복두.glb,https://dh.aks.ac.kr/hanyang2/wiki/index.php/2020_3D%EB%AA%A8%EB%8D%B8%EB%A7%81-%EB%B0%98%EC%B0%A8%EB%8F%84_%EB%B3%B5%EC%8B%9D,미검토,미검토,목록만 확보,개별 파일 조건 미확인
복식,2020,황색전복,황색전복,황색전복.glb,https://dh.aks.ac.kr/~hanyang/glb2/반차도/황색전복.glb,https://dh.aks.ac.kr/hanyang2/wiki/index.php/2020_3D%EB%AA%A8%EB%8D%B8%EB%A7%81-%EB%B0%98%EC%B0%A8%EB%8F%84_%EB%B3%B5%EC%8B%9D,미검토,미검토,목록만 확보,개별 파일 조건 미확인
복식,2020,황색호의,황색호의,황색호의.glb,https://dh.aks.ac.kr/~hanyang/glb2/반차도/황색호의.glb,https://dh.aks.ac.kr/hanyang2/wiki/index.php/2020_3D%EB%AA%A8%EB%8D%B8%EB%A7%81-%EB%B0%98%EC%B0%A8%EB%8F%84_%EB%B3%B5%EC%8B%9D,미검토,미검토,목록만 확보,개별 파일 조건 미확인
복식,2020,황의,황의,황의.glb,https://dh.aks.ac.kr/~hanyang/glb2/반차도/황의.glb,https://dh.aks.ac.kr/hanyang2/wiki/index.php/2020_3D%EB%AA%A8%EB%8D%B8%EB%A7%81-%EB%B0%98%EC%B0%A8%EB%8F%84_%EB%B3%B5%EC%8B%9D,미검토,미검토,목록만 확보,개별 파일 조건 미확인
복식,2020,황철릭,황철릭,황철릭.glb,https://dh.aks.ac.kr/~hanyang/glb2/반차도/황철릭.glb,https://dh.aks.ac.kr/hanyang2/wiki/index.php/2020_3D%EB%AA%A8%EB%8D%B8%EB%A7%81-%EB%B0%98%EC%B0%A8%EB%8F%84_%EB%B3%B5%EC%8B%9D,미검토,미검토,목록만 확보,개별 파일 조건 미확인
복식,2020,황초립,황초립,황초립.glb,https://dh.aks.ac.kr/~hanyang/glb2/반차도/황초립.glb,https://dh.aks.ac.kr/hanyang2/wiki/index.php/2020_3D%EB%AA%A8%EB%8D%B8%EB%A7%81-%EB%B0%98%EC%B0%A8%EB%8F%84_%EB%B3%B5%EC%8B%9D,미검토,미검토,목록만 확보,개별 파일 조건 미확인
복식,2020,황초립-내취,황초립(내취),황초립-내취.glb,https://dh.aks.ac.kr/~hanyang/glb2/반차도/황초립-내취.glb,https://dh.aks.ac.kr/hanyang2/wiki/index.php/2020_3D%EB%AA%A8%EB%8D%B8%EB%A7%81-%EB%B0%98%EC%B0%A8%EB%8F%84_%EB%B3%B5%EC%8B%9D,미검토,미검토,목록만 확보,개별 파일 조건 미확인
복식,2020,황초립-별감,황초립(별감),황초립-별감.glb,https://dh.aks.ac.kr/~hanyang/glb2/반차도/황초립-별감.glb,https://dh.aks.ac.kr/hanyang2/wiki/index.php/2020_3D%EB%AA%A8%EB%8D%B8%EB%A7%81-%EB%B0%98%EC%B0%A8%EB%8F%84_%EB%B3%B5%EC%8B%9D,미검토,미검토,목록만 확보,개별 파일 조건 미확인
복식,2020,황초상,황초상,황초상.glb,https://dh.aks.ac.kr/~hanyang/glb2/반차도/황초상.glb,https://dh.aks.ac.kr/hanyang2/wiki/index.php/2020_3D%EB%AA%A8%EB%8D%B8%EB%A7%81-%EB%B0%98%EC%B0%A8%EB%8F%84_%EB%B3%B5%EC%8B%9D,미검토,미검토,목록만 확보,개별 파일 조건 미확인
복식,2020,흑각대,흑각대,흑각대.glb,https://dh.aks.ac.kr/~hanyang/glb2/반차도/흑각대.glb,https://dh.aks.ac.kr/hanyang2/wiki/index.php/2020_3D%EB%AA%A8%EB%8D%B8%EB%A7%81-%EB%B0%98%EC%B0%A8%EB%8F%84_%EB%B3%B5%EC%8B%9D,미검토,미검토,목록만 확보,개별 파일 조건 미확인
복식,2020,흑건,흑건,흑건.glb,https://dh.aks.ac.kr/~hanyang/glb2/반차도/흑건.glb,https://dh.aks.ac.kr/hanyang2/wiki/index.php/2020_3D%EB%AA%A8%EB%8D%B8%EB%A7%81-%EB%B0%98%EC%B0%A8%EB%8F%84_%EB%B3%B5%EC%8B%9D,미검토,미검토,목록만 확보,개별 파일 조건 미확인
복식,2020,흑단령-당상관,흑단령(당상관),흑단령-당상관.glb,https://dh.aks.ac.kr/~hanyang/glb2/반차도/흑단령-당상관.glb,https://dh.aks.ac.kr/hanyang2/wiki/index.php/2020_3D%EB%AA%A8%EB%8D%B8%EB%A7%81-%EB%B0%98%EC%B0%A8%EB%8F%84_%EB%B3%B5%EC%8B%9D,미검토,미검토,목록만 확보,개별 파일 조건 미확인
복식,2020,흑단령-당하관,흑단령(당하관),흑단령-당하관.glb,https://dh.aks.ac.kr/~hanyang/glb2/반차도/흑단령-당하관.glb,https://dh.aks.ac.kr/hanyang2/wiki/index.php/2020_3D%EB%AA%A8%EB%8D%B8%EB%A7%81-%EB%B0%98%EC%B0%A8%EB%8F%84_%EB%B3%B5%EC%8B%9D,미검토,미검토,목록만 확보,개별 파일 조건 미확인
복식,2020,흑당의,흑당의,흑당의.glb,https://dh.aks.ac.kr/~hanyang/glb2/반차도/흑당의.glb,https://dh.aks.ac.kr/hanyang2/wiki/index.php/2020_3D%EB%AA%A8%EB%8D%B8%EB%A7%81-%EB%B0%98%EC%B0%A8%EB%8F%84_%EB%B3%B5%EC%8B%9D,미검토,미검토,목록만 확보,개별 파일 조건 미확인
복식,2020,흑립,흑립,흑립.glb,https://dh.aks.ac.kr/~hanyang/glb2/반차도/흑립.glb,https://dh.aks.ac.kr/hanyang2/wiki/index.php/2020_3D%EB%AA%A8%EB%8D%B8%EB%A7%81-%EB%B0%98%EC%B0%A8%EB%8F%84_%EB%B3%B5%EC%8B%9D,미검토,미검토,목록만 확보,개별 파일 조건 미확인
복식,2020,흑립-목영,흑립(목갓끈),흑립-목갓끈.glb,https://dh.aks.ac.kr/~hanyang/glb2/반차도/흑립-목갓끈.glb,https://dh.aks.ac.kr/hanyang2/wiki/index.php/2020_3D%EB%AA%A8%EB%8D%B8%EB%A7%81-%EB%B0%98%EC%B0%A8%EB%8F%84_%EB%B3%B5%EC%8B%9D,미검토,미검토,목록만 확보,개별 파일 조건 미확인
복식,2020,흑립-정영,흑립(정영),흑립-정영.glb,https://dh.aks.ac.kr/~hanyang/glb2/반차도/흑립-정영.glb,https://dh.aks.ac.kr/hanyang2/wiki/index.php/2020_3D%EB%AA%A8%EB%8D%B8%EB%A7%81-%EB%B0%98%EC%B0%A8%EB%8F%84_%EB%B3%B5%EC%8B%9D,미검토,미검토,목록만 확보,개별 파일 조건 미확인
복식,2020,흑립-호수,흑립(호수),흑립-호수.glb,https://dh.aks.ac.kr/~hanyang/glb2/반차도/흑립-호수.glb,https://dh.aks.ac.kr/hanyang2/wiki/index.php/2020_3D%EB%AA%A8%EB%8D%B8%EB%A7%81-%EB%B0%98%EC%B0%A8%EB%8F%84_%EB%B3%B5%EC%8B%9D,미검토,미검토,목록만 확보,개별 파일 조건 미확인
복식,2020,흑말,흑말,흑말.glb,https://dh.aks.ac.kr/~hanyang/glb2/반차도/흑말.glb,https://dh.aks.ac.kr/hanyang2/wiki/index.php/2020_3D%EB%AA%A8%EB%8D%B8%EB%A7%81-%EB%B0%98%EC%B0%A8%EB%8F%84_%EB%B3%B5%EC%8B%9D,미검토,미검토,목록만 확보,개별 파일 조건 미확인
복식,2020,흑색전복,흑색전복,흑색전복.glb,https://dh.aks.ac.kr/~hanyang/glb2/반차도/흑색전복.glb,https://dh.aks.ac.kr/hanyang2/wiki/index.php/2020_3D%EB%AA%A8%EB%8D%B8%EB%A7%81-%EB%B0%98%EC%B0%A8%EB%8F%84_%EB%B3%B5%EC%8B%9D,미검토,미검토,목록만 확보,개별 파일 조건 미확인
복식,2020,흑색호의,흑색호의,흑색호의.glb,https://dh.aks.ac.kr/~hanyang/glb2/반차도/흑색호의.glb,https://dh.aks.ac.kr/hanyang2/wiki/index.php/2020_3D%EB%AA%A8%EB%8D%B8%EB%A7%81-%EB%B0%98%EC%B0%A8%EB%8F%84_%EB%B3%B5%EC%8B%9D,미검토,미검토,목록만 확보,개별 파일 조건 미확인
복식,2020,흑석,흑석,흑석.glb,https://dh.aks.ac.kr/~hanyang/glb2/반차도/흑석.glb,https://dh.aks.ac.kr/hanyang2/wiki/index.php/2020_3D%EB%AA%A8%EB%8D%B8%EB%A7%81-%EB%B0%98%EC%B0%A8%EB%8F%84_%EB%B3%B5%EC%8B%9D,미검토,미검토,목록만 확보,개별 파일 조건 미확인
복식,2020,흑의,흑의,흑의.glb,https://dh.aks.ac.kr/~hanyang/glb2/반차도/흑의.glb,https://dh.aks.ac.kr/hanyang2/wiki/index.php/2020_3D%EB%AA%A8%EB%8D%B8%EB%A7%81-%EB%B0%98%EC%B0%A8%EB%8F%84_%EB%B3%B5%EC%8B%9D,미검토,미검토,목록만 확보,개별 파일 조건 미확인
복식,2020,흑초상,흑초상,흑초상.glb,https://dh.aks.ac.kr/~hanyang/glb2/반차도/흑초상.glb,https://dh.aks.ac.kr/hanyang2/wiki/index.php/2020_3D%EB%AA%A8%EB%8D%B8%EB%A7%81-%EB%B0%98%EC%B0%A8%EB%8F%84_%EB%B3%B5%EC%8B%9D,미검토,미검토,목록만 확보,개별 파일 조건 미확인
복식,2020,흑피화,흑피화,흑피화.glb,https://dh.aks.ac.kr/~hanyang/glb2/반차도/흑피화.glb,https://dh.aks.ac.kr/hanyang2/wiki/index.php/2020_3D%EB%AA%A8%EB%8D%B8%EB%A7%81-%EB%B0%98%EC%B0%A8%EB%8F%84_%EB%B3%B5%EC%8B%9D,미검토,미검토,목록만 확보,개별 파일 조건 미확인
복식,2020,제관-사량관,사량관(제관),제관-사량관.glb,https://dh.aks.ac.kr/~hanyang/glb2/사직대제복식/제관-사량관.glb,https://dh.aks.ac.kr/hanyang2/wiki/index.php/2020_3D%EB%AA%A8%EB%8D%B8%EB%A7%81-%EB%B0%98%EC%B0%A8%EB%8F%84_%EB%B3%B5%EC%8B%9D,미검토,미검토,목록만 확보,개별 파일 조건 미확인
복식,2020,제관-삼량관,삼량관(제관),제관-삼량관.glb,https://dh.aks.ac.kr/~hanyang/glb2/사직대제복식/제관-삼량관.glb,https://dh.aks.ac.kr/hanyang2/wiki/index.php/2020_3D%EB%AA%A8%EB%8D%B8%EB%A7%81-%EB%B0%98%EC%B0%A8%EB%8F%84_%EB%B3%B5%EC%8B%9D,미검토,미검토,목록만 확보,개별 파일 조건 미확인
복식,2020,제관-오량관,오량관(제관),제관-오량관.glb,https://dh.aks.ac.kr/~hanyang/glb2/사직대제복식/제관-오량관.glb,https://dh.aks.ac.kr/hanyang2/wiki/index.php/2020_3D%EB%AA%A8%EB%8D%B8%EB%A7%81-%EB%B0%98%EC%B0%A8%EB%8F%84_%EB%B3%B5%EC%8B%9D,미검토,미검토,목록만 확보,개별 파일 조건 미확인
복식,2020,제관-이량관,이량관(제관),제관-이량관.glb,https://dh.aks.ac.kr/~hanyang/glb2/사직대제복식/제관-이량관.glb,https://dh.aks.ac.kr/hanyang2/wiki/index.php/2020_3D%EB%AA%A8%EB%8D%B8%EB%A7%81-%EB%B0%98%EC%B0%A8%EB%8F%84_%EB%B3%B5%EC%8B%9D,미검토,미검토,목록만 확보,개별 파일 조건 미확인
복식,2020,제복_상의,제복(상의),제복-상의.glb,https://dh.aks.ac.kr/~hanyang/glb2/사직대제복식/제복-상의.glb,https://dh.aks.ac.kr/hanyang2/wiki/index.php/2020_3D%EB%AA%A8%EB%8D%B8%EB%A7%81-%EB%B0%98%EC%B0%A8%EB%8F%84_%EB%B3%B5%EC%8B%9D,미검토,미검토,목록만 확보,개별 파일 조건 미확인
복식,2020,제혜,제혜,제혜.glb,https://dh.aks.ac.kr/~hanyang/glb2/사직대제복식/제혜.glb,https://dh.aks.ac.kr/hanyang2/wiki/index.php/2020_3D%EB%AA%A8%EB%8D%B8%EB%A7%81-%EB%B0%98%EC%B0%A8%EB%8F%84_%EB%B3%B5%EC%8B%9D,미검토,미검토,목록만 확보,개별 파일 조건 미확인
복식,2020,곤룡포-왕,곤룡포(왕),곤룡포-왕.glb,https://dh.aks.ac.kr/~hanyang/glb2/연향복식/곤룡포-왕.glb,https://dh.aks.ac.kr/hanyang2/wiki/index.php/2020_3D%EB%AA%A8%EB%8D%B8%EB%A7%81-%EB%B0%98%EC%B0%A8%EB%8F%84_%EB%B3%B5%EC%8B%9D,미검토,미검토,목록만 확보,개별 파일 조건 미확인
복식,2020,곤룡포-왕세자,곤룡포(왕세자),곤룡포-왕세자.glb,https://dh.aks.ac.kr/~hanyang/glb2/연향복식/곤룡포-왕세자.glb,https://dh.aks.ac.kr/hanyang2/wiki/index.php/2020_3D%EB%AA%A8%EB%8D%B8%EB%A7%81-%EB%B0%98%EC%B0%A8%EB%8F%84_%EB%B3%B5%EC%8B%9D,미검토,미검토,목록만 확보,개별 파일 조건 미확인
복식,2020,나무가체,나무가체,나무가체.glb,https://dh.aks.ac.kr/~hanyang/glb2/연향복식/나무가체.glb,https://dh.aks.ac.kr/hanyang2/wiki/index.php/2020_3D%EB%AA%A8%EB%8D%B8%EB%A7%81-%EB%B0%98%EC%B0%A8%EB%8F%84_%EB%B3%B5%EC%8B%9D,미검토,미검토,목록만 확보,개별 파일 조건 미확인
복식,2020,남사상,남색웃치마,남사상.glb,https://dh.aks.ac.kr/~hanyang/glb2/연향복식/남사상.glb,https://dh.aks.ac.kr/hanyang2/wiki/index.php/2020_3D%EB%AA%A8%EB%8D%B8%EB%A7%81-%EB%B0%98%EC%B0%A8%EB%8F%84_%EB%B3%B5%EC%8B%9D,미검토,미검토,목록만 확보,개별 파일 조건 미확인
복식,2020,남색문단치마,남색문단치마,남색문단치마.glb,https://dh.aks.ac.kr/~hanyang/glb2/연향복식/남색문단치마.glb,https://dh.aks.ac.kr/hanyang2/wiki/index.php/2020_3D%EB%AA%A8%EB%8D%B8%EB%A7%81-%EB%B0%98%EC%B0%A8%EB%8F%84_%EB%B3%B5%EC%8B%9D,미검토,미검토,목록만 확보,개별 파일 조건 미확인
복식,2020,남스란치마,남스란치마,남스란치마.glb,https://dh.aks.ac.kr/~hanyang/glb2/연향복식/남스란치마.glb,https://dh.aks.ac.kr/hanyang2/wiki/index.php/2020_3D%EB%AA%A8%EB%8D%B8%EB%A7%81-%EB%B0%98%EC%B0%A8%EB%8F%84_%EB%B3%B5%EC%8B%9D,미검토,미검토,목록만 확보,개별 파일 조건 미확인
복식,2020,녹색전복,녹색전복,녹색전복.glb,https://dh.aks.ac.kr/~hanyang/glb2/연향복식/녹색전복.glb,https://dh.aks.ac.kr/hanyang2/wiki/index.php/2020_3D%EB%AA%A8%EB%8D%B8%EB%A7%81-%EB%B0%98%EC%B0%A8%EB%8F%84_%EB%B3%B5%EC%8B%9D,미검토,미검토,목록만 확보,개별 파일 조건 미확인
복식,2020,다홍문단치마,다홍문단치마,다홍문단치마.glb,https://dh.aks.ac.kr/~hanyang/glb2/연향복식/다홍문단치마.glb,https://dh.aks.ac.kr/hanyang2/wiki/index.php/2020_3D%EB%AA%A8%EB%8D%B8%EB%A7%81-%EB%B0%98%EC%B0%A8%EB%8F%84_%EB%B3%B5%EC%8B%9D,미검토,미검토,목록만 확보,개별 파일 조건 미확인
복식,2020,당혜-여성,당혜(여성),당혜-여성.glb,https://dh.aks.ac.kr/~hanyang/glb2/연향복식/당혜-여성.glb,https://dh.aks.ac.kr/hanyang2/wiki/index.php/2020_3D%EB%AA%A8%EB%8D%B8%EB%A7%81-%EB%B0%98%EC%B0%A8%EB%8F%84_%EB%B3%B5%EC%8B%9D,미검토,미검토,목록만 확보,개별 파일 조건 미확인
복식,2020,면사,면사,면사.glb,https://dh.aks.ac.kr/~hanyang/glb2/연향복식/면사.glb,https://dh.aks.ac.kr/hanyang2/wiki/index.php/2020_3D%EB%AA%A8%EB%8D%B8%EB%A7%81-%EB%B0%98%EC%B0%A8%EB%8F%84_%EB%B3%B5%EC%8B%9D,미검토,미검토,목록만 확보,개별 파일 조건 미확인
복식,2020,백한삼,백한삼,백한삼.glb,https://dh.aks.ac.kr/~hanyang/glb2/연향복식/백한삼.glb,https://dh.aks.ac.kr/hanyang2/wiki/index.php/2020_3D%EB%AA%A8%EB%8D%B8%EB%A7%81-%EB%B0%98%EC%B0%A8%EB%8F%84_%EB%B3%B5%EC%8B%9D,미검토,미검토,목록만 확보,개별 파일 조건 미확인
복식,2020,복건,복건,복건.glb,https://dh.aks.ac.kr/~hanyang/glb2/연향복식/복건.glb,https://dh.aks.ac.kr/hanyang2/wiki/index.php/2020_3D%EB%AA%A8%EB%8D%B8%EB%A7%81-%EB%B0%98%EC%B0%A8%EB%8F%84_%EB%B3%B5%EC%8B%9D,미검토,미검토,목록만 확보,개별 파일 조건 미확인
복식,2020,봉스란전행웃치마,봉스란전행웃치마,봉스란전행웃치마.glb,https://dh.aks.ac.kr/~hanyang/glb2/연향복식/봉스란전행웃치마.glb,https://dh.aks.ac.kr/hanyang2/wiki/index.php/2020_3D%EB%AA%A8%EB%8D%B8%EB%A7%81-%EB%B0%98%EC%B0%A8%EB%8F%84_%EB%B3%B5%EC%8B%9D,미검토,미검토,목록만 확보,개별 파일 조건 미확인
복식,2020,어여머리-상궁,어여머리(상궁),어여머리-상궁.glb,https://dh.aks.ac.kr/~hanyang/glb2/연향복식/어여머리-상궁.glb,https://dh.aks.ac.kr/hanyang2/wiki/index.php/2020_3D%EB%AA%A8%EB%8D%B8%EB%A7%81-%EB%B0%98%EC%B0%A8%EB%8F%84_%EB%B3%B5%EC%8B%9D,미검토,미검토,목록만 확보,개별 파일 조건 미확인
복식,2020,어여미,어여미,어여미.glb,https://dh.aks.ac.kr/~hanyang/glb2/연향복식/어여미.glb,https://dh.aks.ac.kr/hanyang2/wiki/index.php/2020_3D%EB%AA%A8%EB%8D%B8%EB%A7%81-%EB%B0%98%EC%B0%A8%EB%8F%84_%EB%B3%B5%EC%8B%9D,미검토,미검토,목록만 확보,개별 파일 조건 미확인
복식,2020,어염족두리,어염족두리,어염족두리.glb,https://dh.aks.ac.kr/~hanyang/glb2/연향복식/어염족두리.glb,https://dh.aks.ac.kr/hanyang2/wiki/index.php/2020_3D%EB%AA%A8%EB%8D%B8%EB%A7%81-%EB%B0%98%EC%B0%A8%EB%8F%84_%EB%B3%B5%EC%8B%9D,미검토,미검토,목록만 확보,개별 파일 조건 미확인
복식,2020,예복_적의-대비,예복 적의(대비),예복_적의-대비.glb,https://dh.aks.ac.kr/~hanyang/glb2/연향복식/예복_적의-대비.glb,https://dh.aks.ac.kr/hanyang2/wiki/index.php/2020_3D%EB%AA%A8%EB%8D%B8%EB%A7%81-%EB%B0%98%EC%B0%A8%EB%8F%84_%EB%B3%B5%EC%8B%9D,미검토,미검토,목록만 확보,개별 파일 조건 미확인
복식,2020,예복_적의-왕비,예복 적의(왕비),예복_적의-왕비.glb,https://dh.aks.ac.kr/~hanyang/glb2/연향복식/예복_적의-왕비.glb,https://dh.aks.ac.kr/hanyang2/wiki/index.php/2020_3D%EB%AA%A8%EB%8D%B8%EB%A7%81-%EB%B0%98%EC%B0%A8%EB%8F%84_%EB%B3%B5%EC%8B%9D,미검토,미검토,목록만 확보,개별 파일 조건 미확인
복식,2020,예복_적의-왕세자빈,예복 적의(왕세자빈),예복_적의-왕세자빈.glb,https://dh.aks.ac.kr/~hanyang/glb2/연향복식/예복_적의-왕세자빈.glb,https://dh.aks.ac.kr/hanyang2/wiki/index.php/2020_3D%EB%AA%A8%EB%8D%B8%EB%A7%81-%EB%B0%98%EC%B0%A8%EB%8F%84_%EB%B3%B5%EC%8B%9D,미검토,미검토,목록만 확보,개별 파일 조건 미확인
복식,2020,오색한삼,오색한삼,오색한삼.glb,https://dh.aks.ac.kr/~hanyang/glb2/연향복식/오색한삼.glb,https://dh.aks.ac.kr/hanyang2/wiki/index.php/2020_3D%EB%AA%A8%EB%8D%B8%EB%A7%81-%EB%B0%98%EC%B0%A8%EB%8F%84_%EB%B3%B5%EC%8B%9D,미검토,미검토,목록만 확보,개별 파일 조건 미확인
복식,2020,옥대-왕세자,옥대(왕세자),옥대-왕세자.glb,https://dh.aks.ac.kr/~hanyang/glb2/연향복식/옥대-왕세자.glb,https://dh.aks.ac.kr/hanyang2/wiki/index.php/2020_3D%EB%AA%A8%EB%8D%B8%EB%A7%81-%EB%B0%98%EC%B0%A8%EB%8F%84_%EB%B3%B5%EC%8B%9D,미검토,미검토,목록만 확보,개별 파일 조건 미확인
복식,2020,옥색도포,옥색도포,옥색도포.glb,https://dh.aks.ac.kr/~hanyang/glb2/연향복식/옥색도포.glb,https://dh.aks.ac.kr/hanyang2/wiki/index.php/2020_3D%EB%AA%A8%EB%8D%B8%EB%A7%81-%EB%B0%98%EC%B0%A8%EB%8F%84_%EB%B3%B5%EC%8B%9D,미검토,미검토,목록만 확보,개별 파일 조건 미확인
복식,2020,옥색두루마기,옥색두루마기,옥색두루마기.glb,https://dh.aks.ac.kr/~hanyang/glb2/연향복식/옥색두루마기.glb,https://dh.aks.ac.kr/hanyang2/wiki/index.php/2020_3D%EB%AA%A8%EB%8D%B8%EB%A7%81-%EB%B0%98%EC%B0%A8%EB%8F%84_%EB%B3%B5%EC%8B%9D,미검토,미검토,목록만 확보,개별 파일 조건 미확인
복식,2020,옥색저고리,옥색저고리,옥색저고리.glb,https://dh.aks.ac.kr/~hanyang/glb2/연향복식/옥색저고리.glb,https://dh.aks.ac.kr/hanyang2/wiki/index.php/2020_3D%EB%AA%A8%EB%8D%B8%EB%A7%81-%EB%B0%98%EC%B0%A8%EB%8F%84_%EB%B3%B5%EC%8B%9D,미검토,미검토,목록만 확보,개별 파일 조건 미확인
복식,2020,옥색한삼,옥색한삼,옥색한삼.glb,https://dh.aks.ac.kr/~hanyang/glb2/연향복식/옥색한삼.glb,https://dh.aks.ac.kr/hanyang2/wiki/index.php/2020_3D%EB%AA%A8%EB%8D%B8%EB%A7%81-%EB%B0%98%EC%B0%A8%EB%8F%84_%EB%B3%B5%EC%8B%9D,미검토,미검토,목록만 확보,개별 파일 조건 미확인
복식,2020,유소,유소,유소.glb,https://dh.aks.ac.kr/~hanyang/glb2/연향복식/유소.glb,https://dh.aks.ac.kr/hanyang2/wiki/index.php/2020_3D%EB%AA%A8%EB%8D%B8%EB%A7%81-%EB%B0%98%EC%B0%A8%EB%8F%84_%EB%B3%B5%EC%8B%9D,미검토,미검토,목록만 확보,개별 파일 조건 미확인
복식,2020,익선관,익선관,익선관.glb,https://dh.aks.ac.kr/~hanyang/glb2/연향복식/익선관.glb,https://dh.aks.ac.kr/hanyang2/wiki/index.php/2020_3D%EB%AA%A8%EB%8D%B8%EB%A7%81-%EB%B0%98%EC%B0%A8%EB%8F%84_%EB%B3%B5%EC%8B%9D,미검토,미검토,목록만 확보,개별 파일 조건 미확인
복식,2020,자적색별의,자적별의,자적색별의.glb,https://dh.aks.ac.kr/~hanyang/glb2/연향복식/자적색별의.glb,https://dh.aks.ac.kr/hanyang2/wiki/index.php/2020_3D%EB%AA%A8%EB%8D%B8%EB%A7%81-%EB%B0%98%EC%B0%A8%EB%8F%84_%EB%B3%B5%EC%8B%9D,미검토,미검토,목록만 확보,개별 파일 조건 미확인
복식,2020,적의-왕세자빈,법복 적의(왕세자빈),적의-왕세자빈.glb,https://dh.aks.ac.kr/~hanyang/glb2/연향복식/적의-왕세자빈.glb,https://dh.aks.ac.kr/hanyang2/wiki/index.php/2020_3D%EB%AA%A8%EB%8D%B8%EB%A7%81-%EB%B0%98%EC%B0%A8%EB%8F%84_%EB%B3%B5%EC%8B%9D,미검토,미검토,목록만 확보,개별 파일 조건 미확인
복식,2020,족두리,족두리,족두리.glb,https://dh.aks.ac.kr/~hanyang/glb2/연향복식/족두리.glb,https://dh.aks.ac.kr/hanyang2/wiki/index.php/2020_3D%EB%AA%A8%EB%8D%B8%EB%A7%81-%EB%B0%98%EC%B0%A8%EB%8F%84_%EB%B3%B5%EC%8B%9D,미검토,미검토,목록만 확보,개별 파일 조건 미확인
복식,2020,중치막,중치막,중치막.glb,https://dh.aks.ac.kr/~hanyang/glb2/연향복식/중치막.glb,https://dh.aks.ac.kr/hanyang2/wiki/index.php/2020_3D%EB%AA%A8%EB%8D%B8%EB%A7%81-%EB%B0%98%EC%B0%A8%EB%8F%84_%EB%B3%B5%EC%8B%9D,미검토,미검토,목록만 확보,개별 파일 조건 미확인
복식,2020,진홍단혜,진홍단혜,진홍단혜.glb,https://dh.aks.ac.kr/~hanyang/glb2/연향복식/진홍단혜.glb,https://dh.aks.ac.kr/hanyang2/wiki/index.php/2020_3D%EB%AA%A8%EB%8D%B8%EB%A7%81-%EB%B0%98%EC%B0%A8%EB%8F%84_%EB%B3%B5%EC%8B%9D,미검토,미검토,목록만 확보,개별 파일 조건 미확인
복식,2020,쪽머리,쪽머리,쪽머리.glb,https://dh.aks.ac.kr/~hanyang/glb2/연향복식/쪽머리.glb,https://dh.aks.ac.kr/hanyang2/wiki/index.php/2020_3D%EB%AA%A8%EB%8D%B8%EB%A7%81-%EB%B0%98%EC%B0%A8%EB%8F%84_%EB%B3%B5%EC%8B%9D,미검토,미검토,목록만 확보,개별 파일 조건 미확인
복식,2020,초록부금당의,부금초록당의,초록부금당의.glb,https://dh.aks.ac.kr/~hanyang/glb2/연향복식/초록부금당의.glb,https://dh.aks.ac.kr/hanyang2/wiki/index.php/2020_3D%EB%AA%A8%EB%8D%B8%EB%A7%81-%EB%B0%98%EC%B0%A8%EB%8F%84_%EB%B3%B5%EC%8B%9D,미검토,미검토,목록만 확보,개별 파일 조건 미확인
복식,2020,초록부금원삼,초록부금원삼,초록부금원삼.glb,https://dh.aks.ac.kr/~hanyang/glb2/연향복식/초록부금원삼.glb,https://dh.aks.ac.kr/hanyang2/wiki/index.php/2020_3D%EB%AA%A8%EB%8D%B8%EB%A7%81-%EB%B0%98%EC%B0%A8%EB%8F%84_%EB%B3%B5%EC%8B%9D,미검토,미검토,목록만 확보,개별 파일 조건 미확인
복식,2020,초록온혜,초록온혜,초록온혜.glb,https://dh.aks.ac.kr/~hanyang/glb2/연향복식/초록온혜.glb,https://dh.aks.ac.kr/hanyang2/wiki/index.php/2020_3D%EB%AA%A8%EB%8D%B8%EB%A7%81-%EB%B0%98%EC%B0%A8%EB%8F%84_%EB%B3%B5%EC%8B%9D,미검토,미검토,목록만 확보,개별 파일 조건 미확인
복식,2020,초록저고리,초록저고리,초록저고리.glb,https://dh.aks.ac.kr/~hanyang/glb2/연향복식/초록저고리.glb,https://dh.aks.ac.kr/hanyang2/wiki/index.php/2020_3D%EB%AA%A8%EB%8D%B8%EB%A7%81-%EB%B0%98%EC%B0%A8%EB%8F%84_%EB%B3%B5%EC%8B%9D,미검토,미검토,목록만 확보,개별 파일 조건 미확인
복식,2020,초록하피,초록하피,초록하피.glb,https://dh.aks.ac.kr/~hanyang/glb2/연향복식/초록하피.glb,https://dh.aks.ac.kr/hanyang2/wiki/index.php/2020_3D%EB%AA%A8%EB%8D%B8%EB%A7%81-%EB%B0%98%EC%B0%A8%EB%8F%84_%EB%B3%B5%EC%8B%9D,미검토,미검토,목록만 확보,개별 파일 조건 미확인
복식,2020,초록혜,초록혜,초록혜.glb,https://dh.aks.ac.kr/~hanyang/glb2/연향복식/초록혜.glb,https://dh.aks.ac.kr/hanyang2/wiki/index.php/2020_3D%EB%AA%A8%EB%8D%B8%EB%A7%81-%EB%B0%98%EC%B0%A8%EB%8F%84_%EB%B3%B5%EC%8B%9D,미검토,미검토,목록만 확보,개별 파일 조건 미확인
복식,2020,칠보매죽잠,칠보매죽잠,칠보매죽잠.glb,https://dh.aks.ac.kr/~hanyang/glb2/연향복식/칠보매죽잠.glb,https://dh.aks.ac.kr/hanyang2/wiki/index.php/2020_3D%EB%AA%A8%EB%8D%B8%EB%A7%81-%EB%B0%98%EC%B0%A8%EB%8F%84_%EB%B3%B5%EC%8B%9D,미검토,미검토,목록만 확보,개별 파일 조건 미확인
복식,2020,합립,합립,합립.glb,https://dh.aks.ac.kr/~hanyang/glb2/연향복식/합립.glb,https://dh.aks.ac.kr/hanyang2/wiki/index.php/2020_3D%EB%AA%A8%EB%8D%B8%EB%A7%81-%EB%B0%98%EC%B0%A8%EB%8F%84_%EB%B3%B5%EC%8B%9D,미검토,미검토,목록만 확보,개별 파일 조건 미확인
복식,2020,홍대대,홍대대,홍대대.glb,https://dh.aks.ac.kr/~hanyang/glb2/연향복식/홍대대.glb,https://dh.aks.ac.kr/hanyang2/wiki/index.php/2020_3D%EB%AA%A8%EB%8D%B8%EB%A7%81-%EB%B0%98%EC%B0%A8%EB%8F%84_%EB%B3%B5%EC%8B%9D,미검토,미검토,목록만 확보,개별 파일 조건 미확인
복식,2020,홍말군,홍말군,홍말군.glb,https://dh.aks.ac.kr/~hanyang/glb2/연향복식/홍말군.glb,https://dh.aks.ac.kr/hanyang2/wiki/index.php/2020_3D%EB%AA%A8%EB%8D%B8%EB%A7%81-%EB%B0%98%EC%B0%A8%EB%8F%84_%EB%B3%B5%EC%8B%9D,미검토,미검토,목록만 확보,개별 파일 조건 미확인
복식,2020,홍사상,홍색웃치마,홍사상.glb,https://dh.aks.ac.kr/~hanyang/glb2/연향복식/홍사상.glb,https://dh.aks.ac.kr/hanyang2/wiki/index.php/2020_3D%EB%AA%A8%EB%8D%B8%EB%A7%81-%EB%B0%98%EC%B0%A8%EB%8F%84_%EB%B3%B5%EC%8B%9D,미검토,미검토,목록만 확보,개별 파일 조건 미확인
복식,2020,홍색온혜,홍색온혜,홍색온혜.glb,https://dh.aks.ac.kr/~hanyang/glb2/연향복식/홍색온혜.glb,https://dh.aks.ac.kr/hanyang2/wiki/index.php/2020_3D%EB%AA%A8%EB%8D%B8%EB%A7%81-%EB%B0%98%EC%B0%A8%EB%8F%84_%EB%B3%B5%EC%8B%9D,미검토,미검토,목록만 확보,개별 파일 조건 미확인
복식,2020,홍색치마,홍색치마,홍색치마.glb,https://dh.aks.ac.kr/~hanyang/glb2/연향복식/홍색치마.glb,https://dh.aks.ac.kr/hanyang2/wiki/index.php/2020_3D%EB%AA%A8%EB%8D%B8%EB%A7%81-%EB%B0%98%EC%B0%A8%EB%8F%84_%EB%B3%B5%EC%8B%9D,미검토,미검토,목록만 확보,개별 파일 조건 미확인
복식,2020,홍수대,홍수대,홍수대.glb,https://dh.aks.ac.kr/~hanyang/glb2/연향복식/홍수대.glb,https://dh.aks.ac.kr/hanyang2/wiki/index.php/2020_3D%EB%AA%A8%EB%8D%B8%EB%A7%81-%EB%B0%98%EC%B0%A8%EB%8F%84_%EB%B3%B5%EC%8B%9D,미검토,미검토,목록만 확보,개별 파일 조건 미확인
복식,2020,홍전립,홍전립,홍전립.glb,https://dh.aks.ac.kr/~hanyang/glb2/연향복식/홍전립.glb,https://dh.aks.ac.kr/hanyang2/wiki/index.php/2020_3D%EB%AA%A8%EB%8D%B8%EB%A7%81-%EB%B0%98%EC%B0%A8%EB%8F%84_%EB%B3%B5%EC%8B%9D,미검토,미검토,목록만 확보,개별 파일 조건 미확인
복식,2020,홍한삼,홍한삼,홍한삼.glb,https://dh.aks.ac.kr/~hanyang/glb2/연향복식/홍한삼.glb,https://dh.aks.ac.kr/hanyang2/wiki/index.php/2020_3D%EB%AA%A8%EB%8D%B8%EB%A7%81-%EB%B0%98%EC%B0%A8%EB%8F%84_%EB%B3%B5%EC%8B%9D,미검토,미검토,목록만 확보,개별 파일 조건 미확인
복식,2020,황색웃치마,황색웃치마,황색웃치마.glb,https://dh.aks.ac.kr/~hanyang/glb2/연향복식/황색웃치마.glb,https://dh.aks.ac.kr/hanyang2/wiki/index.php/2020_3D%EB%AA%A8%EB%8D%B8%EB%A7%81-%EB%B0%98%EC%B0%A8%EB%8F%84_%EB%B3%B5%EC%8B%9D,미검토,미검토,목록만 확보,개별 파일 조건 미확인
복식,2020,황초삼,황초삼,황초삼.glb,https://dh.aks.ac.kr/~hanyang/glb2/연향복식/황초삼.glb,https://dh.aks.ac.kr/hanyang2/wiki/index.php/2020_3D%EB%AA%A8%EB%8D%B8%EB%A7%81-%EB%B0%98%EC%B0%A8%EB%8F%84_%EB%B3%B5%EC%8B%9D,미검토,미검토,목록만 확보,개별 파일 조건 미확인
복식,2020,황초삼-춘앵전,황초삼(춘앵전),황초삼-춘앵전.glb,https://dh.aks.ac.kr/~hanyang/glb2/연향복식/황초삼-춘앵전.glb,https://dh.aks.ac.kr/hanyang2/wiki/index.php/2020_3D%EB%AA%A8%EB%8D%B8%EB%A7%81-%EB%B0%98%EC%B0%A8%EB%8F%84_%EB%B3%B5%EC%8B%9D,미검토,미검토,목록만 확보,개별 파일 조건 미확인
복식,2020,흑단령-악사,흑단령(헌가집사악사),흑단령-악사.glb,https://dh.aks.ac.kr/~hanyang/glb2/연향복식/흑단령-악사.glb,https://dh.aks.ac.kr/hanyang2/wiki/index.php/2020_3D%EB%AA%A8%EB%8D%B8%EB%A7%81-%EB%B0%98%EC%B0%A8%EB%8F%84_%EB%B3%B5%EC%8B%9D,미검토,미검토,목록만 확보,개별 파일 조건 미확인
복식,2020,흑원삼,흑원삼,흑원삼.glb,https://dh.aks.ac.kr/~hanyang/glb2/연향복식/흑원삼.glb,https://dh.aks.ac.kr/hanyang2/wiki/index.php/2020_3D%EB%AA%A8%EB%8D%B8%EB%A7%81-%EB%B0%98%EC%B0%A8%EB%8F%84_%EB%B3%B5%EC%8B%9D,미검토,미검토,목록만 확보,개별 파일 조건 미확인
물품,2020,고-鼓,고(鼓),고.glb,https://dh.aks.ac.kr/~hanyang/glb2/반차도/고.glb,https://dh.aks.ac.kr/hanyang2/wiki/index.php/2020_3D%EB%AA%A8%EB%8D%B8%EB%A7%81-%EB%B0%98%EC%B0%A8%EB%8F%84_%EC%9D%98%EC%9E%A5%EB%AC%BC,미검토,미검토,목록만 확보,개별 파일 조건 미확인
물품,2020,금-金,금(金),금.glb,https://dh.aks.ac.kr/~hanyang/glb2/반차도/금.glb,https://dh.aks.ac.kr/hanyang2/wiki/index.php/2020_3D%EB%AA%A8%EB%8D%B8%EB%A7%81-%EB%B0%98%EC%B0%A8%EB%8F%84_%EC%9D%98%EC%9E%A5%EB%AC%BC,미검토,미검토,목록만 확보,개별 파일 조건 미확인
물품,2020,대전-帶錢,대전,대전.glb,https://dh.aks.ac.kr/~hanyang/glb2/반차도/대전.glb,https://dh.aks.ac.kr/hanyang2/wiki/index.php/2020_3D%EB%AA%A8%EB%8D%B8%EB%A7%81-%EB%B0%98%EC%B0%A8%EB%8F%84_%EC%9D%98%EC%9E%A5%EB%AC%BC,미검토,미검토,목록만 확보,개별 파일 조건 미확인
물품,2020,덩-德應,덩(德應),덩.glb,https://dh.aks.ac.kr/~hanyang/glb2/반차도/덩.glb,https://dh.aks.ac.kr/hanyang2/wiki/index.php/2020_3D%EB%AA%A8%EB%8D%B8%EB%A7%81-%EB%B0%98%EC%B0%A8%EB%8F%84_%EC%9D%98%EC%9E%A5%EB%AC%BC,미검토,미검토,목록만 확보,개별 파일 조건 미확인
물품,2020,둑-纛,둑(纛),둑.glb,https://dh.aks.ac.kr/~hanyang/glb2/반차도/둑.glb,https://dh.aks.ac.kr/hanyang2/wiki/index.php/2020_3D%EB%AA%A8%EB%8D%B8%EB%A7%81-%EB%B0%98%EC%B0%A8%EB%8F%84_%EC%9D%98%EC%9E%A5%EB%AC%BC,미검토,미검토,목록만 확보,개별 파일 조건 미확인
물품,2020,명성황후금보,명성황후 금보,명성황후금보.glb,https://dh.aks.ac.kr/~hanyang/glb2/반차도/명성황후금보.glb,https://dh.aks.ac.kr/hanyang2/wiki/index.php/2020_3D%EB%AA%A8%EB%8D%B8%EB%A7%81-%EB%B0%98%EC%B0%A8%EB%8F%84_%EC%9D%98%EC%9E%A5%EB%AC%BC,미검토,미검토,목록만 확보,개별 파일 조건 미확인
물품,2020,명성황후금보보자기,명성황후 금보보자기,명성황후금보보자기.glb,https://dh.aks.ac.kr/~hanyang/glb2/반차도/명성황후금보보자기.glb,https://dh.aks.ac.kr/hanyang2/wiki/index.php/2020_3D%EB%AA%A8%EB%8D%B8%EB%A7%81-%EB%B0%98%EC%B0%A8%EB%8F%84_%EC%9D%98%EC%9E%A5%EB%AC%BC,미검토,미검토,목록만 확보,개별 파일 조건 미확인
물품,2020,명성황후금보-보록,명성황후 보록,명성황후_보록.glb,https://dh.aks.ac.kr/~hanyang/glb2/반차도/명성황후_보록.glb,https://dh.aks.ac.kr/hanyang2/wiki/index.php/2020_3D%EB%AA%A8%EB%8D%B8%EB%A7%81-%EB%B0%98%EC%B0%A8%EB%8F%84_%EC%9D%98%EC%9E%A5%EB%AC%BC,미검토,미검토,목록만 확보,개별 파일 조건 미확인
물품,2020,명성황후금보-보록보자기,명성황후 보록보자기,명성황후금보_보록보자기.glb,https://dh.aks.ac.kr/~hanyang/glb2/반차도/명성황후금보_보록보자기.glb,https://dh.aks.ac.kr/hanyang2/wiki/index.php/2020_3D%EB%AA%A8%EB%8D%B8%EB%A7%81-%EB%B0%98%EC%B0%A8%EB%8F%84_%EC%9D%98%EC%9E%A5%EB%AC%BC,미검토,미검토,목록만 확보,개별 파일 조건 미확인
물품,2020,명성황후금보-보통,명성황후 보통,명성황후금보_보통.glb,https://dh.aks.ac.kr/~hanyang/glb2/반차도/명성황후금보_보통.glb,https://dh.aks.ac.kr/hanyang2/wiki/index.php/2020_3D%EB%AA%A8%EB%8D%B8%EB%A7%81-%EB%B0%98%EC%B0%A8%EB%8F%84_%EC%9D%98%EC%9E%A5%EB%AC%BC,미검토,미검토,목록만 확보,개별 파일 조건 미확인
물품,2020,명성황후옥책,명성황후 옥책,명성황후옥책.glb,https://dh.aks.ac.kr/~hanyang/glb2/반차도/명성황후옥책.glb,https://dh.aks.ac.kr/hanyang2/wiki/index.php/2020_3D%EB%AA%A8%EB%8D%B8%EB%A7%81-%EB%B0%98%EC%B0%A8%EB%8F%84_%EC%9D%98%EC%9E%A5%EB%AC%BC,미검토,미검토,목록만 확보,개별 파일 조건 미확인
물품,2020,백호기-군기,백호기(군기),백호기(군기).glb,https://dh.aks.ac.kr/~hanyang/glb2/반차도/백호기(군기).glb,https://dh.aks.ac.kr/hanyang2/wiki/index.php/2020_3D%EB%AA%A8%EB%8D%B8%EB%A7%81-%EB%B0%98%EC%B0%A8%EB%8F%84_%EC%9D%98%EC%9E%A5%EB%AC%BC,미검토,미검토,목록만 확보,개별 파일 조건 미확인
물품,2020,연-輦,연(輦),연.glb,https://dh.aks.ac.kr/~hanyang/glb2/반차도/연.glb,https://dh.aks.ac.kr/hanyang2/wiki/index.php/2020_3D%EB%AA%A8%EB%8D%B8%EB%A7%81-%EB%B0%98%EC%B0%A8%EB%8F%84_%EC%9D%98%EC%9E%A5%EB%AC%BC,미검토,미검토,목록만 확보,개별 파일 조건 미확인
물품,2020,영자-금보,영자(금보),명성황후금보_영자.glb,https://dh.aks.ac.kr/~hanyang/glb2/반차도/명성황후금보_영자.glb,https://dh.aks.ac.kr/hanyang2/wiki/index.php/2020_3D%EB%AA%A8%EB%8D%B8%EB%A7%81-%EB%B0%98%EC%B0%A8%EB%8F%84_%EC%9D%98%EC%9E%A5%EB%AC%BC,미검토,미검토,목록만 확보,개별 파일 조건 미확인
물품,2020,영자-보록,영자(보록),명성황후금보_보록_영자.glb,https://dh.aks.ac.kr/~hanyang/glb2/반차도/명성황후금보_보록_영자.glb,https://dh.aks.ac.kr/hanyang2/wiki/index.php/2020_3D%EB%AA%A8%EB%8D%B8%EB%A7%81-%EB%B0%98%EC%B0%A8%EB%8F%84_%EC%9D%98%EC%9E%A5%EB%AC%BC,미검토,미검토,목록만 확보,개별 파일 조건 미확인
물품,2020,영자-보통,영자(보통),명성황후금보_보통_영자.glb,https://dh.aks.ac.kr/~hanyang/glb2/반차도/명성황후금보_보통_영자.glb,https://dh.aks.ac.kr/hanyang2/wiki/index.php/2020_3D%EB%AA%A8%EB%8D%B8%EB%A7%81-%EB%B0%98%EC%B0%A8%EB%8F%84_%EC%9D%98%EC%9E%A5%EB%AC%BC,미검토,미검토,목록만 확보,개별 파일 조건 미확인
물품,2020,요여,요여,요여.glb,https://dh.aks.ac.kr/~hanyang/glb2/반차도/요여.glb,https://dh.aks.ac.kr/hanyang2/wiki/index.php/2020_3D%EB%AA%A8%EB%8D%B8%EB%A7%81-%EB%B0%98%EC%B0%A8%EB%8F%84_%EC%9D%98%EC%9E%A5%EB%AC%BC,미검토,미검토,목록만 확보,개별 파일 조건 미확인
물품,2020,정-旌,정(㫌),정.glb,https://dh.aks.ac.kr/~hanyang/glb2/반차도/정.glb,https://dh.aks.ac.kr/hanyang2/wiki/index.php/2020_3D%EB%AA%A8%EB%8D%B8%EB%A7%81-%EB%B0%98%EC%B0%A8%EB%8F%84_%EC%9D%98%EC%9E%A5%EB%AC%BC,미검토,미검토,목록만 확보,개별 파일 조건 미확인
물품,2020,주작기-군기,주작기(군기),주작기(군기).glb,https://dh.aks.ac.kr/~hanyang/glb2/반차도/주작기(군기).glb,https://dh.aks.ac.kr/hanyang2/wiki/index.php/2020_3D%EB%AA%A8%EB%8D%B8%EB%A7%81-%EB%B0%98%EC%B0%A8%EB%8F%84_%EC%9D%98%EC%9E%A5%EB%AC%BC,미검토,미검토,목록만 확보,개별 파일 조건 미확인
물품,2020,주칠교의,주칠교의-주칠각답,주칠교의-주칠각답.glb,https://dh.aks.ac.kr/~hanyang/glb2/반차도/주칠교의-주칠각답.glb,https://dh.aks.ac.kr/hanyang2/wiki/index.php/2020_3D%EB%AA%A8%EB%8D%B8%EB%A7%81-%EB%B0%98%EC%B0%A8%EB%8F%84_%EC%9D%98%EC%9E%A5%EB%AC%BC,미검토,미검토,목록만 확보,개별 파일 조건 미확인
물품,2020,주칠기창,주칠기창,주칠기창.glb,https://dh.aks.ac.kr/~hanyang/glb2/반차도/주칠기창.glb,https://dh.aks.ac.kr/hanyang2/wiki/index.php/2020_3D%EB%AA%A8%EB%8D%B8%EB%A7%81-%EB%B0%98%EC%B0%A8%EB%8F%84_%EC%9D%98%EC%9E%A5%EB%AC%BC,미검토,미검토,목록만 확보,개별 파일 조건 미확인
물품,2020,채여,채여,채여.glb,https://dh.aks.ac.kr/~hanyang/glb2/반차도/채여.glb,https://dh.aks.ac.kr/hanyang2/wiki/index.php/2020_3D%EB%AA%A8%EB%8D%B8%EB%A7%81-%EB%B0%98%EC%B0%A8%EB%8F%84_%EC%9D%98%EC%9E%A5%EB%AC%BC,미검토,미검토,목록만 확보,개별 파일 조건 미확인
물품,2020,천하태평기,천하태평기,천하태평기.glb,https://dh.aks.ac.kr/~hanyang/glb2/반차도/천하태평기.glb,https://dh.aks.ac.kr/hanyang2/wiki/index.php/2020_3D%EB%AA%A8%EB%8D%B8%EB%A7%81-%EB%B0%98%EC%B0%A8%EB%8F%84_%EC%9D%98%EC%9E%A5%EB%AC%BC,미검토,미검토,목록만 확보,개별 파일 조건 미확인
물품,2020,청룡기-군기,청룡기(군기),청룡기(군기).glb,https://dh.aks.ac.kr/~hanyang/glb2/반차도/청룡기(군기).glb,https://dh.aks.ac.kr/hanyang2/wiki/index.php/2020_3D%EB%AA%A8%EB%8D%B8%EB%A7%81-%EB%B0%98%EC%B0%A8%EB%8F%84_%EC%9D%98%EC%9E%A5%EB%AC%BC,미검토,미검토,목록만 확보,개별 파일 조건 미확인
물품,2020,파초선,파초선,파초선.glb,https://dh.aks.ac.kr/~hanyang/glb2/반차도/파초선.glb,https://dh.aks.ac.kr/hanyang2/wiki/index.php/2020_3D%EB%AA%A8%EB%8D%B8%EB%A7%81-%EB%B0%98%EC%B0%A8%EB%8F%84_%EC%9D%98%EC%9E%A5%EB%AC%BC,미검토,미검토,목록만 확보,개별 파일 조건 미확인
물품,2020,향정자,향용정,향정자.glb,https://dh.aks.ac.kr/~hanyang/glb2/반차도/향정자.glb,https://dh.aks.ac.kr/hanyang2/wiki/index.php/2020_3D%EB%AA%A8%EB%8D%B8%EB%A7%81-%EB%B0%98%EC%B0%A8%EB%8F%84_%EC%9D%98%EC%9E%A5%EB%AC%BC,미검토,미검토,목록만 확보,개별 파일 조건 미확인
물품,2020,현무기-군기,현무기(군기),현무기(군기).glb,https://dh.aks.ac.kr/~hanyang/glb2/반차도/현무기(군기).glb,https://dh.aks.ac.kr/hanyang2/wiki/index.php/2020_3D%EB%AA%A8%EB%8D%B8%EB%A7%81-%EB%B0%98%EC%B0%A8%EB%8F%84_%EC%9D%98%EC%9E%A5%EB%AC%BC,미검토,미검토,목록만 확보,개별 파일 조건 미확인
물품,2020,흑칠기창,흑칠기창,흑칠기창.glb,https://dh.aks.ac.kr/~hanyang/glb2/반차도/흑칠기창.glb,https://dh.aks.ac.kr/hanyang2/wiki/index.php/2020_3D%EB%AA%A8%EB%8D%B8%EB%A7%81-%EB%B0%98%EC%B0%A8%EB%8F%84_%EC%9D%98%EC%9E%A5%EB%AC%BC,미검토,미검토,목록만 확보,개별 파일 조건 미확인
물품,2020,가서봉,가서봉,가서봉.glb,https://dh.aks.ac.kr/~hanyang/glb2/반차도/가서봉.glb,https://dh.aks.ac.kr/hanyang2/wiki/index.php/2020_3D%EB%AA%A8%EB%8D%B8%EB%A7%81-%EB%B0%98%EC%B0%A8%EB%8F%84_%EC%9D%98%EC%9E%A5%EB%AC%BC,미검토,미검토,목록만 확보,개별 파일 조건 미확인
물품,2020,각단기,각단기,각단기.glb,https://dh.aks.ac.kr/~hanyang/glb2/반차도/각단기.glb,https://dh.aks.ac.kr/hanyang2/wiki/index.php/2020_3D%EB%AA%A8%EB%8D%B8%EB%A7%81-%EB%B0%98%EC%B0%A8%EB%8F%84_%EC%9D%98%EC%9E%A5%EB%AC%BC,미검토,미검토,목록만 확보,개별 파일 조건 미확인
물품,2020,고자기,고자기,고자기.glb,https://dh.aks.ac.kr/~hanyang/glb2/반차도/고자기.glb,https://dh.aks.ac.kr/hanyang2/wiki/index.php/2020_3D%EB%AA%A8%EB%8D%B8%EB%A7%81-%EB%B0%98%EC%B0%A8%EB%8F%84_%EC%9D%98%EC%9E%A5%EB%AC%BC,미검토,미검토,목록만 확보,개별 파일 조건 미확인
물품,2020,관이,관이,관이.glb,https://dh.aks.ac.kr/~hanyang/glb2/반차도/관이.glb,https://dh.aks.ac.kr/hanyang2/wiki/index.php/2020_3D%EB%AA%A8%EB%8D%B8%EB%A7%81-%EB%B0%98%EC%B0%A8%EB%8F%84_%EC%9D%98%EC%9E%A5%EB%AC%BC,미검토,미검토,목록만 확보,개별 파일 조건 미확인
물품,2020,교룡기,교룡기,교룡기.glb,https://dh.aks.ac.kr/~hanyang/glb2/반차도/교룡기.glb,https://dh.aks.ac.kr/hanyang2/wiki/index.php/2020_3D%EB%AA%A8%EB%8D%B8%EB%A7%81-%EB%B0%98%EC%B0%A8%EB%8F%84_%EC%9D%98%EC%9E%A5%EB%AC%BC,미검토,미검토,목록만 확보,개별 파일 조건 미확인
물품,2020,군왕천세기,군왕천세기,군왕천세기.glb,https://dh.aks.ac.kr/~hanyang/glb2/반차도/군왕천세기.glb,https://dh.aks.ac.kr/hanyang2/wiki/index.php/2020_3D%EB%AA%A8%EB%8D%B8%EB%A7%81-%EB%B0%98%EC%B0%A8%EB%8F%84_%EC%9D%98%EC%9E%A5%EB%AC%BC,미검토,미검토,목록만 확보,개별 파일 조건 미확인
물품,2020,궁대-주칠,궁대(주칠),궁대-주칠.glb,https://dh.aks.ac.kr/~hanyang/glb2/반차도/궁대-주칠.glb,https://dh.aks.ac.kr/hanyang2/wiki/index.php/2020_3D%EB%AA%A8%EB%8D%B8%EB%A7%81-%EB%B0%98%EC%B0%A8%EB%8F%84_%EC%9D%98%EC%9E%A5%EB%AC%BC,미검토,미검토,목록만 확보,개별 파일 조건 미확인
물품,2020,궁대-흑칠,궁대(흑칠),궁대-흑칠.glb,https://dh.aks.ac.kr/~hanyang/glb2/반차도/궁대-흑칠.glb,https://dh.aks.ac.kr/hanyang2/wiki/index.php/2020_3D%EB%AA%A8%EB%8D%B8%EB%A7%81-%EB%B0%98%EC%B0%A8%EB%8F%84_%EC%9D%98%EC%9E%A5%EB%AC%BC,미검토,미검토,목록만 확보,개별 파일 조건 미확인
물품,2020,금군별장인기,금군별장인기,금군별장인기.glb,https://dh.aks.ac.kr/~hanyang/glb2/반차도/금군별장인기.glb,https://dh.aks.ac.kr/hanyang2/wiki/index.php/2020_3D%EB%AA%A8%EB%8D%B8%EB%A7%81-%EB%B0%98%EC%B0%A8%EB%8F%84_%EC%9D%98%EC%9E%A5%EB%AC%BC,미검토,미검토,목록만 확보,개별 파일 조건 미확인
물품,2020,금등자,금등자,금등자.glb,https://dh.aks.ac.kr/~hanyang/glb2/반차도/금등자.glb,https://dh.aks.ac.kr/hanyang2/wiki/index.php/2020_3D%EB%AA%A8%EB%8D%B8%EB%A7%81-%EB%B0%98%EC%B0%A8%EB%8F%84_%EC%9D%98%EC%9E%A5%EB%AC%BC,미검토,미검토,목록만 확보,개별 파일 조건 미확인
물품,2020,금립과,금립과,금립과.glb,https://dh.aks.ac.kr/~hanyang/glb2/반차도/금립과.glb,https://dh.aks.ac.kr/hanyang2/wiki/index.php/2020_3D%EB%AA%A8%EB%8D%B8%EB%A7%81-%EB%B0%98%EC%B0%A8%EB%8F%84_%EC%9D%98%EC%9E%A5%EB%AC%BC,미검토,미검토,목록만 확보,개별 파일 조건 미확인
물품,2020,금월부,금월부,금월부.glb,https://dh.aks.ac.kr/~hanyang/glb2/반차도/금월부.glb,https://dh.aks.ac.kr/hanyang2/wiki/index.php/2020_3D%EB%AA%A8%EB%8D%B8%EB%A7%81-%EB%B0%98%EC%B0%A8%EB%8F%84_%EC%9D%98%EC%9E%A5%EB%AC%BC,미검토,미검토,목록만 확보,개별 파일 조건 미확인
물품,2020,금작자,금작자,금작자.glb,https://dh.aks.ac.kr/~hanyang/glb2/반차도/금작자.glb,https://dh.aks.ac.kr/hanyang2/wiki/index.php/2020_3D%EB%AA%A8%EB%8D%B8%EB%A7%81-%EB%B0%98%EC%B0%A8%EB%8F%84_%EC%9D%98%EC%9E%A5%EB%AC%BC,미검토,미검토,목록만 확보,개별 파일 조건 미확인
물품,2020,금장도,금장도,금장도.glb,https://dh.aks.ac.kr/~hanyang/glb2/반차도/금장도.glb,https://dh.aks.ac.kr/hanyang2/wiki/index.php/2020_3D%EB%AA%A8%EB%8D%B8%EB%A7%81-%EB%B0%98%EC%B0%A8%EB%8F%84_%EC%9D%98%EC%9E%A5%EB%AC%BC,미검토,미검토,목록만 확보,개별 파일 조건 미확인
물품,2020,금횡과,금횡과,금횡과.glb,https://dh.aks.ac.kr/~hanyang/glb2/반차도/금횡과.glb,https://dh.aks.ac.kr/hanyang2/wiki/index.php/2020_3D%EB%AA%A8%EB%8D%B8%EB%A7%81-%EB%B0%98%EC%B0%A8%EB%8F%84_%EC%9D%98%EC%9E%A5%EB%AC%BC,미검토,미검토,목록만 확보,개별 파일 조건 미확인
물품,2020,기총기,기총기,기총기.glb,https://dh.aks.ac.kr/~hanyang/glb2/반차도/기총기.glb,https://dh.aks.ac.kr/hanyang2/wiki/index.php/2020_3D%EB%AA%A8%EB%8D%B8%EB%A7%81-%EB%B0%98%EC%B0%A8%EB%8F%84_%EC%9D%98%EC%9E%A5%EB%AC%BC,미검토,미검토,목록만 확보,개별 파일 조건 미확인
물품,2020,기패-旗牌,기패,기패.glb,https://dh.aks.ac.kr/~hanyang/glb2/반차도/기패.glb,https://dh.aks.ac.kr/hanyang2/wiki/index.php/2020_3D%EB%AA%A8%EB%8D%B8%EB%A7%81-%EB%B0%98%EC%B0%A8%EB%8F%84_%EC%9D%98%EC%9E%A5%EB%AC%BC,미검토,미검토,목록만 확보,개별 파일 조건 미확인
물품,2020,깍지,깍지,깍지.glb,https://dh.aks.ac.kr/~hanyang/glb2/반차도/깍지.glb,https://dh.aks.ac.kr/hanyang2/wiki/index.php/2020_3D%EB%AA%A8%EB%8D%B8%EB%A7%81-%EB%B0%98%EC%B0%A8%EB%8F%84_%EC%9D%98%EC%9E%A5%EB%AC%BC,미검토,미검토,목록만 확보,개별 파일 조건 미확인
물품,2020,남고초기,남고초기,남고초기.glb,https://dh.aks.ac.kr/~hanyang/glb2/반차도/남고초기.glb,https://dh.aks.ac.kr/hanyang2/wiki/index.php/2020_3D%EB%AA%A8%EB%8D%B8%EB%A7%81-%EB%B0%98%EC%B0%A8%EB%8F%84_%EC%9D%98%EC%9E%A5%EB%AC%BC,미검토,미검토,목록만 확보,개별 파일 조건 미확인
물품,2020,남신기,남신기,남신기.glb,https://dh.aks.ac.kr/~hanyang/glb2/반차도/남신기.glb,https://dh.aks.ac.kr/hanyang2/wiki/index.php/2020_3D%EB%AA%A8%EB%8D%B8%EB%A7%81-%EB%B0%98%EC%B0%A8%EB%8F%84_%EC%9D%98%EC%9E%A5%EB%AC%BC,미검토,미검토,목록만 확보,개별 파일 조건 미확인
물품,2020,녹칠어피갑장환도,녹칠어피갑장환도,녹칠어피갑장환도.glb,https://dh.aks.ac.kr/~hanyang/glb2/반차도/녹칠어피갑장환도.glb,https://dh.aks.ac.kr/hanyang2/wiki/index.php/2020_3D%EB%AA%A8%EB%8D%B8%EB%A7%81-%EB%B0%98%EC%B0%A8%EB%8F%84_%EC%9D%98%EC%9E%A5%EB%AC%BC,미검토,미검토,목록만 확보,개별 파일 조건 미확인
물품,2020,당보기,당보기,당보기.glb,https://dh.aks.ac.kr/~hanyang/glb2/반차도/당보기.glb,https://dh.aks.ac.kr/hanyang2/wiki/index.php/2020_3D%EB%AA%A8%EB%8D%B8%EB%A7%81-%EB%B0%98%EC%B0%A8%EB%8F%84_%EC%9D%98%EC%9E%A5%EB%AC%BC,미검토,미검토,목록만 확보,개별 파일 조건 미확인
물품,2020,대곤,대곤,대곤.glb,https://dh.aks.ac.kr/~hanyang/glb2/반차도/대곤.glb,https://dh.aks.ac.kr/hanyang2/wiki/index.php/2020_3D%EB%AA%A8%EB%8D%B8%EB%A7%81-%EB%B0%98%EC%B0%A8%EB%8F%84_%EC%9D%98%EC%9E%A5%EB%AC%BC,미검토,미검토,목록만 확보,개별 파일 조건 미확인
물품,2020,대원군교자,대원군교자,대원군교자.glb,https://dh.aks.ac.kr/~hanyang/glb2/반차도/대원군교자.glb,https://dh.aks.ac.kr/hanyang2/wiki/index.php/2020_3D%EB%AA%A8%EB%8D%B8%EB%A7%81-%EB%B0%98%EC%B0%A8%EB%8F%84_%EC%9D%98%EC%9E%A5%EB%AC%BC,미검토,미검토,목록만 확보,개별 파일 조건 미확인
물품,2020,대장기,대장기,대장기.glb,https://dh.aks.ac.kr/~hanyang/glb2/반차도/대장기.glb,https://dh.aks.ac.kr/hanyang2/wiki/index.php/2020_3D%EB%AA%A8%EB%8D%B8%EB%A7%81-%EB%B0%98%EC%B0%A8%EB%8F%84_%EC%9D%98%EC%9E%A5%EB%AC%BC,미검토,미검토,목록만 확보,개별 파일 조건 미확인
물품,2020,동고초기,동고초기,동고초기.glb,https://dh.aks.ac.kr/~hanyang/glb2/반차도/동고초기.glb,https://dh.aks.ac.kr/hanyang2/wiki/index.php/2020_3D%EB%AA%A8%EB%8D%B8%EB%A7%81-%EB%B0%98%EC%B0%A8%EB%8F%84_%EC%9D%98%EC%9E%A5%EB%AC%BC,미검토,미검토,목록만 확보,개별 파일 조건 미확인
물품,2020,동남간각기,동남간각기,동남간각기.glb,https://dh.aks.ac.kr/~hanyang/glb2/반차도/동남간각기.glb,https://dh.aks.ac.kr/hanyang2/wiki/index.php/2020_3D%EB%AA%A8%EB%8D%B8%EB%A7%81-%EB%B0%98%EC%B0%A8%EB%8F%84_%EC%9D%98%EC%9E%A5%EB%AC%BC,미검토,미검토,목록만 확보,개별 파일 조건 미확인
물품,2020,등채-근장군사,등채(근장군사),등채-근장군사.glb,https://dh.aks.ac.kr/~hanyang/glb2/반차도/등채-근장군사.glb,https://dh.aks.ac.kr/hanyang2/wiki/index.php/2020_3D%EB%AA%A8%EB%8D%B8%EB%A7%81-%EB%B0%98%EC%B0%A8%EB%8F%84_%EC%9D%98%EC%9E%A5%EB%AC%BC,미검토,미검토,목록만 확보,개별 파일 조건 미확인
물품,2020,등채-남,등채(남),등채-남.glb,https://dh.aks.ac.kr/~hanyang/glb2/반차도/등채-남.glb,https://dh.aks.ac.kr/hanyang2/wiki/index.php/2020_3D%EB%AA%A8%EB%8D%B8%EB%A7%81-%EB%B0%98%EC%B0%A8%EB%8F%84_%EC%9D%98%EC%9E%A5%EB%AC%BC,미검토,미검토,목록만 확보,개별 파일 조건 미확인
물품,2020,등채-당상관,등채(당상관),등채-당상관.glb,https://dh.aks.ac.kr/~hanyang/glb2/반차도/등채-당상관.glb,https://dh.aks.ac.kr/hanyang2/wiki/index.php/2020_3D%EB%AA%A8%EB%8D%B8%EB%A7%81-%EB%B0%98%EC%B0%A8%EB%8F%84_%EC%9D%98%EC%9E%A5%EB%AC%BC,미검토,미검토,목록만 확보,개별 파일 조건 미확인
물품,2020,등채-동,등채(동),등채-동.glb,https://dh.aks.ac.kr/~hanyang/glb2/반차도/등채-동.glb,https://dh.aks.ac.kr/hanyang2/wiki/index.php/2020_3D%EB%AA%A8%EB%8D%B8%EB%A7%81-%EB%B0%98%EC%B0%A8%EB%8F%84_%EC%9D%98%EC%9E%A5%EB%AC%BC,미검토,미검토,목록만 확보,개별 파일 조건 미확인
물품,2020,등채-북,등채(북),등채-북.glb,https://dh.aks.ac.kr/~hanyang/glb2/반차도/등채-북.glb,https://dh.aks.ac.kr/hanyang2/wiki/index.php/2020_3D%EB%AA%A8%EB%8D%B8%EB%A7%81-%EB%B0%98%EC%B0%A8%EB%8F%84_%EC%9D%98%EC%9E%A5%EB%AC%BC,미검토,미검토,목록만 확보,개별 파일 조건 미확인
물품,2020,등채-서,등채(서),등채-서.glb,https://dh.aks.ac.kr/~hanyang/glb2/반차도/등채-서.glb,https://dh.aks.ac.kr/hanyang2/wiki/index.php/2020_3D%EB%AA%A8%EB%8D%B8%EB%A7%81-%EB%B0%98%EC%B0%A8%EB%8F%84_%EC%9D%98%EC%9E%A5%EB%AC%BC,미검토,미검토,목록만 확보,개별 파일 조건 미확인
물품,2020,등채-중앙,등채(중앙),등채-중앙.glb,https://dh.aks.ac.kr/~hanyang/glb2/반차도/등채-중앙.glb,https://dh.aks.ac.kr/hanyang2/wiki/index.php/2020_3D%EB%AA%A8%EB%8D%B8%EB%A7%81-%EB%B0%98%EC%B0%A8%EB%8F%84_%EC%9D%98%EC%9E%A5%EB%AC%BC,미검토,미검토,목록만 확보,개별 파일 조건 미확인
물품,2020,모절,모절,모절.glb,https://dh.aks.ac.kr/~hanyang/glb2/반차도/모절.glb,https://dh.aks.ac.kr/hanyang2/wiki/index.php/2020_3D%EB%AA%A8%EB%8D%B8%EB%A7%81-%EB%B0%98%EC%B0%A8%EB%8F%84_%EC%9D%98%EC%9E%A5%EB%AC%BC,미검토,미검토,목록만 확보,개별 파일 조건 미확인
물품,2020,문기,문기,문기.glb,https://dh.aks.ac.kr/~hanyang/glb2/반차도/문기.glb,https://dh.aks.ac.kr/hanyang2/wiki/index.php/2020_3D%EB%AA%A8%EB%8D%B8%EB%A7%81-%EB%B0%98%EC%B0%A8%EB%8F%84_%EC%9D%98%EC%9E%A5%EB%AC%BC,미검토,미검토,목록만 확보,개별 파일 조건 미확인
물품,2020,백신기,백신기,백신기.glb,https://dh.aks.ac.kr/~hanyang/glb2/반차도/백신기.glb,https://dh.aks.ac.kr/hanyang2/wiki/index.php/2020_3D%EB%AA%A8%EB%8D%B8%EB%A7%81-%EB%B0%98%EC%B0%A8%EB%8F%84_%EC%9D%98%EC%9E%A5%EB%AC%BC,미검토,미검토,목록만 확보,개별 파일 조건 미확인
물품,2020,백택기,백택기,백택기.glb,https://dh.aks.ac.kr/~hanyang/glb2/반차도/백택기.glb,https://dh.aks.ac.kr/hanyang2/wiki/index.php/2020_3D%EB%AA%A8%EB%8D%B8%EB%A7%81-%EB%B0%98%EC%B0%A8%EB%8F%84_%EC%9D%98%EC%9E%A5%EB%AC%BC,미검토,미검토,목록만 확보,개별 파일 조건 미확인
물품,2020,백학기,백학기,백학기.glb,https://dh.aks.ac.kr/~hanyang/glb2/반차도/백학기.glb,https://dh.aks.ac.kr/hanyang2/wiki/index.php/2020_3D%EB%AA%A8%EB%8D%B8%EB%A7%81-%EB%B0%98%EC%B0%A8%EB%8F%84_%EC%9D%98%EC%9E%A5%EB%AC%BC,미검토,미검토,목록만 확보,개별 파일 조건 미확인
물품,2020,백호기,백호기,백호기.glb,https://dh.aks.ac.kr/~hanyang/glb2/반차도/백호기.glb,https://dh.aks.ac.kr/hanyang2/wiki/index.php/2020_3D%EB%AA%A8%EB%8D%B8%EB%A7%81-%EB%B0%98%EC%B0%A8%EB%8F%84_%EC%9D%98%EC%9E%A5%EB%AC%BC,미검토,미검토,목록만 확보,개별 파일 조건 미확인
물품,2020,백호당,백호당,백호당.glb,https://dh.aks.ac.kr/~hanyang/glb2/반차도/백호당.glb,https://dh.aks.ac.kr/hanyang2/wiki/index.php/2020_3D%EB%AA%A8%EB%8D%B8%EB%A7%81-%EB%B0%98%EC%B0%A8%EB%8F%84_%EC%9D%98%EC%9E%A5%EB%AC%BC,미검토,미검토,목록만 확보,개별 파일 조건 미확인
물품,2020,벽봉기,벽봉기,벽봉기.glb,https://dh.aks.ac.kr/~hanyang/glb2/반차도/벽봉기.glb,https://dh.aks.ac.kr/hanyang2/wiki/index.php/2020_3D%EB%AA%A8%EB%8D%B8%EB%A7%81-%EB%B0%98%EC%B0%A8%EB%8F%84_%EC%9D%98%EC%9E%A5%EB%AC%BC,미검토,미검토,목록만 확보,개별 파일 조건 미확인
물품,2020,별운검,별운검,별운검.glb,https://dh.aks.ac.kr/~hanyang/glb2/반차도/별운검.glb,https://dh.aks.ac.kr/hanyang2/wiki/index.php/2020_3D%EB%AA%A8%EB%8D%B8%EB%A7%81-%EB%B0%98%EC%B0%A8%EB%8F%84_%EC%9D%98%EC%9E%A5%EB%AC%BC,미검토,미검토,목록만 확보,개별 파일 조건 미확인
물품,2020,병부주머니,병부주머니,병부주머니.glb,https://dh.aks.ac.kr/~hanyang/glb2/반차도/병부주머니.glb,https://dh.aks.ac.kr/hanyang2/wiki/index.php/2020_3D%EB%AA%A8%EB%8D%B8%EB%A7%81-%EB%B0%98%EC%B0%A8%EB%8F%84_%EC%9D%98%EC%9E%A5%EB%AC%BC,미검토,미검토,목록만 확보,개별 파일 조건 미확인
물품,2020,보통보자기,보통보자기,보통보자기.glb,https://dh.aks.ac.kr/~hanyang/glb2/반차도/보통보자기.glb,https://dh.aks.ac.kr/hanyang2/wiki/index.php/2020_3D%EB%AA%A8%EB%8D%B8%EB%A7%81-%EB%B0%98%EC%B0%A8%EB%8F%84_%EC%9D%98%EC%9E%A5%EB%AC%BC,미검토,미검토,목록만 확보,개별 파일 조건 미확인
물품,2020,봉선,봉선,봉선.glb,https://dh.aks.ac.kr/~hanyang/glb2/반차도/봉선.glb,https://dh.aks.ac.kr/hanyang2/wiki/index.php/2020_3D%EB%AA%A8%EB%8D%B8%EB%A7%81-%EB%B0%98%EC%B0%A8%EB%8F%84_%EC%9D%98%EC%9E%A5%EB%AC%BC,미검토,미검토,목록만 확보,개별 파일 조건 미확인
물품,2020,북고초기,북고초기,북고초기.glb,https://dh.aks.ac.kr/~hanyang/glb2/반차도/북고초기.glb,https://dh.aks.ac.kr/hanyang2/wiki/index.php/2020_3D%EB%AA%A8%EB%8D%B8%EB%A7%81-%EB%B0%98%EC%B0%A8%EB%8F%84_%EC%9D%98%EC%9E%A5%EB%AC%BC,미검토,미검토,목록만 확보,개별 파일 조건 미확인
물품,2020,삼각기,삼각기,삼각기.glb,https://dh.aks.ac.kr/~hanyang/glb2/반차도/삼각기.glb,https://dh.aks.ac.kr/hanyang2/wiki/index.php/2020_3D%EB%AA%A8%EB%8D%B8%EB%A7%81-%EB%B0%98%EC%B0%A8%EB%8F%84_%EC%9D%98%EC%9E%A5%EB%AC%BC,미검토,미검토,목록만 확보,개별 파일 조건 미확인
물품,2020,서고초기,서고초기,서고초기.glb,https://dh.aks.ac.kr/~hanyang/glb2/반차도/서고초기.glb,https://dh.aks.ac.kr/hanyang2/wiki/index.php/2020_3D%EB%AA%A8%EB%8D%B8%EB%A7%81-%EB%B0%98%EC%B0%A8%EB%8F%84_%EC%9D%98%EC%9E%A5%EB%AC%BC,미검토,미검토,목록만 확보,개별 파일 조건 미확인
물품,2020,수정장,수정장,수정장.glb,https://dh.aks.ac.kr/~hanyang/glb2/반차도/수정장.glb,https://dh.aks.ac.kr/hanyang2/wiki/index.php/2020_3D%EB%AA%A8%EB%8D%B8%EB%A7%81-%EB%B0%98%EC%B0%A8%EB%8F%84_%EC%9D%98%EC%9E%A5%EB%AC%BC,미검토,미검토,목록만 확보,개별 파일 조건 미확인
물품,2020,습-拾,습(拾),습.glb,https://dh.aks.ac.kr/~hanyang/glb2/반차도/습.glb,https://dh.aks.ac.kr/hanyang2/wiki/index.php/2020_3D%EB%AA%A8%EB%8D%B8%EB%A7%81-%EB%B0%98%EC%B0%A8%EB%8F%84_%EC%9D%98%EC%9E%A5%EB%AC%BC,미검토,미검토,목록만 확보,개별 파일 조건 미확인
물품,2020,금보시가,시가,시가.glb,https://dh.aks.ac.kr/~hanyang/glb2/반차도/시가.glb,https://dh.aks.ac.kr/hanyang2/wiki/index.php/2020_3D%EB%AA%A8%EB%8D%B8%EB%A7%81-%EB%B0%98%EC%B0%A8%EB%8F%84_%EC%9D%98%EC%9E%A5%EB%AC%BC,미검토,미검토,목록만 확보,개별 파일 조건 미확인
물품,2020,시복-주칠,시복(주칠),시복-주칠.glb,https://dh.aks.ac.kr/~hanyang/glb2/반차도/시복-주칠.glb,https://dh.aks.ac.kr/hanyang2/wiki/index.php/2020_3D%EB%AA%A8%EB%8D%B8%EB%A7%81-%EB%B0%98%EC%B0%A8%EB%8F%84_%EC%9D%98%EC%9E%A5%EB%AC%BC,미검토,미검토,목록만 확보,개별 파일 조건 미확인
물품,2020,시복-흑칠,시복(흑칠),시복-흑칠.glb,https://dh.aks.ac.kr/~hanyang/glb2/반차도/시복-흑칠.glb,https://dh.aks.ac.kr/hanyang2/wiki/index.php/2020_3D%EB%AA%A8%EB%8D%B8%EB%A7%81-%EB%B0%98%EC%B0%A8%EB%8F%84_%EC%9D%98%EC%9E%A5%EB%AC%BC,미검토,미검토,목록만 확보,개별 파일 조건 미확인
물품,2020,금보열쇠,열쇠,열쇠.glb,https://dh.aks.ac.kr/~hanyang/glb2/반차도/열쇠.glb,https://dh.aks.ac.kr/hanyang2/wiki/index.php/2020_3D%EB%AA%A8%EB%8D%B8%EB%A7%81-%EB%B0%98%EC%B0%A8%EB%8F%84_%EC%9D%98%EC%9E%A5%EB%AC%BC,미검토,미검토,목록만 확보,개별 파일 조건 미확인
물품,2020,영자기,영자기,영자기.glb,https://dh.aks.ac.kr/~hanyang/glb2/반차도/영자기.glb,https://dh.aks.ac.kr/hanyang2/wiki/index.php/2020_3D%EB%AA%A8%EB%8D%B8%EB%A7%81-%EB%B0%98%EC%B0%A8%EB%8F%84_%EC%9D%98%EC%9E%A5%EB%AC%BC,미검토,미검토,목록만 확보,개별 파일 조건 미확인
물품,2020,영전,영전,영전.glb,https://dh.aks.ac.kr/~hanyang/glb2/반차도/영전.glb,https://dh.aks.ac.kr/hanyang2/wiki/index.php/2020_3D%EB%AA%A8%EB%8D%B8%EB%A7%81-%EB%B0%98%EC%B0%A8%EB%8F%84_%EC%9D%98%EC%9E%A5%EB%AC%BC,미검토,미검토,목록만 확보,개별 파일 조건 미확인
물품,2020,옥교,옥교,옥교.glb,https://dh.aks.ac.kr/~hanyang/glb2/반차도/옥교.glb,https://dh.aks.ac.kr/hanyang2/wiki/index.php/2020_3D%EB%AA%A8%EB%8D%B8%EB%A7%81-%EB%B0%98%EC%B0%A8%EB%8F%84_%EC%9D%98%EC%9E%A5%EB%AC%BC,미검토,미검토,목록만 확보,개별 파일 조건 미확인
물품,2020,옥책갑,옥책갑,옥책갑.glb,https://dh.aks.ac.kr/~hanyang/glb2/반차도/옥책갑.glb,https://dh.aks.ac.kr/hanyang2/wiki/index.php/2020_3D%EB%AA%A8%EB%8D%B8%EB%A7%81-%EB%B0%98%EC%B0%A8%EB%8F%84_%EC%9D%98%EC%9E%A5%EB%AC%BC,미검토,미검토,목록만 확보,개별 파일 조건 미확인
물품,2020,옥책격유보,옥책격유보,옥책격유보.glb,https://dh.aks.ac.kr/~hanyang/glb2/반차도/옥책격유보.glb,https://dh.aks.ac.kr/hanyang2/wiki/index.php/2020_3D%EB%AA%A8%EB%8D%B8%EB%A7%81-%EB%B0%98%EC%B0%A8%EB%8F%84_%EC%9D%98%EC%9E%A5%EB%AC%BC,미검토,미검토,목록만 확보,개별 파일 조건 미확인
물품,2020,옥책내궤,옥책내궤,옥책내궤.glb,https://dh.aks.ac.kr/~hanyang/glb2/반차도/옥책내궤.glb,https://dh.aks.ac.kr/hanyang2/wiki/index.php/2020_3D%EB%AA%A8%EB%8D%B8%EB%A7%81-%EB%B0%98%EC%B0%A8%EB%8F%84_%EC%9D%98%EC%9E%A5%EB%AC%BC,미검토,미검토,목록만 확보,개별 파일 조건 미확인
물품,2020,옥책내궤보자기,옥책내궤보자기,옥책내궤보자기.glb,https://dh.aks.ac.kr/~hanyang/glb2/반차도/옥책내궤보자기.glb,https://dh.aks.ac.kr/hanyang2/wiki/index.php/2020_3D%EB%AA%A8%EB%8D%B8%EB%A7%81-%EB%B0%98%EC%B0%A8%EB%8F%84_%EC%9D%98%EC%9E%A5%EB%AC%BC,미검토,미검토,목록만 확보,개별 파일 조건 미확인
물품,2020,옥책보자기,옥책보자기,옥책보자기.glb,https://dh.aks.ac.kr/~hanyang/glb2/반차도/옥책보자기.glb,https://dh.aks.ac.kr/hanyang2/wiki/index.php/2020_3D%EB%AA%A8%EB%8D%B8%EB%A7%81-%EB%B0%98%EC%B0%A8%EB%8F%84_%EC%9D%98%EC%9E%A5%EB%AC%BC,미검토,미검토,목록만 확보,개별 파일 조건 미확인
물품,2020,옥책외궤,옥책외궤,옥책외궤.glb,https://dh.aks.ac.kr/~hanyang/glb2/반차도/옥책외궤.glb,https://dh.aks.ac.kr/hanyang2/wiki/index.php/2020_3D%EB%AA%A8%EB%8D%B8%EB%A7%81-%EB%B0%98%EC%B0%A8%EB%8F%84_%EC%9D%98%EC%9E%A5%EB%AC%BC,미검토,미검토,목록만 확보,개별 파일 조건 미확인
물품,2020,옥책외궤보자기,옥책외궤보자기,옥책외궤보자기.glb,https://dh.aks.ac.kr/~hanyang/glb2/반차도/옥책외궤보자기.glb,https://dh.aks.ac.kr/hanyang2/wiki/index.php/2020_3D%EB%AA%A8%EB%8D%B8%EB%A7%81-%EB%B0%98%EC%B0%A8%EB%8F%84_%EC%9D%98%EC%9E%A5%EB%AC%BC,미검토,미검토,목록만 확보,개별 파일 조건 미확인
물품,2020,용도창,용도창,용도창.glb,https://dh.aks.ac.kr/~hanyang/glb2/반차도/용도창.glb,https://dh.aks.ac.kr/hanyang2/wiki/index.php/2020_3D%EB%AA%A8%EB%8D%B8%EB%A7%81-%EB%B0%98%EC%B0%A8%EB%8F%84_%EC%9D%98%EC%9E%A5%EB%AC%BC,미검토,미검토,목록만 확보,개별 파일 조건 미확인
물품,2020,용마기,용마기,용마기.glb,https://dh.aks.ac.kr/~hanyang/glb2/반차도/용마기.glb,https://dh.aks.ac.kr/hanyang2/wiki/index.php/2020_3D%EB%AA%A8%EB%8D%B8%EB%A7%81-%EB%B0%98%EC%B0%A8%EB%8F%84_%EC%9D%98%EC%9E%A5%EB%AC%BC,미검토,미검토,목록만 확보,개별 파일 조건 미확인
물품,2020,용선,용선,용선.glb,https://dh.aks.ac.kr/~hanyang/glb2/반차도/용선.glb,https://dh.aks.ac.kr/hanyang2/wiki/index.php/2020_3D%EB%AA%A8%EB%8D%B8%EB%A7%81-%EB%B0%98%EC%B0%A8%EB%8F%84_%EC%9D%98%EC%9E%A5%EB%AC%BC,미검토,미검토,목록만 확보,개별 파일 조건 미확인
물품,2020,우문기,우문기,우문기.glb,https://dh.aks.ac.kr/~hanyang/glb2/반차도/우문기.glb,https://dh.aks.ac.kr/hanyang2/wiki/index.php/2020_3D%EB%AA%A8%EB%8D%B8%EB%A7%81-%EB%B0%98%EC%B0%A8%EB%8F%84_%EC%9D%98%EC%9E%A5%EB%AC%BC,미검토,미검토,목록만 확보,개별 파일 조건 미확인
물품,2020,우별장인기,우별장인기,우별장인기.glb,https://dh.aks.ac.kr/~hanyang/glb2/반차도/우별장인기.glb,https://dh.aks.ac.kr/hanyang2/wiki/index.php/2020_3D%EB%AA%A8%EB%8D%B8%EB%A7%81-%EB%B0%98%EC%B0%A8%EB%8F%84_%EC%9D%98%EC%9E%A5%EB%AC%BC,미검토,미검토,목록만 확보,개별 파일 조건 미확인
물품,2020,우우초관인기,우우초관인기,우우초관인기.glb,https://dh.aks.ac.kr/~hanyang/glb2/반차도/우우초관인기.glb,https://dh.aks.ac.kr/hanyang2/wiki/index.php/2020_3D%EB%AA%A8%EB%8D%B8%EB%A7%81-%EB%B0%98%EC%B0%A8%EB%8F%84_%EC%9D%98%EC%9E%A5%EB%AC%BC,미검토,미검토,목록만 확보,개별 파일 조건 미확인
물품,2020,우전초관인기,우전초관인기,우전초관인기.glb,https://dh.aks.ac.kr/~hanyang/glb2/반차도/우전초관인기.glb,https://dh.aks.ac.kr/hanyang2/wiki/index.php/2020_3D%EB%AA%A8%EB%8D%B8%EB%A7%81-%EB%B0%98%EC%B0%A8%EB%8F%84_%EC%9D%98%EC%9E%A5%EB%AC%BC,미검토,미검토,목록만 확보,개별 파일 조건 미확인
물품,2020,우좌초관인기,우좌초관인기,우좌초관인기.glb,https://dh.aks.ac.kr/~hanyang/glb2/반차도/우좌초관인기.glb,https://dh.aks.ac.kr/hanyang2/wiki/index.php/2020_3D%EB%AA%A8%EB%8D%B8%EB%A7%81-%EB%B0%98%EC%B0%A8%EB%8F%84_%EC%9D%98%EC%9E%A5%EB%AC%BC,미검토,미검토,목록만 확보,개별 파일 조건 미확인
물품,2020,운검,운검,운검.glb,https://dh.aks.ac.kr/~hanyang/glb2/반차도/운검.glb,https://dh.aks.ac.kr/hanyang2/wiki/index.php/2020_3D%EB%AA%A8%EB%8D%B8%EB%A7%81-%EB%B0%98%EC%B0%A8%EB%8F%84_%EC%9D%98%EC%9E%A5%EB%AC%BC,미검토,미검토,목록만 확보,개별 파일 조건 미확인
물품,2020,웅골타자,웅골타자,웅골타자.glb,https://dh.aks.ac.kr/~hanyang/glb2/반차도/웅골타자.glb,https://dh.aks.ac.kr/hanyang2/wiki/index.php/2020_3D%EB%AA%A8%EB%8D%B8%EB%A7%81-%EB%B0%98%EC%B0%A8%EB%8F%84_%EC%9D%98%EC%9E%A5%EB%AC%BC,미검토,미검토,목록만 확보,개별 파일 조건 미확인
물품,2020,언월도,월도,월도.glb,https://dh.aks.ac.kr/~hanyang/glb2/반차도/월도.glb,https://dh.aks.ac.kr/hanyang2/wiki/index.php/2020_3D%EB%AA%A8%EB%8D%B8%EB%A7%81-%EB%B0%98%EC%B0%A8%EB%8F%84_%EC%9D%98%EC%9E%A5%EB%AC%BC,미검토,미검토,목록만 확보,개별 파일 조건 미확인
물품,2020,은관자,은관자,은관자.glb,https://dh.aks.ac.kr/~hanyang/glb2/반차도/은관자.glb,https://dh.aks.ac.kr/hanyang2/wiki/index.php/2020_3D%EB%AA%A8%EB%8D%B8%EB%A7%81-%EB%B0%98%EC%B0%A8%EB%8F%84_%EC%9D%98%EC%9E%A5%EB%AC%BC,미검토,미검토,목록만 확보,개별 파일 조건 미확인
물품,2020,은등자,은등자,은등자.glb,https://dh.aks.ac.kr/~hanyang/glb2/반차도/은등자.glb,https://dh.aks.ac.kr/hanyang2/wiki/index.php/2020_3D%EB%AA%A8%EB%8D%B8%EB%A7%81-%EB%B0%98%EC%B0%A8%EB%8F%84_%EC%9D%98%EC%9E%A5%EB%AC%BC,미검토,미검토,목록만 확보,개별 파일 조건 미확인
물품,2020,은립과,은립과,은립과.glb,https://dh.aks.ac.kr/~hanyang/glb2/반차도/은립과.glb,https://dh.aks.ac.kr/hanyang2/wiki/index.php/2020_3D%EB%AA%A8%EB%8D%B8%EB%A7%81-%EB%B0%98%EC%B0%A8%EB%8F%84_%EC%9D%98%EC%9E%A5%EB%AC%BC,미검토,미검토,목록만 확보,개별 파일 조건 미확인
물품,2020,은우자,은우자,은우자.glb,https://dh.aks.ac.kr/~hanyang/glb2/반차도/은우자.glb,https://dh.aks.ac.kr/hanyang2/wiki/index.php/2020_3D%EB%AA%A8%EB%8D%B8%EB%A7%81-%EB%B0%98%EC%B0%A8%EB%8F%84_%EC%9D%98%EC%9E%A5%EB%AC%BC,미검토,미검토,목록만 확보,개별 파일 조건 미확인
물품,2020,은월부,은월부,은월부.glb,https://dh.aks.ac.kr/~hanyang/glb2/반차도/은월부.glb,https://dh.aks.ac.kr/hanyang2/wiki/index.php/2020_3D%EB%AA%A8%EB%8D%B8%EB%A7%81-%EB%B0%98%EC%B0%A8%EB%8F%84_%EC%9D%98%EC%9E%A5%EB%AC%BC,미검토,미검토,목록만 확보,개별 파일 조건 미확인
물품,2020,은작자,은작자,은작자.glb,https://dh.aks.ac.kr/~hanyang/glb2/반차도/은작자.glb,https://dh.aks.ac.kr/hanyang2/wiki/index.php/2020_3D%EB%AA%A8%EB%8D%B8%EB%A7%81-%EB%B0%98%EC%B0%A8%EB%8F%84_%EC%9D%98%EC%9E%A5%EB%AC%BC,미검토,미검토,목록만 확보,개별 파일 조건 미확인
물품,2020,은장도,은장도,은장도.glb,https://dh.aks.ac.kr/~hanyang/glb2/반차도/은장도.glb,https://dh.aks.ac.kr/hanyang2/wiki/index.php/2020_3D%EB%AA%A8%EB%8D%B8%EB%A7%81-%EB%B0%98%EC%B0%A8%EB%8F%84_%EC%9D%98%EC%9E%A5%EB%AC%BC,미검토,미검토,목록만 확보,개별 파일 조건 미확인
물품,2020,은횡과,은횡과,은횡과.glb,https://dh.aks.ac.kr/~hanyang/glb2/반차도/은횡과.glb,https://dh.aks.ac.kr/hanyang2/wiki/index.php/2020_3D%EB%AA%A8%EB%8D%B8%EB%A7%81-%EB%B0%98%EC%B0%A8%EB%8F%84_%EC%9D%98%EC%9E%A5%EB%AC%BC,미검토,미검토,목록만 확보,개별 파일 조건 미확인
물품,2020,의향,의향,의향.glb,https://dh.aks.ac.kr/~hanyang/glb2/반차도/의향.glb,https://dh.aks.ac.kr/hanyang2/wiki/index.php/2020_3D%EB%AA%A8%EB%8D%B8%EB%A7%81-%EB%B0%98%EC%B0%A8%EB%8F%84_%EC%9D%98%EC%9E%A5%EB%AC%BC,미검토,미검토,목록만 확보,개별 파일 조건 미확인
물품,2020,금보자물쇠,자물쇠,자물쇠.glb,https://dh.aks.ac.kr/~hanyang/glb2/반차도/자물쇠.glb,https://dh.aks.ac.kr/hanyang2/wiki/index.php/2020_3D%EB%AA%A8%EB%8D%B8%EB%A7%81-%EB%B0%98%EC%B0%A8%EB%8F%84_%EC%9D%98%EC%9E%A5%EB%AC%BC,미검토,미검토,목록만 확보,개별 파일 조건 미확인
물품,2020,작선,작선,작선.glb,https://dh.aks.ac.kr/~hanyang/glb2/반차도/작선.glb,https://dh.aks.ac.kr/hanyang2/wiki/index.php/2020_3D%EB%AA%A8%EB%8D%B8%EB%A7%81-%EB%B0%98%EC%B0%A8%EB%8F%84_%EC%9D%98%EC%9E%A5%EB%AC%BC,미검토,미검토,목록만 확보,개별 파일 조건 미확인
물품,2020,전초관인기,전초관인기,전초관인기.glb,https://dh.aks.ac.kr/~hanyang/glb2/반차도/전초관인기.glb,https://dh.aks.ac.kr/hanyang2/wiki/index.php/2020_3D%EB%AA%A8%EB%8D%B8%EB%A7%81-%EB%B0%98%EC%B0%A8%EB%8F%84_%EC%9D%98%EC%9E%A5%EB%AC%BC,미검토,미검토,목록만 확보,개별 파일 조건 미확인
물품,2020,정묘기,정묘기,정묘기.glb,https://dh.aks.ac.kr/~hanyang/glb2/반차도/정묘기.glb,https://dh.aks.ac.kr/hanyang2/wiki/index.php/2020_3D%EB%AA%A8%EB%8D%B8%EB%A7%81-%EB%B0%98%EC%B0%A8%EB%8F%84_%EC%9D%98%EC%9E%A5%EB%AC%BC,미검토,미검토,목록만 확보,개별 파일 조건 미확인
물품,2020,정미기,정미기,정미기.glb,https://dh.aks.ac.kr/~hanyang/glb2/반차도/정미기.glb,https://dh.aks.ac.kr/hanyang2/wiki/index.php/2020_3D%EB%AA%A8%EB%8D%B8%EB%A7%81-%EB%B0%98%EC%B0%A8%EB%8F%84_%EC%9D%98%EC%9E%A5%EB%AC%BC,미검토,미검토,목록만 확보,개별 파일 조건 미확인
물품,2020,정사기,정사기,정사기.glb,https://dh.aks.ac.kr/~hanyang/glb2/반차도/정사기.glb,https://dh.aks.ac.kr/hanyang2/wiki/index.php/2020_3D%EB%AA%A8%EB%8D%B8%EB%A7%81-%EB%B0%98%EC%B0%A8%EB%8F%84_%EC%9D%98%EC%9E%A5%EB%AC%BC,미검토,미검토,목록만 확보,개별 파일 조건 미확인
물품,2020,정유기,정유기,정유기.glb,https://dh.aks.ac.kr/~hanyang/glb2/반차도/정유기.glb,https://dh.aks.ac.kr/hanyang2/wiki/index.php/2020_3D%EB%AA%A8%EB%8D%B8%EB%A7%81-%EB%B0%98%EC%B0%A8%EB%8F%84_%EC%9D%98%EC%9E%A5%EB%AC%BC,미검토,미검토,목록만 확보,개별 파일 조건 미확인
물품,2020,정축기,정축기,정축기.glb,https://dh.aks.ac.kr/~hanyang/glb2/반차도/정축기.glb,https://dh.aks.ac.kr/hanyang2/wiki/index.php/2020_3D%EB%AA%A8%EB%8D%B8%EB%A7%81-%EB%B0%98%EC%B0%A8%EB%8F%84_%EC%9D%98%EC%9E%A5%EB%AC%BC,미검토,미검토,목록만 확보,개별 파일 조건 미확인
물품,2020,정해기,정해기,정해기.glb,https://dh.aks.ac.kr/~hanyang/glb2/반차도/정해기.glb,https://dh.aks.ac.kr/hanyang2/wiki/index.php/2020_3D%EB%AA%A8%EB%8D%B8%EB%A7%81-%EB%B0%98%EC%B0%A8%EB%8F%84_%EC%9D%98%EC%9E%A5%EB%AC%BC,미검토,미검토,목록만 확보,개별 파일 조건 미확인
물품,2020,좌문기,좌문기,좌문기.glb,https://dh.aks.ac.kr/~hanyang/glb2/반차도/좌문기.glb,https://dh.aks.ac.kr/hanyang2/wiki/index.php/2020_3D%EB%AA%A8%EB%8D%B8%EB%A7%81-%EB%B0%98%EC%B0%A8%EB%8F%84_%EC%9D%98%EC%9E%A5%EB%AC%BC,미검토,미검토,목록만 확보,개별 파일 조건 미확인
물품,2020,좌별장인기,좌별장인기,좌별장인기.glb,https://dh.aks.ac.kr/~hanyang/glb2/반차도/좌별장인기.glb,https://dh.aks.ac.kr/hanyang2/wiki/index.php/2020_3D%EB%AA%A8%EB%8D%B8%EB%A7%81-%EB%B0%98%EC%B0%A8%EB%8F%84_%EC%9D%98%EC%9E%A5%EB%AC%BC,미검토,미검토,목록만 확보,개별 파일 조건 미확인
물품,2020,좌우초관인기,좌우초관인기,좌우초관인기.glb,https://dh.aks.ac.kr/~hanyang/glb2/반차도/좌우초관인기.glb,https://dh.aks.ac.kr/hanyang2/wiki/index.php/2020_3D%EB%AA%A8%EB%8D%B8%EB%A7%81-%EB%B0%98%EC%B0%A8%EB%8F%84_%EC%9D%98%EC%9E%A5%EB%AC%BC,미검토,미검토,목록만 확보,개별 파일 조건 미확인
물품,2020,좌좌초관인기,좌좌초관인기,좌좌초관인기.glb,https://dh.aks.ac.kr/~hanyang/glb2/반차도/좌좌초관인기.glb,https://dh.aks.ac.kr/hanyang2/wiki/index.php/2020_3D%EB%AA%A8%EB%8D%B8%EB%A7%81-%EB%B0%98%EC%B0%A8%EB%8F%84_%EC%9D%98%EC%9E%A5%EB%AC%BC,미검토,미검토,목록만 확보,개별 파일 조건 미확인
물품,2020,주렴-낙영2줄,주렴(낙영2줄),주렴-낙영2줄.glb,https://dh.aks.ac.kr/~hanyang/glb2/반차도/주렴-낙영2줄.glb,https://dh.aks.ac.kr/hanyang2/wiki/index.php/2020_3D%EB%AA%A8%EB%8D%B8%EB%A7%81-%EB%B0%98%EC%B0%A8%EB%8F%84_%EC%9D%98%EC%9E%A5%EB%AC%BC,미검토,미검토,목록만 확보,개별 파일 조건 미확인
물품,2020,주렴-낙영3줄,주렴(낙영3줄),주렴-낙영3줄.glb,https://dh.aks.ac.kr/~hanyang/glb2/반차도/주렴-낙영3줄.glb,https://dh.aks.ac.kr/hanyang2/wiki/index.php/2020_3D%EB%AA%A8%EB%8D%B8%EB%A7%81-%EB%B0%98%EC%B0%A8%EB%8F%84_%EC%9D%98%EC%9E%A5%EB%AC%BC,미검토,미검토,목록만 확보,개별 파일 조건 미확인
물품,2020,주작기,주작기,주작기.glb,https://dh.aks.ac.kr/~hanyang/glb2/반차도/주작기.glb,https://dh.aks.ac.kr/hanyang2/wiki/index.php/2020_3D%EB%AA%A8%EB%8D%B8%EB%A7%81-%EB%B0%98%EC%B0%A8%EB%8F%84_%EC%9D%98%EC%9E%A5%EB%AC%BC,미검토,미검토,목록만 확보,개별 파일 조건 미확인
물품,2020,주작당,주작당,주작당.glb,https://dh.aks.ac.kr/~hanyang/glb2/반차도/주작당.glb,https://dh.aks.ac.kr/hanyang2/wiki/index.php/2020_3D%EB%AA%A8%EB%8D%B8%EB%A7%81-%EB%B0%98%EC%B0%A8%EB%8F%84_%EC%9D%98%EC%9E%A5%EB%AC%BC,미검토,미검토,목록만 확보,개별 파일 조건 미확인
물품,2020,주장,주장,주장.glb,https://dh.aks.ac.kr/~hanyang/glb2/반차도/주장.glb,https://dh.aks.ac.kr/hanyang2/wiki/index.php/2020_3D%EB%AA%A8%EB%8D%B8%EB%A7%81-%EB%B0%98%EC%B0%A8%EB%8F%84_%EC%9D%98%EC%9E%A5%EB%AC%BC,미검토,미검토,목록만 확보,개별 파일 조건 미확인
물품,2020,중고초기,중고초기,중고초기.glb,https://dh.aks.ac.kr/~hanyang/glb2/반차도/중고초기.glb,https://dh.aks.ac.kr/hanyang2/wiki/index.php/2020_3D%EB%AA%A8%EB%8D%B8%EB%A7%81-%EB%B0%98%EC%B0%A8%EB%8F%84_%EC%9D%98%EC%9E%A5%EB%AC%BC,미검토,미검토,목록만 확보,개별 파일 조건 미확인
물품,2020,중군수기,중군수기,중군수기.glb,https://dh.aks.ac.kr/~hanyang/glb2/반차도/중군수기.glb,https://dh.aks.ac.kr/hanyang2/wiki/index.php/2020_3D%EB%AA%A8%EB%8D%B8%EB%A7%81-%EB%B0%98%EC%B0%A8%EB%8F%84_%EC%9D%98%EC%9E%A5%EB%AC%BC,미검토,미검토,목록만 확보,개별 파일 조건 미확인
물품,2020,지우산,지우산,지우산.glb,https://dh.aks.ac.kr/~hanyang/glb2/반차도/지우산.glb,https://dh.aks.ac.kr/hanyang2/wiki/index.php/2020_3D%EB%AA%A8%EB%8D%B8%EB%A7%81-%EB%B0%98%EC%B0%A8%EB%8F%84_%EC%9D%98%EC%9E%A5%EB%AC%BC,미검토,미검토,목록만 확보,개별 파일 조건 미확인
물품,2020,천총인기,천총인기,천총인기.glb,https://dh.aks.ac.kr/~hanyang/glb2/반차도/천총인기.glb,https://dh.aks.ac.kr/hanyang2/wiki/index.php/2020_3D%EB%AA%A8%EB%8D%B8%EB%A7%81-%EB%B0%98%EC%B0%A8%EB%8F%84_%EC%9D%98%EC%9E%A5%EB%AC%BC,미검토,미검토,목록만 확보,개별 파일 조건 미확인
물품,2020,청개,청개,청개.glb,https://dh.aks.ac.kr/~hanyang/glb2/반차도/청개.glb,https://dh.aks.ac.kr/hanyang2/wiki/index.php/2020_3D%EB%AA%A8%EB%8D%B8%EB%A7%81-%EB%B0%98%EC%B0%A8%EB%8F%84_%EC%9D%98%EC%9E%A5%EB%AC%BC,미검토,미검토,목록만 확보,개별 파일 조건 미확인
물품,2020,청룡기,청룡기,청룡기.glb,https://dh.aks.ac.kr/~hanyang/glb2/반차도/청룡기.glb,https://dh.aks.ac.kr/hanyang2/wiki/index.php/2020_3D%EB%AA%A8%EB%8D%B8%EB%A7%81-%EB%B0%98%EC%B0%A8%EB%8F%84_%EC%9D%98%EC%9E%A5%EB%AC%BC,미검토,미검토,목록만 확보,개별 파일 조건 미확인
물품,2020,청룡당,청룡당,청룡당.glb,https://dh.aks.ac.kr/~hanyang/glb2/반차도/청룡당.glb,https://dh.aks.ac.kr/hanyang2/wiki/index.php/2020_3D%EB%AA%A8%EB%8D%B8%EB%A7%81-%EB%B0%98%EC%B0%A8%EB%8F%84_%EC%9D%98%EC%9E%A5%EB%AC%BC,미검토,미검토,목록만 확보,개별 파일 조건 미확인
물품,2020,청선,청선,청선.glb,https://dh.aks.ac.kr/~hanyang/glb2/반차도/청선.glb,https://dh.aks.ac.kr/hanyang2/wiki/index.php/2020_3D%EB%AA%A8%EB%8D%B8%EB%A7%81-%EB%B0%98%EC%B0%A8%EB%8F%84_%EC%9D%98%EC%9E%A5%EB%AC%BC,미검토,미검토,목록만 확보,개별 파일 조건 미확인
물품,2020,초롱,초롱,초롱.glb,https://dh.aks.ac.kr/~hanyang/glb2/반차도/초롱.glb,https://dh.aks.ac.kr/hanyang2/wiki/index.php/2020_3D%EB%AA%A8%EB%8D%B8%EB%A7%81-%EB%B0%98%EC%B0%A8%EB%8F%84_%EC%9D%98%EC%9E%A5%EB%AC%BC,미검토,미검토,목록만 확보,개별 파일 조건 미확인
물품,2020,통아-주칠,통아(주칠),통아-주칠.glb,https://dh.aks.ac.kr/~hanyang/glb2/반차도/통아-주칠.glb,https://dh.aks.ac.kr/hanyang2/wiki/index.php/2020_3D%EB%AA%A8%EB%8D%B8%EB%A7%81-%EB%B0%98%EC%B0%A8%EB%8F%84_%EC%9D%98%EC%9E%A5%EB%AC%BC,미검토,미검토,목록만 확보,개별 파일 조건 미확인
물품,2020,통아-흑칠,통아(흑칠),통아-흑칠.glb,https://dh.aks.ac.kr/~hanyang/glb2/반차도/통아-흑칠.glb,https://dh.aks.ac.kr/hanyang2/wiki/index.php/2020_3D%EB%AA%A8%EB%8D%B8%EB%A7%81-%EB%B0%98%EC%B0%A8%EB%8F%84_%EC%9D%98%EC%9E%A5%EB%AC%BC,미검토,미검토,목록만 확보,개별 파일 조건 미확인
물품,2020,파총인기,파총인기,파총인기.glb,https://dh.aks.ac.kr/~hanyang/glb2/반차도/파총인기.glb,https://dh.aks.ac.kr/hanyang2/wiki/index.php/2020_3D%EB%AA%A8%EB%8D%B8%EB%A7%81-%EB%B0%98%EC%B0%A8%EB%8F%84_%EC%9D%98%EC%9E%A5%EB%AC%BC,미검토,미검토,목록만 확보,개별 파일 조건 미확인
물품,2020,파총초관수기,파총초관수기,파총초관수기.glb,https://dh.aks.ac.kr/~hanyang/glb2/반차도/파총초관수기.glb,https://dh.aks.ac.kr/hanyang2/wiki/index.php/2020_3D%EB%AA%A8%EB%8D%B8%EB%A7%81-%EB%B0%98%EC%B0%A8%EB%8F%84_%EC%9D%98%EC%9E%A5%EB%AC%BC,미검토,미검토,목록만 확보,개별 파일 조건 미확인
물품,2020,표골타자,표골타자,표골타자.glb,https://dh.aks.ac.kr/~hanyang/glb2/반차도/표골타자.glb,https://dh.aks.ac.kr/hanyang2/wiki/index.php/2020_3D%EB%AA%A8%EB%8D%B8%EB%A7%81-%EB%B0%98%EC%B0%A8%EB%8F%84_%EC%9D%98%EC%9E%A5%EB%AC%BC,미검토,미검토,목록만 확보,개별 파일 조건 미확인
물품,2020,표기,표기,표기.glb,https://dh.aks.ac.kr/~hanyang/glb2/반차도/표기.glb,https://dh.aks.ac.kr/hanyang2/wiki/index.php/2020_3D%EB%AA%A8%EB%8D%B8%EB%A7%81-%EB%B0%98%EC%B0%A8%EB%8F%84_%EC%9D%98%EC%9E%A5%EB%AC%BC,미검토,미검토,목록만 확보,개별 파일 조건 미확인
물품,2020,필-畢,필(畢),필.glb,https://dh.aks.ac.kr/~hanyang/glb2/반차도/필.glb,https://dh.aks.ac.kr/hanyang2/wiki/index.php/2020_3D%EB%AA%A8%EB%8D%B8%EB%A7%81-%EB%B0%98%EC%B0%A8%EB%8F%84_%EC%9D%98%EC%9E%A5%EB%AC%BC,미검토,미검토,목록만 확보,개별 파일 조건 미확인
물품,2020,한-罕,한(罕),한.glb,https://dh.aks.ac.kr/~hanyang/glb2/반차도/한.glb,https://dh.aks.ac.kr/hanyang2/wiki/index.php/2020_3D%EB%AA%A8%EB%8D%B8%EB%A7%81-%EB%B0%98%EC%B0%A8%EB%8F%84_%EC%9D%98%EC%9E%A5%EB%AC%BC,미검토,미검토,목록만 확보,개별 파일 조건 미확인
물품,2020,현무기,현무기,현무기.glb,https://dh.aks.ac.kr/~hanyang/glb2/반차도/현무기.glb,https://dh.aks.ac.kr/hanyang2/wiki/index.php/2020_3D%EB%AA%A8%EB%8D%B8%EB%A7%81-%EB%B0%98%EC%B0%A8%EB%8F%84_%EC%9D%98%EC%9E%A5%EB%AC%BC,미검토,미검토,목록만 확보,개별 파일 조건 미확인
물품,2020,현무당,현무당,현무당.glb,https://dh.aks.ac.kr/~hanyang/glb2/반차도/현무당.glb,https://dh.aks.ac.kr/hanyang2/wiki/index.php/2020_3D%EB%AA%A8%EB%8D%B8%EB%A7%81-%EB%B0%98%EC%B0%A8%EB%8F%84_%EC%9D%98%EC%9E%A5%EB%AC%BC,미검토,미검토,목록만 확보,개별 파일 조건 미확인
물품,2020,현학기,현학기,현학기.glb,https://dh.aks.ac.kr/~hanyang/glb2/반차도/현학기.glb,https://dh.aks.ac.kr/hanyang2/wiki/index.php/2020_3D%EB%AA%A8%EB%8D%B8%EB%A7%81-%EB%B0%98%EC%B0%A8%EB%8F%84_%EC%9D%98%EC%9E%A5%EB%AC%BC,미검토,미검토,목록만 확보,개별 파일 조건 미확인
물품,2020,호패-남색,호패-남색,호패-남색.glb,https://dh.aks.ac.kr/~hanyang/glb2/반차도/호패-남색.glb,https://dh.aks.ac.kr/hanyang2/wiki/index.php/2020_3D%EB%AA%A8%EB%8D%B8%EB%A7%81-%EB%B0%98%EC%B0%A8%EB%8F%84_%EC%9D%98%EC%9E%A5%EB%AC%BC,미검토,미검토,목록만 확보,개별 파일 조건 미확인
물품,2020,호패-자색,호패-자색,호패-자색.glb,https://dh.aks.ac.kr/~hanyang/glb2/반차도/호패-자색.glb,https://dh.aks.ac.kr/hanyang2/wiki/index.php/2020_3D%EB%AA%A8%EB%8D%B8%EB%A7%81-%EB%B0%98%EC%B0%A8%EB%8F%84_%EC%9D%98%EC%9E%A5%EB%AC%BC,미검토,미검토,목록만 확보,개별 파일 조건 미확인
물품,2020,홍개,홍개,홍개.glb,https://dh.aks.ac.kr/~hanyang/glb2/반차도/홍개.glb,https://dh.aks.ac.kr/hanyang2/wiki/index.php/2020_3D%EB%AA%A8%EB%8D%B8%EB%A7%81-%EB%B0%98%EC%B0%A8%EB%8F%84_%EC%9D%98%EC%9E%A5%EB%AC%BC,미검토,미검토,목록만 확보,개별 파일 조건 미확인
물품,2020,홍문대기,홍문대기,홍문대기.glb,https://dh.aks.ac.kr/~hanyang/glb2/반차도/홍문대기.glb,https://dh.aks.ac.kr/hanyang2/wiki/index.php/2020_3D%EB%AA%A8%EB%8D%B8%EB%A7%81-%EB%B0%98%EC%B0%A8%EB%8F%84_%EC%9D%98%EC%9E%A5%EB%AC%BC,미검토,미검토,목록만 확보,개별 파일 조건 미확인
물품,2020,홍신기,홍신기,홍신기.glb,https://dh.aks.ac.kr/~hanyang/glb2/반차도/홍신기.glb,https://dh.aks.ac.kr/hanyang2/wiki/index.php/2020_3D%EB%AA%A8%EB%8D%B8%EB%A7%81-%EB%B0%98%EC%B0%A8%EB%8F%84_%EC%9D%98%EC%9E%A5%EB%AC%BC,미검토,미검토,목록만 확보,개별 파일 조건 미확인
물품,2020,홍양산,홍양산,홍양산.glb,https://dh.aks.ac.kr/~hanyang/glb2/반차도/홍양산.glb,https://dh.aks.ac.kr/hanyang2/wiki/index.php/2020_3D%EB%AA%A8%EB%8D%B8%EB%A7%81-%EB%B0%98%EC%B0%A8%EB%8F%84_%EC%9D%98%EC%9E%A5%EB%AC%BC,미검토,미검토,목록만 확보,개별 파일 조건 미확인
물품,2020,화승총,화승총,화승총.glb,https://dh.aks.ac.kr/~hanyang/glb2/반차도/화승총.glb,https://dh.aks.ac.kr/hanyang2/wiki/index.php/2020_3D%EB%AA%A8%EB%8D%B8%EB%A7%81-%EB%B0%98%EC%B0%A8%EB%8F%84_%EC%9D%98%EC%9E%A5%EB%AC%BC,미검토,미검토,목록만 확보,개별 파일 조건 미확인
물품,2020,환도,환도,환도.glb,https://dh.aks.ac.kr/~hanyang/glb2/반차도/환도.glb,https://dh.aks.ac.kr/hanyang2/wiki/index.php/2020_3D%EB%AA%A8%EB%8D%B8%EB%A7%81-%EB%B0%98%EC%B0%A8%EB%8F%84_%EC%9D%98%EC%9E%A5%EB%AC%BC,미검토,미검토,목록만 확보,개별 파일 조건 미확인
물품,2020,황룡기,황룡기,황룡기.glb,https://dh.aks.ac.kr/~hanyang/glb2/반차도/황룡기.glb,https://dh.aks.ac.kr/hanyang2/wiki/index.php/2020_3D%EB%AA%A8%EB%8D%B8%EB%A7%81-%EB%B0%98%EC%B0%A8%EB%8F%84_%EC%9D%98%EC%9E%A5%EB%AC%BC,미검토,미검토,목록만 확보,개별 파일 조건 미확인
물품,2020,황신기,황신기,황신기.glb,https://dh.aks.ac.kr/~hanyang/glb2/반차도/황신기.glb,https://dh.aks.ac.kr/hanyang2/wiki/index.php/2020_3D%EB%AA%A8%EB%8D%B8%EB%A7%81-%EB%B0%98%EC%B0%A8%EB%8F%84_%EC%9D%98%EC%9E%A5%EB%AC%BC,미검토,미검토,목록만 확보,개별 파일 조건 미확인
물품,2020,후우초관인기,후우초관인기,후우초관인기.glb,https://dh.aks.ac.kr/~hanyang/glb2/반차도/후우초관인기.glb,https://dh.aks.ac.kr/hanyang2/wiki/index.php/2020_3D%EB%AA%A8%EB%8D%B8%EB%A7%81-%EB%B0%98%EC%B0%A8%EB%8F%84_%EC%9D%98%EC%9E%A5%EB%AC%BC,미검토,미검토,목록만 확보,개별 파일 조건 미확인
물품,2020,후전대기,후전대기,후전대기.glb,https://dh.aks.ac.kr/~hanyang/glb2/반차도/후전대기.glb,https://dh.aks.ac.kr/hanyang2/wiki/index.php/2020_3D%EB%AA%A8%EB%8D%B8%EB%A7%81-%EB%B0%98%EC%B0%A8%EB%8F%84_%EC%9D%98%EC%9E%A5%EB%AC%BC,미검토,미검토,목록만 확보,개별 파일 조건 미확인
물품,2020,후좌초관인기,후좌초관인기,후좌초관인기.glb,https://dh.aks.ac.kr/~hanyang/glb2/반차도/후좌초관인기.glb,https://dh.aks.ac.kr/hanyang2/wiki/index.php/2020_3D%EB%AA%A8%EB%8D%B8%EB%A7%81-%EB%B0%98%EC%B0%A8%EB%8F%84_%EC%9D%98%EC%9E%A5%EB%AC%BC,미검토,미검토,목록만 확보,개별 파일 조건 미확인
물품,2020,후초관인기,후초관인기,후초관인기.glb,https://dh.aks.ac.kr/~hanyang/glb2/반차도/후초관인기.glb,https://dh.aks.ac.kr/hanyang2/wiki/index.php/2020_3D%EB%AA%A8%EB%8D%B8%EB%A7%81-%EB%B0%98%EC%B0%A8%EB%8F%84_%EC%9D%98%EC%9E%A5%EB%AC%BC,미검토,미검토,목록만 확보,개별 파일 조건 미확인
물품,2020,궁-弓,궁(弓),활.glb,https://dh.aks.ac.kr/~hanyang/glb2/반차도/활.glb,https://dh.aks.ac.kr/hanyang2/wiki/index.php/2020_3D%EB%AA%A8%EB%8D%B8%EB%A7%81-%EB%B0%98%EC%B0%A8%EB%8F%84_%EC%9D%98%EC%9E%A5%EB%AC%BC,미검토,미검토,목록만 확보,개별 파일 조건 미확인
물품,2020,간-干,간(干),간.glb,https://dh.aks.ac.kr/~hanyang/glb2/무구/간.glb,"https://dh.aks.ac.kr/hanyang2/wiki/index.php/2020_3D%EB%AA%A8%EB%8D%B8%EB%A7%81-%EC%95%85%EA%B8%B0,%EB%AC%B4%EC%9A%A9%EB%8F%84%EA%B5%AC",미검토,미검토,목록만 확보,개별 파일 조건 미확인
물품,2020,둑-纛-아악,둑(무구),둑(무구).glb,https://dh.aks.ac.kr/~hanyang/glb2/무구/둑(무구).glb,"https://dh.aks.ac.kr/hanyang2/wiki/index.php/2020_3D%EB%AA%A8%EB%8D%B8%EB%A7%81-%EC%95%85%EA%B8%B0,%EB%AC%B4%EC%9A%A9%EB%8F%84%EA%B5%AC",미검토,미검토,목록만 확보,개별 파일 조건 미확인
물품,2020,적-翟,적(翟),적(무구).glb,https://dh.aks.ac.kr/~hanyang/glb2/무구/적(무구).glb,"https://dh.aks.ac.kr/hanyang2/wiki/index.php/2020_3D%EB%AA%A8%EB%8D%B8%EB%A7%81-%EC%95%85%EA%B8%B0,%EB%AC%B4%EC%9A%A9%EB%8F%84%EA%B5%AC",미검토,미검토,목록만 확보,개별 파일 조건 미확인
물품,2020,척-戚,척(戚),척.glb,https://dh.aks.ac.kr/~hanyang/glb2/무구/척.glb,"https://dh.aks.ac.kr/hanyang2/wiki/index.php/2020_3D%EB%AA%A8%EB%8D%B8%EB%A7%81-%EC%95%85%EA%B8%B0,%EB%AC%B4%EC%9A%A9%EB%8F%84%EA%B5%AC",미검토,미검토,목록만 확보,개별 파일 조건 미확인
물품,2020,휘-麾,휘(麾),휘.glb,https://dh.aks.ac.kr/~hanyang/glb2/무구/휘.glb,"https://dh.aks.ac.kr/hanyang2/wiki/index.php/2020_3D%EB%AA%A8%EB%8D%B8%EB%A7%81-%EC%95%85%EA%B8%B0,%EB%AC%B4%EC%9A%A9%EB%8F%84%EA%B5%AC",미검토,미검토,목록만 확보,개별 파일 조건 미확인
물품,2020,금척,금척,금척.glb,https://dh.aks.ac.kr/~hanyang/glb2/무용도구/금척.glb,"https://dh.aks.ac.kr/hanyang2/wiki/index.php/2020_3D%EB%AA%A8%EB%8D%B8%EB%A7%81-%EC%95%85%EA%B8%B0,%EB%AC%B4%EC%9A%A9%EB%8F%84%EA%B5%AC",미검토,미검토,목록만 확보,개별 파일 조건 미확인
물품,2020,무고-舞鼓,무고,무고.glb,https://dh.aks.ac.kr/~hanyang/glb2/무용도구/무고.glb,"https://dh.aks.ac.kr/hanyang2/wiki/index.php/2020_3D%EB%AA%A8%EB%8D%B8%EB%A7%81-%EC%95%85%EA%B8%B0,%EB%AC%B4%EC%9A%A9%EB%8F%84%EA%B5%AC",미검토,미검토,목록만 확보,개별 파일 조건 미확인
물품,2020,선도반,선도반,선도반.glb,https://dh.aks.ac.kr/~hanyang/glb2/무용도구/선도반.glb,"https://dh.aks.ac.kr/hanyang2/wiki/index.php/2020_3D%EB%AA%A8%EB%8D%B8%EB%A7%81-%EC%95%85%EA%B8%B0,%EB%AC%B4%EC%9A%A9%EB%8F%84%EA%B5%AC",미검토,미검토,목록만 확보,개별 파일 조건 미확인
물품,2020,선도반탁,선도반탁,선도반탁.glb,https://dh.aks.ac.kr/~hanyang/glb2/무용도구/선도반탁.glb,"https://dh.aks.ac.kr/hanyang2/wiki/index.php/2020_3D%EB%AA%A8%EB%8D%B8%EB%A7%81-%EC%95%85%EA%B8%B0,%EB%AC%B4%EC%9A%A9%EB%8F%84%EA%B5%AC",미검토,미검토,목록만 확보,개별 파일 조건 미확인
물품,2020,아박,아박,아박.glb,https://dh.aks.ac.kr/~hanyang/glb2/무용도구/아박.glb,"https://dh.aks.ac.kr/hanyang2/wiki/index.php/2020_3D%EB%AA%A8%EB%8D%B8%EB%A7%81-%EC%95%85%EA%B8%B0,%EB%AC%B4%EC%9A%A9%EB%8F%84%EA%B5%AC",미검토,미검토,목록만 확보,개별 파일 조건 미확인
물품,2020,용알,용알,용알.glb,https://dh.aks.ac.kr/~hanyang/glb2/무용도구/용알.glb,"https://dh.aks.ac.kr/hanyang2/wiki/index.php/2020_3D%EB%AA%A8%EB%8D%B8%EB%A7%81-%EC%95%85%EA%B8%B0,%EB%AC%B4%EC%9A%A9%EB%8F%84%EA%B5%AC",미검토,미검토,목록만 확보,개별 파일 조건 미확인
물품,2020,포구문,포구문,포구문.glb,https://dh.aks.ac.kr/~hanyang/glb2/무용도구/포구문.glb,"https://dh.aks.ac.kr/hanyang2/wiki/index.php/2020_3D%EB%AA%A8%EB%8D%B8%EB%A7%81-%EC%95%85%EA%B8%B0,%EB%AC%B4%EC%9A%A9%EB%8F%84%EA%B5%AC",미검토,미검토,목록만 확보,개별 파일 조건 미확인
물품,2020,향발,향발,향발.glb,https://dh.aks.ac.kr/~hanyang/glb2/무용도구/향발.glb,"https://dh.aks.ac.kr/hanyang2/wiki/index.php/2020_3D%EB%AA%A8%EB%8D%B8%EB%A7%81-%EC%95%85%EA%B8%B0,%EB%AC%B4%EC%9A%A9%EB%8F%84%EA%B5%AC",미검토,미검토,목록만 확보,개별 파일 조건 미확인
물품,2020,금-琴,금(琴),금(악기).glb,https://dh.aks.ac.kr/~hanyang/glb2/악기/금(악기).glb,"https://dh.aks.ac.kr/hanyang2/wiki/index.php/2020_3D%EB%AA%A8%EB%8D%B8%EB%A7%81-%EC%95%85%EA%B8%B0,%EB%AC%B4%EC%9A%A9%EB%8F%84%EA%B5%AC",미검토,미검토,목록만 확보,개별 파일 조건 미확인
물품,2020,부-缶,부(缶),부.glb,https://dh.aks.ac.kr/~hanyang/glb2/악기/부.glb,"https://dh.aks.ac.kr/hanyang2/wiki/index.php/2020_3D%EB%AA%A8%EB%8D%B8%EB%A7%81-%EC%95%85%EA%B8%B0,%EB%AC%B4%EC%9A%A9%EB%8F%84%EA%B5%AC",미검토,미검토,목록만 확보,개별 파일 조건 미확인
물품,2020,생-笙,생(笙),생.glb,https://dh.aks.ac.kr/~hanyang/glb2/악기/생.glb,"https://dh.aks.ac.kr/hanyang2/wiki/index.php/2020_3D%EB%AA%A8%EB%8D%B8%EB%A7%81-%EC%95%85%EA%B8%B0,%EB%AC%B4%EC%9A%A9%EB%8F%84%EA%B5%AC",미검토,미검토,목록만 확보,개별 파일 조건 미확인
물품,2020,소-簫,소(簫),소.glb,https://dh.aks.ac.kr/~hanyang/glb2/악기/소.glb,"https://dh.aks.ac.kr/hanyang2/wiki/index.php/2020_3D%EB%AA%A8%EB%8D%B8%EB%A7%81-%EC%95%85%EA%B8%B0,%EB%AC%B4%EC%9A%A9%EB%8F%84%EA%B5%AC",미검토,미검토,목록만 확보,개별 파일 조건 미확인
물품,2020,슬-瑟,슬(瑟),슬.glb,https://dh.aks.ac.kr/~hanyang/glb2/악기/슬.glb,"https://dh.aks.ac.kr/hanyang2/wiki/index.php/2020_3D%EB%AA%A8%EB%8D%B8%EB%A7%81-%EC%95%85%EA%B8%B0,%EB%AC%B4%EC%9A%A9%EB%8F%84%EA%B5%AC",미검토,미검토,목록만 확보,개별 파일 조건 미확인
물품,2020,약-籥,약(籥),약.glb,https://dh.aks.ac.kr/~hanyang/glb2/악기/약.glb,"https://dh.aks.ac.kr/hanyang2/wiki/index.php/2020_3D%EB%AA%A8%EB%8D%B8%EB%A7%81-%EC%95%85%EA%B8%B0,%EB%AC%B4%EC%9A%A9%EB%8F%84%EA%B5%AC",미검토,미검토,목록만 확보,개별 파일 조건 미확인
물품,2020,어-敔,어(敔),어.glb,https://dh.aks.ac.kr/~hanyang/glb2/악기/어.glb,"https://dh.aks.ac.kr/hanyang2/wiki/index.php/2020_3D%EB%AA%A8%EB%8D%B8%EB%A7%81-%EC%95%85%EA%B8%B0,%EB%AC%B4%EC%9A%A9%EB%8F%84%EA%B5%AC",미검토,미검토,목록만 확보,개별 파일 조건 미확인
물품,2020,영고,영고,영고.glb,https://dh.aks.ac.kr/~hanyang/glb2/악기/영고.glb,"https://dh.aks.ac.kr/hanyang2/wiki/index.php/2020_3D%EB%AA%A8%EB%8D%B8%EB%A7%81-%EC%95%85%EA%B8%B0,%EB%AC%B4%EC%9A%A9%EB%8F%84%EA%B5%AC",미검토,미검토,목록만 확보,개별 파일 조건 미확인
물품,2020,영도,영도,영도.glb,https://dh.aks.ac.kr/~hanyang/glb2/악기/영도.glb,"https://dh.aks.ac.kr/hanyang2/wiki/index.php/2020_3D%EB%AA%A8%EB%8D%B8%EB%A7%81-%EC%95%85%EA%B8%B0,%EB%AC%B4%EC%9A%A9%EB%8F%84%EA%B5%AC",미검토,미검토,목록만 확보,개별 파일 조건 미확인
물품,2020,적-篴,적(篴),적(악기).glb,https://dh.aks.ac.kr/~hanyang/glb2/악기/적(악기).glb,"https://dh.aks.ac.kr/hanyang2/wiki/index.php/2020_3D%EB%AA%A8%EB%8D%B8%EB%A7%81-%EC%95%85%EA%B8%B0,%EB%AC%B4%EC%9A%A9%EB%8F%84%EA%B5%AC",미검토,미검토,목록만 확보,개별 파일 조건 미확인
물품,2020,절고,절고,절고.glb,https://dh.aks.ac.kr/~hanyang/glb2/악기/절고.glb,"https://dh.aks.ac.kr/hanyang2/wiki/index.php/2020_3D%EB%AA%A8%EB%8D%B8%EB%A7%81-%EC%95%85%EA%B8%B0,%EB%AC%B4%EC%9A%A9%EB%8F%84%EA%B5%AC",미검토,미검토,목록만 확보,개별 파일 조건 미확인
물품,2020,지-篪,지(篪),지.glb,https://dh.aks.ac.kr/~hanyang/glb2/악기/지.glb,"https://dh.aks.ac.kr/hanyang2/wiki/index.php/2020_3D%EB%AA%A8%EB%8D%B8%EB%A7%81-%EC%95%85%EA%B8%B0,%EB%AC%B4%EC%9A%A9%EB%8F%84%EA%B5%AC",미검토,미검토,목록만 확보,개별 파일 조건 미확인
물품,2020,진고,진고,진고.glb,https://dh.aks.ac.kr/~hanyang/glb2/악기/진고.glb,"https://dh.aks.ac.kr/hanyang2/wiki/index.php/2020_3D%EB%AA%A8%EB%8D%B8%EB%A7%81-%EC%95%85%EA%B8%B0,%EB%AC%B4%EC%9A%A9%EB%8F%84%EA%B5%AC",미검토,미검토,목록만 확보,개별 파일 조건 미확인
물품,2020,축-柷,축(柷),축.glb,https://dh.aks.ac.kr/~hanyang/glb2/악기/축.glb,"https://dh.aks.ac.kr/hanyang2/wiki/index.php/2020_3D%EB%AA%A8%EB%8D%B8%EB%A7%81-%EC%95%85%EA%B8%B0,%EB%AC%B4%EC%9A%A9%EB%8F%84%EA%B5%AC",미검토,미검토,목록만 확보,개별 파일 조건 미확인
물품,2020,특경,특경,특경.glb,https://dh.aks.ac.kr/~hanyang/glb2/악기/특경.glb,"https://dh.aks.ac.kr/hanyang2/wiki/index.php/2020_3D%EB%AA%A8%EB%8D%B8%EB%A7%81-%EC%95%85%EA%B8%B0,%EB%AC%B4%EC%9A%A9%EB%8F%84%EA%B5%AC",미검토,미검토,목록만 확보,개별 파일 조건 미확인
물품,2020,특종,특종,특종.glb,https://dh.aks.ac.kr/~hanyang/glb2/악기/특종.glb,"https://dh.aks.ac.kr/hanyang2/wiki/index.php/2020_3D%EB%AA%A8%EB%8D%B8%EB%A7%81-%EC%95%85%EA%B8%B0,%EB%AC%B4%EC%9A%A9%EB%8F%84%EA%B5%AC",미검토,미검토,목록만 확보,개별 파일 조건 미확인
물품,2020,편경,편경,편경.glb,https://dh.aks.ac.kr/~hanyang/glb2/악기/편경.glb,"https://dh.aks.ac.kr/hanyang2/wiki/index.php/2020_3D%EB%AA%A8%EB%8D%B8%EB%A7%81-%EC%95%85%EA%B8%B0,%EB%AC%B4%EC%9A%A9%EB%8F%84%EA%B5%AC",미검토,미검토,목록만 확보,개별 파일 조건 미확인
물품,2020,편종,편종,편종.glb,https://dh.aks.ac.kr/~hanyang/glb2/악기/편종.glb,"https://dh.aks.ac.kr/hanyang2/wiki/index.php/2020_3D%EB%AA%A8%EB%8D%B8%EB%A7%81-%EC%95%85%EA%B8%B0,%EB%AC%B4%EC%9A%A9%EB%8F%84%EA%B5%AC",미검토,미검토,목록만 확보,개별 파일 조건 미확인
물품,2020,훈-塤,훈(塤),훈.glb,https://dh.aks.ac.kr/~hanyang/glb2/악기/훈.glb,"https://dh.aks.ac.kr/hanyang2/wiki/index.php/2020_3D%EB%AA%A8%EB%8D%B8%EB%A7%81-%EC%95%85%EA%B8%B0,%EB%AC%B4%EC%9A%A9%EB%8F%84%EA%B5%AC",미검토,미검토,목록만 확보,개별 파일 조건 미확인
물품,2020,가야금,가야금,가야금.glb,https://dh.aks.ac.kr/~hanyang/glb2/악기/가야금.glb,"https://dh.aks.ac.kr/hanyang2/wiki/index.php/2020_3D%EB%AA%A8%EB%8D%B8%EB%A7%81-%EC%95%85%EA%B8%B0,%EB%AC%B4%EC%9A%A9%EB%8F%84%EA%B5%AC",미검토,미검토,목록만 확보,개별 파일 조건 미확인
물품,2020,건고,건고,건고.glb,https://dh.aks.ac.kr/~hanyang/glb2/악기/건고.glb,"https://dh.aks.ac.kr/hanyang2/wiki/index.php/2020_3D%EB%AA%A8%EB%8D%B8%EB%A7%81-%EC%95%85%EA%B8%B0,%EB%AC%B4%EC%9A%A9%EB%8F%84%EA%B5%AC",미검토,미검토,목록만 확보,개별 파일 조건 미확인
물품,2020,교방고,교방고,교방고.glb,https://dh.aks.ac.kr/~hanyang/glb2/악기/교방고.glb,"https://dh.aks.ac.kr/hanyang2/wiki/index.php/2020_3D%EB%AA%A8%EB%8D%B8%EB%A7%81-%EC%95%85%EA%B8%B0,%EB%AC%B4%EC%9A%A9%EB%8F%84%EA%B5%AC",미검토,미검토,목록만 확보,개별 파일 조건 미확인
물품,2020,당적,당적,당적.glb,https://dh.aks.ac.kr/~hanyang/glb2/악기/당적.glb,"https://dh.aks.ac.kr/hanyang2/wiki/index.php/2020_3D%EB%AA%A8%EB%8D%B8%EB%A7%81-%EC%95%85%EA%B8%B0,%EB%AC%B4%EC%9A%A9%EB%8F%84%EA%B5%AC",미검토,미검토,목록만 확보,개별 파일 조건 미확인
물품,2020,대금,대금,대금.glb,https://dh.aks.ac.kr/~hanyang/glb2/악기/대금.glb,"https://dh.aks.ac.kr/hanyang2/wiki/index.php/2020_3D%EB%AA%A8%EB%8D%B8%EB%A7%81-%EC%95%85%EA%B8%B0,%EB%AC%B4%EC%9A%A9%EB%8F%84%EA%B5%AC",미검토,미검토,목록만 확보,개별 파일 조건 미확인
물품,2020,방향,방향,방향.glb,https://dh.aks.ac.kr/~hanyang/glb2/악기/방향.glb,"https://dh.aks.ac.kr/hanyang2/wiki/index.php/2020_3D%EB%AA%A8%EB%8D%B8%EB%A7%81-%EC%95%85%EA%B8%B0,%EB%AC%B4%EC%9A%A9%EB%8F%84%EA%B5%AC",미검토,미검토,목록만 확보,개별 파일 조건 미확인
물품,2020,비파,비파,비파.glb,https://dh.aks.ac.kr/~hanyang/glb2/악기/비파.glb,"https://dh.aks.ac.kr/hanyang2/wiki/index.php/2020_3D%EB%AA%A8%EB%8D%B8%EB%A7%81-%EC%95%85%EA%B8%B0,%EB%AC%B4%EC%9A%A9%EB%8F%84%EA%B5%AC",미검토,미검토,목록만 확보,개별 파일 조건 미확인
물품,2020,삭고,삭고,삭고.glb,https://dh.aks.ac.kr/~hanyang/glb2/악기/삭고.glb,"https://dh.aks.ac.kr/hanyang2/wiki/index.php/2020_3D%EB%AA%A8%EB%8D%B8%EB%A7%81-%EC%95%85%EA%B8%B0,%EB%AC%B4%EC%9A%A9%EB%8F%84%EA%B5%AC",미검토,미검토,목록만 확보,개별 파일 조건 미확인
물품,2020,아쟁,아쟁,아쟁.glb,https://dh.aks.ac.kr/~hanyang/glb2/악기/아쟁.glb,"https://dh.aks.ac.kr/hanyang2/wiki/index.php/2020_3D%EB%AA%A8%EB%8D%B8%EB%A7%81-%EC%95%85%EA%B8%B0,%EB%AC%B4%EC%9A%A9%EB%8F%84%EA%B5%AC",미검토,미검토,목록만 확보,개별 파일 조건 미확인
물품,2020,양금,양금,양금.glb,https://dh.aks.ac.kr/~hanyang/glb2/악기/양금.glb,"https://dh.aks.ac.kr/hanyang2/wiki/index.php/2020_3D%EB%AA%A8%EB%8D%B8%EB%A7%81-%EC%95%85%EA%B8%B0,%EB%AC%B4%EC%9A%A9%EB%8F%84%EA%B5%AC",미검토,미검토,목록만 확보,개별 파일 조건 미확인
물품,2020,응고,응고,응고.glb,https://dh.aks.ac.kr/~hanyang/glb2/악기/응고.glb,"https://dh.aks.ac.kr/hanyang2/wiki/index.php/2020_3D%EB%AA%A8%EB%8D%B8%EB%A7%81-%EC%95%85%EA%B8%B0,%EB%AC%B4%EC%9A%A9%EB%8F%84%EA%B5%AC",미검토,미검토,목록만 확보,개별 파일 조건 미확인
물품,2020,장고,장고,장고.glb,https://dh.aks.ac.kr/~hanyang/glb2/악기/장고.glb,"https://dh.aks.ac.kr/hanyang2/wiki/index.php/2020_3D%EB%AA%A8%EB%8D%B8%EB%A7%81-%EC%95%85%EA%B8%B0,%EB%AC%B4%EC%9A%A9%EB%8F%84%EA%B5%AC",미검토,미검토,목록만 확보,개별 파일 조건 미확인
물품,2020,퉁소,퉁소,퉁소.glb,https://dh.aks.ac.kr/~hanyang/glb2/악기/퉁소.glb,"https://dh.aks.ac.kr/hanyang2/wiki/index.php/2020_3D%EB%AA%A8%EB%8D%B8%EB%A7%81-%EC%95%85%EA%B8%B0,%EB%AC%B4%EC%9A%A9%EB%8F%84%EA%B5%AC",미검토,미검토,목록만 확보,개별 파일 조건 미확인
물품,2020,필율,필율,필율.glb,https://dh.aks.ac.kr/~hanyang/glb2/악기/필율.glb,"https://dh.aks.ac.kr/hanyang2/wiki/index.php/2020_3D%EB%AA%A8%EB%8D%B8%EB%A7%81-%EC%95%85%EA%B8%B0,%EB%AC%B4%EC%9A%A9%EB%8F%84%EA%B5%AC",미검토,미검토,목록만 확보,개별 파일 조건 미확인
물품,2020,해금,해금,해금.glb,https://dh.aks.ac.kr/~hanyang/glb2/악기/해금.glb,"https://dh.aks.ac.kr/hanyang2/wiki/index.php/2020_3D%EB%AA%A8%EB%8D%B8%EB%A7%81-%EC%95%85%EA%B8%B0,%EB%AC%B4%EC%9A%A9%EB%8F%84%EA%B5%AC",미검토,미검토,목록만 확보,개별 파일 조건 미확인
물품,2020,현금,현금,현금.glb,https://dh.aks.ac.kr/~hanyang/glb2/악기/현금.glb,"https://dh.aks.ac.kr/hanyang2/wiki/index.php/2020_3D%EB%AA%A8%EB%8D%B8%EB%A7%81-%EC%95%85%EA%B8%B0,%EB%AC%B4%EC%9A%A9%EB%8F%84%EA%B5%AC",미검토,미검토,목록만 확보,개별 파일 조건 미확인
물품,2020,가지화,가자화,가지화.glb,https://dh.aks.ac.kr/~hanyang/glb2/채화/가지화.glb,"https://dh.aks.ac.kr/hanyang2/wiki/index.php/2020_3D%EB%AA%A8%EB%8D%B8%EB%A7%81-%EC%95%85%EA%B8%B0,%EB%AC%B4%EC%9A%A9%EB%8F%84%EA%B5%AC",미검토,미검토,목록만 확보,개별 파일 조건 미확인
물품,2020,과자화,과자화,과자화.glb,https://dh.aks.ac.kr/~hanyang/glb2/채화/과자화.glb,"https://dh.aks.ac.kr/hanyang2/wiki/index.php/2020_3D%EB%AA%A8%EB%8D%B8%EB%A7%81-%EC%95%85%EA%B8%B0,%EB%AC%B4%EC%9A%A9%EB%8F%84%EA%B5%AC",미검토,미검토,목록만 확보,개별 파일 조건 미확인
물품,2020,국화,국화,국화.glb,https://dh.aks.ac.kr/~hanyang/glb2/채화/국화.glb,"https://dh.aks.ac.kr/hanyang2/wiki/index.php/2020_3D%EB%AA%A8%EB%8D%B8%EB%A7%81-%EC%95%85%EA%B8%B0,%EB%AC%B4%EC%9A%A9%EB%8F%84%EA%B5%AC",미검토,미검토,목록만 확보,개별 파일 조건 미확인
물품,2020,목단화,모란화,모란화.glb,https://dh.aks.ac.kr/~hanyang/glb2/채화/모란화.glb,"https://dh.aks.ac.kr/hanyang2/wiki/index.php/2020_3D%EB%AA%A8%EB%8D%B8%EB%A7%81-%EC%95%85%EA%B8%B0,%EB%AC%B4%EC%9A%A9%EB%8F%84%EA%B5%AC",미검토,미검토,목록만 확보,개별 파일 조건 미확인
물품,2020,복분자화,복분자화,복분자화.glb,https://dh.aks.ac.kr/~hanyang/glb2/채화/복분자화.glb,"https://dh.aks.ac.kr/hanyang2/wiki/index.php/2020_3D%EB%AA%A8%EB%8D%B8%EB%A7%81-%EC%95%85%EA%B8%B0,%EB%AC%B4%EC%9A%A9%EB%8F%84%EA%B5%AC",미검토,미검토,목록만 확보,개별 파일 조건 미확인
물품,2020,사계화,사계화,사계화.glb,https://dh.aks.ac.kr/~hanyang/glb2/채화/사계화.glb,"https://dh.aks.ac.kr/hanyang2/wiki/index.php/2020_3D%EB%AA%A8%EB%8D%B8%EB%A7%81-%EC%95%85%EA%B8%B0,%EB%AC%B4%EC%9A%A9%EB%8F%84%EA%B5%AC",미검토,미검토,목록만 확보,개별 파일 조건 미확인
물품,2020,삼층수파련,삼층수파련,삼층수파련.glb,https://dh.aks.ac.kr/~hanyang/glb2/채화/삼층수파련.glb,"https://dh.aks.ac.kr/hanyang2/wiki/index.php/2020_3D%EB%AA%A8%EB%8D%B8%EB%A7%81-%EC%95%85%EA%B8%B0,%EB%AC%B4%EC%9A%A9%EB%8F%84%EA%B5%AC",미검토,미검토,목록만 확보,개별 파일 조건 미확인
물품,2020,소수파련,소수파련,소수파련.glb,https://dh.aks.ac.kr/~hanyang/glb2/채화/소수파련.glb,"https://dh.aks.ac.kr/hanyang2/wiki/index.php/2020_3D%EB%AA%A8%EB%8D%B8%EB%A7%81-%EC%95%85%EA%B8%B0,%EB%AC%B4%EC%9A%A9%EB%8F%84%EA%B5%AC",미검토,미검토,목록만 확보,개별 파일 조건 미확인
물품,2020,시자화,시자화,시자화.glb,https://dh.aks.ac.kr/~hanyang/glb2/채화/시자화.glb,"https://dh.aks.ac.kr/hanyang2/wiki/index.php/2020_3D%EB%AA%A8%EB%8D%B8%EB%A7%81-%EC%95%85%EA%B8%B0,%EB%AC%B4%EC%9A%A9%EB%8F%84%EA%B5%AC",미검토,미검토,목록만 확보,개별 파일 조건 미확인
물품,2020,월계화,월계화,월계화.glb,https://dh.aks.ac.kr/~hanyang/glb2/채화/월계화.glb,"https://dh.aks.ac.kr/hanyang2/wiki/index.php/2020_3D%EB%AA%A8%EB%8D%B8%EB%A7%81-%EC%95%85%EA%B8%B0,%EB%AC%B4%EC%9A%A9%EB%8F%84%EA%B5%AC",미검토,미검토,목록만 확보,개별 파일 조건 미확인
물품,2020,유자화,유자화,유자화.glb,https://dh.aks.ac.kr/~hanyang/glb2/채화/유자화.glb,"https://dh.aks.ac.kr/hanyang2/wiki/index.php/2020_3D%EB%AA%A8%EB%8D%B8%EB%A7%81-%EC%95%85%EA%B8%B0,%EB%AC%B4%EC%9A%A9%EB%8F%84%EA%B5%AC",미검토,미검토,목록만 확보,개별 파일 조건 미확인
물품,2020,이층수파련,이층수파련,이층수파련.glb,https://dh.aks.ac.kr/~hanyang/glb2/채화/이층수파련.glb,"https://dh.aks.ac.kr/hanyang2/wiki/index.php/2020_3D%EB%AA%A8%EB%8D%B8%EB%A7%81-%EC%95%85%EA%B8%B0,%EB%AC%B4%EC%9A%A9%EB%8F%84%EA%B5%AC",미검토,미검토,목록만 확보,개별 파일 조건 미확인
물품,2020,준화,준화,준화.glb,https://dh.aks.ac.kr/~hanyang/glb2/채화/준화.glb,"https://dh.aks.ac.kr/hanyang2/wiki/index.php/2020_3D%EB%AA%A8%EB%8D%B8%EB%A7%81-%EC%95%85%EA%B8%B0,%EB%AC%B4%EC%9A%A9%EB%8F%84%EA%B5%AC",미검토,미검토,목록만 확보,개별 파일 조건 미확인
물품,2020,포도화,포도화,포도화.glb,https://dh.aks.ac.kr/~hanyang/glb2/채화/포도화.glb,"https://dh.aks.ac.kr/hanyang2/wiki/index.php/2020_3D%EB%AA%A8%EB%8D%B8%EB%A7%81-%EC%95%85%EA%B8%B0,%EB%AC%B4%EC%9A%A9%EB%8F%84%EA%B5%AC",미검토,미검토,목록만 확보,개별 파일 조건 미확인
물품,2020,홍도삼지화,홍도삼지화,홍도삼지화.glb,https://dh.aks.ac.kr/~hanyang/glb2/채화/홍도삼지화.glb,"https://dh.aks.ac.kr/hanyang2/wiki/index.php/2020_3D%EB%AA%A8%EB%8D%B8%EB%A7%81-%EC%95%85%EA%B8%B0,%EB%AC%B4%EC%9A%A9%EB%8F%84%EA%B5%AC",미검토,미검토,목록만 확보,개별 파일 조건 미확인
물품,2020,홍도이지화,홍도이지화,홍도이지화.glb,https://dh.aks.ac.kr/~hanyang/glb2/채화/홍도이지화.glb,"https://dh.aks.ac.kr/hanyang2/wiki/index.php/2020_3D%EB%AA%A8%EB%8D%B8%EB%A7%81-%EC%95%85%EA%B8%B0,%EB%AC%B4%EC%9A%A9%EB%8F%84%EA%B5%AC",미검토,미검토,목록만 확보,개별 파일 조건 미확인
물품,2020,국새-과거지보,국새-과거지보,국새-과거지보.glb,https://dh.aks.ac.kr/~hanyang/glb2/기물/국새-과거지보.glb,"https://dh.aks.ac.kr/hanyang2/wiki/index.php/2020_3D%EB%AA%A8%EB%8D%B8%EB%A7%81-%EC%A1%B0%ED%98%95,%EC%A0%9C%EA%B8%B0_%EB%93%B1",미검토,미검토,목록만 확보,개별 파일 조건 미확인
물품,2020,국새-광운지보,국새-광운지보,국새-광운지보.glb,https://dh.aks.ac.kr/~hanyang/glb2/기물/국새-광운지보.glb,"https://dh.aks.ac.kr/hanyang2/wiki/index.php/2020_3D%EB%AA%A8%EB%8D%B8%EB%A7%81-%EC%A1%B0%ED%98%95,%EC%A0%9C%EA%B8%B0_%EB%93%B1",미검토,미검토,목록만 확보,개별 파일 조건 미확인
물품,2020,국새-규장지보,국새-규장지보,국새-규장지보.glb,https://dh.aks.ac.kr/~hanyang/glb2/기물/국새-규장지보.glb,"https://dh.aks.ac.kr/hanyang2/wiki/index.php/2020_3D%EB%AA%A8%EB%8D%B8%EB%A7%81-%EC%A1%B0%ED%98%95,%EC%A0%9C%EA%B8%B0_%EB%93%B1",미검토,미검토,목록만 확보,개별 파일 조건 미확인
물품,2020,국새-대군주보,국새-대군주보,국새-대군주보.glb,https://dh.aks.ac.kr/~hanyang/glb2/기물/국새-대군주보.glb,"https://dh.aks.ac.kr/hanyang2/wiki/index.php/2020_3D%EB%AA%A8%EB%8D%B8%EB%A7%81-%EC%A1%B0%ED%98%95,%EC%A0%9C%EA%B8%B0_%EB%93%B1",미검토,미검토,목록만 확보,개별 파일 조건 미확인
물품,2020,국새-대원수보,국새-대원수보,국새-대원수보.glb,https://dh.aks.ac.kr/~hanyang/glb2/기물/국새-대원수보.glb,"https://dh.aks.ac.kr/hanyang2/wiki/index.php/2020_3D%EB%AA%A8%EB%8D%B8%EB%A7%81-%EC%A1%B0%ED%98%95,%EC%A0%9C%EA%B8%B0_%EB%93%B1",미검토,미검토,목록만 확보,개별 파일 조건 미확인
물품,2020,국새-대조선국대군주보,국새-대조선국대군주보,국새-대조선국대군주보.glb,https://dh.aks.ac.kr/~hanyang/glb2/기물/국새-대조선국대군주보.glb,"https://dh.aks.ac.kr/hanyang2/wiki/index.php/2020_3D%EB%AA%A8%EB%8D%B8%EB%A7%81-%EC%A1%B0%ED%98%95,%EC%A0%9C%EA%B8%B0_%EB%93%B1",미검토,미검토,목록만 확보,개별 파일 조건 미확인
물품,2020,국새-대조선국보1,국새-대조선국보1,국새-대조선국보1.glb,https://dh.aks.ac.kr/~hanyang/glb2/기물/국새-대조선국보1.glb,"https://dh.aks.ac.kr/hanyang2/wiki/index.php/2020_3D%EB%AA%A8%EB%8D%B8%EB%A7%81-%EC%A1%B0%ED%98%95,%EC%A0%9C%EA%B8%B0_%EB%93%B1",미검토,미검토,목록만 확보,개별 파일 조건 미확인
물품,2020,국새-대조선국보2,국새-대조선국보2,국새-대조선국보2.glb,https://dh.aks.ac.kr/~hanyang/glb2/기물/국새-대조선국보2.glb,"https://dh.aks.ac.kr/hanyang2/wiki/index.php/2020_3D%EB%AA%A8%EB%8D%B8%EB%A7%81-%EC%A1%B0%ED%98%95,%EC%A0%9C%EA%B8%B0_%EB%93%B1",미검토,미검토,목록만 확보,개별 파일 조건 미확인
물품,2020,국새-대조선국주상지보,국새-대조선국주상지보,국새-대조선국주상지보.glb,https://dh.aks.ac.kr/~hanyang/glb2/기물/국새-대조선국주상지보.glb,"https://dh.aks.ac.kr/hanyang2/wiki/index.php/2020_3D%EB%AA%A8%EB%8D%B8%EB%A7%81-%EC%A1%B0%ED%98%95,%EC%A0%9C%EA%B8%B0_%EB%93%B1",미검토,미검토,목록만 확보,개별 파일 조건 미확인
물품,2020,국새-대조선대군주보,국새-대조선대군주보,국새-대조선대군주보.glb,https://dh.aks.ac.kr/~hanyang/glb2/기물/국새-대조선대군주보.glb,"https://dh.aks.ac.kr/hanyang2/wiki/index.php/2020_3D%EB%AA%A8%EB%8D%B8%EB%A7%81-%EC%A1%B0%ED%98%95,%EC%A0%9C%EA%B8%B0_%EB%93%B1",미검토,미검토,목록만 확보,개별 파일 조건 미확인
물품,2020,국새-대한국새,국새-대한국새,국새-대한국새.glb,https://dh.aks.ac.kr/~hanyang/glb2/기물/국새-대한국새.glb,"https://dh.aks.ac.kr/hanyang2/wiki/index.php/2020_3D%EB%AA%A8%EB%8D%B8%EB%A7%81-%EC%A1%B0%ED%98%95,%EC%A0%9C%EA%B8%B0_%EB%93%B1",미검토,미검토,목록만 확보,개별 파일 조건 미확인
물품,2020,국새-동문지보,국새-동문지보,국새-동문지보.glb,https://dh.aks.ac.kr/~hanyang/glb2/기물/국새-동문지보.glb,"https://dh.aks.ac.kr/hanyang2/wiki/index.php/2020_3D%EB%AA%A8%EB%8D%B8%EB%A7%81-%EC%A1%B0%ED%98%95,%EC%A0%9C%EA%B8%B0_%EB%93%B1",미검토,미검토,목록만 확보,개별 파일 조건 미확인
물품,2020,국새-명덕지보,국새-명덕지보,국새-명덕지보.glb,https://dh.aks.ac.kr/~hanyang/glb2/기물/국새-명덕지보.glb,"https://dh.aks.ac.kr/hanyang2/wiki/index.php/2020_3D%EB%AA%A8%EB%8D%B8%EB%A7%81-%EC%A1%B0%ED%98%95,%EC%A0%9C%EA%B8%B0_%EB%93%B1",미검토,미검토,목록만 확보,개별 파일 조건 미확인
물품,2020,국새-선사지기,국새-선사지기,국새-선사지기.glb,https://dh.aks.ac.kr/~hanyang/glb2/기물/국새-선사지기.glb,"https://dh.aks.ac.kr/hanyang2/wiki/index.php/2020_3D%EB%AA%A8%EB%8D%B8%EB%A7%81-%EC%A1%B0%ED%98%95,%EC%A0%9C%EA%B8%B0_%EB%93%B1",미검토,미검토,목록만 확보,개별 파일 조건 미확인
물품,2020,국새-선황단보,국새-선황단보,국새-선황단보.glb,https://dh.aks.ac.kr/~hanyang/glb2/기물/국새-선황단보.glb,"https://dh.aks.ac.kr/hanyang2/wiki/index.php/2020_3D%EB%AA%A8%EB%8D%B8%EB%A7%81-%EC%A1%B0%ED%98%95,%EC%A0%9C%EA%B8%B0_%EB%93%B1",미검토,미검토,목록만 확보,개별 파일 조건 미확인
물품,2020,국새-소신지보,국새-소신지보,국새-소신지보.glb,https://dh.aks.ac.kr/~hanyang/glb2/기물/국새-소신지보.glb,"https://dh.aks.ac.kr/hanyang2/wiki/index.php/2020_3D%EB%AA%A8%EB%8D%B8%EB%A7%81-%EC%A1%B0%ED%98%95,%EC%A0%9C%EA%B8%B0_%EB%93%B1",미검토,미검토,목록만 확보,개별 파일 조건 미확인
물품,2020,국새-수훈지보,국새-수훈지보,국새-수훈지보.glb,https://dh.aks.ac.kr/~hanyang/glb2/기물/국새-수훈지보.glb,"https://dh.aks.ac.kr/hanyang2/wiki/index.php/2020_3D%EB%AA%A8%EB%8D%B8%EB%A7%81-%EC%A1%B0%ED%98%95,%EC%A0%9C%EA%B8%B0_%EB%93%B1",미검토,미검토,목록만 확보,개별 파일 조건 미확인
물품,2020,국새-시명지보,국새-시명지보,국새-시명지보.glb,https://dh.aks.ac.kr/~hanyang/glb2/기물/국새-시명지보.glb,"https://dh.aks.ac.kr/hanyang2/wiki/index.php/2020_3D%EB%AA%A8%EB%8D%B8%EB%A7%81-%EC%A1%B0%ED%98%95,%EC%A0%9C%EA%B8%B0_%EB%93%B1",미검토,미검토,목록만 확보,개별 파일 조건 미확인
물품,2020,국새-위정이덕,국새-위정이덕,국새-위정이덕.glb,https://dh.aks.ac.kr/~hanyang/glb2/기물/국새-위정이덕.glb,"https://dh.aks.ac.kr/hanyang2/wiki/index.php/2020_3D%EB%AA%A8%EB%8D%B8%EB%A7%81-%EC%A1%B0%ED%98%95,%EC%A0%9C%EA%B8%B0_%EB%93%B1",미검토,미검토,목록만 확보,개별 파일 조건 미확인
물품,2020,국새-유서지보,국새-유서지보,국새-유서지보.glb,https://dh.aks.ac.kr/~hanyang/glb2/기물/국새-유서지보.glb,"https://dh.aks.ac.kr/hanyang2/wiki/index.php/2020_3D%EB%AA%A8%EB%8D%B8%EB%A7%81-%EC%A1%B0%ED%98%95,%EC%A0%9C%EA%B8%B0_%EB%93%B1",미검토,미검토,목록만 확보,개별 파일 조건 미확인
물품,2020,국새-제고지보,국새-제고지보,국새-제고지보.glb,https://dh.aks.ac.kr/~hanyang/glb2/기물/국새-제고지보.glb,"https://dh.aks.ac.kr/hanyang2/wiki/index.php/2020_3D%EB%AA%A8%EB%8D%B8%EB%A7%81-%EC%A1%B0%ED%98%95,%EC%A0%9C%EA%B8%B0_%EB%93%B1",미검토,미검토,목록만 확보,개별 파일 조건 미확인
물품,2020,국새-조선국왕비지인,국새-조선국왕비지인,국새-조선국왕비지인.glb,https://dh.aks.ac.kr/~hanyang/glb2/기물/국새-조선국왕비지인.glb,"https://dh.aks.ac.kr/hanyang2/wiki/index.php/2020_3D%EB%AA%A8%EB%8D%B8%EB%A7%81-%EC%A1%B0%ED%98%95,%EC%A0%9C%EA%B8%B0_%EB%93%B1",미검토,미검토,목록만 확보,개별 파일 조건 미확인
물품,2020,국새-조선국왕지인1,국새-조선국왕지인1,국새-조선국왕지인1.glb,https://dh.aks.ac.kr/~hanyang/glb2/기물/국새-조선국왕지인1.glb,"https://dh.aks.ac.kr/hanyang2/wiki/index.php/2020_3D%EB%AA%A8%EB%8D%B8%EB%A7%81-%EC%A1%B0%ED%98%95,%EC%A0%9C%EA%B8%B0_%EB%93%B1",미검토,미검토,목록만 확보,개별 파일 조건 미확인
물품,2020,국새-조선국왕지인2,국새-조선국왕지인2,국새-조선국왕지인2.glb,https://dh.aks.ac.kr/~hanyang/glb2/기물/국새-조선국왕지인2.glb,"https://dh.aks.ac.kr/hanyang2/wiki/index.php/2020_3D%EB%AA%A8%EB%8D%B8%EB%A7%81-%EC%A1%B0%ED%98%95,%EC%A0%9C%EA%B8%B0_%EB%93%B1",미검토,미검토,목록만 확보,개별 파일 조건 미확인
물품,2020,국새-조선왕보,국새-조선왕보,국새-조선왕보.glb,https://dh.aks.ac.kr/~hanyang/glb2/기물/국새-조선왕보.glb,"https://dh.aks.ac.kr/hanyang2/wiki/index.php/2020_3D%EB%AA%A8%EB%8D%B8%EB%A7%81-%EC%A1%B0%ED%98%95,%EC%A0%9C%EA%B8%B0_%EB%93%B1",미검토,미검토,목록만 확보,개별 파일 조건 미확인
물품,2020,국새-준명지보,국새-준명지보,국새-준명지보.glb,https://dh.aks.ac.kr/~hanyang/glb2/기물/국새-준명지보.glb,"https://dh.aks.ac.kr/hanyang2/wiki/index.php/2020_3D%EB%AA%A8%EB%8D%B8%EB%A7%81-%EC%A1%B0%ED%98%95,%EC%A0%9C%EA%B8%B0_%EB%93%B1",미검토,미검토,목록만 확보,개별 파일 조건 미확인
물품,2020,국새-준철지보,국새-준철지보,국새-준철지보.glb,https://dh.aks.ac.kr/~hanyang/glb2/기물/국새-준철지보.glb,"https://dh.aks.ac.kr/hanyang2/wiki/index.php/2020_3D%EB%AA%A8%EB%8D%B8%EB%A7%81-%EC%A1%B0%ED%98%95,%EC%A0%9C%EA%B8%B0_%EB%93%B1",미검토,미검토,목록만 확보,개별 파일 조건 미확인
물품,2020,국새-칙명지보,국새-칙명지보1,국새-칙명지보.glb,https://dh.aks.ac.kr/~hanyang/glb2/기물/국새-칙명지보.glb,"https://dh.aks.ac.kr/hanyang2/wiki/index.php/2020_3D%EB%AA%A8%EB%8D%B8%EB%A7%81-%EC%A1%B0%ED%98%95,%EC%A0%9C%EA%B8%B0_%EB%93%B1",미검토,미검토,목록만 확보,개별 파일 조건 미확인
물품,2020,국새-황제어새,국새-황제어새,국새-황제어새.glb,https://dh.aks.ac.kr/~hanyang/glb2/기물/국새-황제어새.glb,"https://dh.aks.ac.kr/hanyang2/wiki/index.php/2020_3D%EB%AA%A8%EB%8D%B8%EB%A7%81-%EC%A1%B0%ED%98%95,%EC%A0%9C%EA%B8%B0_%EB%93%B1",미검토,미검토,목록만 확보,개별 파일 조건 미확인
물품,2020,국새-황제지보,국새-황제지보,국새-황제지보.glb,https://dh.aks.ac.kr/~hanyang/glb2/기물/국새-황제지보.glb,"https://dh.aks.ac.kr/hanyang2/wiki/index.php/2020_3D%EB%AA%A8%EB%8D%B8%EB%A7%81-%EC%A1%B0%ED%98%95,%EC%A0%9C%EA%B8%B0_%EB%93%B1",미검토,미검토,목록만 확보,개별 파일 조건 미확인
물품,2020,국새-황제지새,국새-황제지새,국새-황제지새.glb,https://dh.aks.ac.kr/~hanyang/glb2/기물/국새-황제지새.glb,"https://dh.aks.ac.kr/hanyang2/wiki/index.php/2020_3D%EB%AA%A8%EB%8D%B8%EB%A7%81-%EC%A1%B0%ED%98%95,%EC%A0%9C%EA%B8%B0_%EB%93%B1",미검토,미검토,목록만 확보,개별 파일 조건 미확인
물품,2020,국새-흠문지보,국새-흠문지보,국새-흠문지보.glb,https://dh.aks.ac.kr/~hanyang/glb2/기물/국새-흠문지보.glb,"https://dh.aks.ac.kr/hanyang2/wiki/index.php/2020_3D%EB%AA%A8%EB%8D%B8%EB%A7%81-%EC%A1%B0%ED%98%95,%EC%A0%9C%EA%B8%B0_%EB%93%B1",미검토,미검토,목록만 확보,개별 파일 조건 미확인
물품,2020,국새-흠문지새,국새-흠문지새,국새-흠문지새.glb,https://dh.aks.ac.kr/~hanyang/glb2/기물/국새-흠문지새.glb,"https://dh.aks.ac.kr/hanyang2/wiki/index.php/2020_3D%EB%AA%A8%EB%8D%B8%EB%A7%81-%EC%A1%B0%ED%98%95,%EC%A0%9C%EA%B8%B0_%EB%93%B1",미검토,미검토,목록만 확보,개별 파일 조건 미확인
물품,2020,근배,근배,근배.glb,https://dh.aks.ac.kr/~hanyang/glb2/기명/근배.glb,"https://dh.aks.ac.kr/hanyang2/wiki/index.php/2020_3D%EB%AA%A8%EB%8D%B8%EB%A7%81-%EC%A1%B0%ED%98%95,%EC%A0%9C%EA%B8%B0_%EB%93%B1",미검토,미검토,목록만 확보,개별 파일 조건 미확인
물품,2020,쌍이단엽잔,쌍이단엽잔,쌍이단엽잔.glb,https://dh.aks.ac.kr/~hanyang/glb2/기명/쌍이단엽잔.glb,"https://dh.aks.ac.kr/hanyang2/wiki/index.php/2020_3D%EB%AA%A8%EB%8D%B8%EB%A7%81-%EC%A1%B0%ED%98%95,%EC%A0%9C%EA%B8%B0_%EB%93%B1",미검토,미검토,목록만 확보,개별 파일 조건 미확인
물품,2020,유접시,유접시,유접시.glb,https://dh.aks.ac.kr/~hanyang/glb2/기명/유접시.glb,"https://dh.aks.ac.kr/hanyang2/wiki/index.php/2020_3D%EB%AA%A8%EB%8D%B8%EB%A7%81-%EC%A1%B0%ED%98%95,%EC%A0%9C%EA%B8%B0_%EB%93%B1",미검토,미검토,목록만 확보,개별 파일 조건 미확인
물품,2020,은고첨,은고첨,은고첨.glb,https://dh.aks.ac.kr/~hanyang/glb2/기명/은고첨.glb,"https://dh.aks.ac.kr/hanyang2/wiki/index.php/2020_3D%EB%AA%A8%EB%8D%B8%EB%A7%81-%EC%A1%B0%ED%98%95,%EC%A0%9C%EA%B8%B0_%EB%93%B1",미검토,미검토,목록만 확보,개별 파일 조건 미확인
물품,2020,은봉병,은봉병,은봉병.glb,https://dh.aks.ac.kr/~hanyang/glb2/기명/은봉병.glb,"https://dh.aks.ac.kr/hanyang2/wiki/index.php/2020_3D%EB%AA%A8%EB%8D%B8%EB%A7%81-%EC%A1%B0%ED%98%95,%EC%A0%9C%EA%B8%B0_%EB%93%B1",미검토,미검토,목록만 확보,개별 파일 조건 미확인
물품,2020,은영롱시,은영롱시,은영롱시.glb,https://dh.aks.ac.kr/~hanyang/glb2/기명/은영롱시.glb,"https://dh.aks.ac.kr/hanyang2/wiki/index.php/2020_3D%EB%AA%A8%EB%8D%B8%EB%A7%81-%EC%A1%B0%ED%98%95,%EC%A0%9C%EA%B8%B0_%EB%93%B1",미검토,미검토,목록만 확보,개별 파일 조건 미확인
물품,2020,주우리,주우리,주우리.glb,https://dh.aks.ac.kr/~hanyang/glb2/기명/주우리.glb,"https://dh.aks.ac.kr/hanyang2/wiki/index.php/2020_3D%EB%AA%A8%EB%8D%B8%EB%A7%81-%EC%A1%B0%ED%98%95,%EC%A0%9C%EA%B8%B0_%EB%93%B1",미검토,미검토,목록만 확보,개별 파일 조건 미확인
물품,2020,주종자우리,주종자우리,주종자우리.glb,https://dh.aks.ac.kr/~hanyang/glb2/기명/주종자우리.glb,"https://dh.aks.ac.kr/hanyang2/wiki/index.php/2020_3D%EB%AA%A8%EB%8D%B8%EB%A7%81-%EC%A1%B0%ED%98%95,%EC%A0%9C%EA%B8%B0_%EB%93%B1",미검토,미검토,목록만 확보,개별 파일 조건 미확인
물품,2020,고종왕비교명,고종왕비교명,교명.glb,https://dh.aks.ac.kr/~hanyang/glb2/기물/교명.glb,"https://dh.aks.ac.kr/hanyang2/wiki/index.php/2020_3D%EB%AA%A8%EB%8D%B8%EB%A7%81-%EC%A1%B0%ED%98%95,%EC%A0%9C%EA%B8%B0_%EB%93%B1",미검토,미검토,목록만 확보,개별 파일 조건 미확인
물품,2020,교명궤,교명궤,교명궤.glb,https://dh.aks.ac.kr/~hanyang/glb2/기물/교명궤.glb,"https://dh.aks.ac.kr/hanyang2/wiki/index.php/2020_3D%EB%AA%A8%EB%8D%B8%EB%A7%81-%EC%A1%B0%ED%98%95,%EC%A0%9C%EA%B8%B0_%EB%93%B1",미검토,미검토,목록만 확보,개별 파일 조건 미확인
물품,2020,교배석,교배석,교배석.glb,https://dh.aks.ac.kr/~hanyang/glb2/기물/교배석.glb,"https://dh.aks.ac.kr/hanyang2/wiki/index.php/2020_3D%EB%AA%A8%EB%8D%B8%EB%A7%81-%EC%A1%B0%ED%98%95,%EC%A0%9C%EA%B8%B0_%EB%93%B1",미검토,미검토,목록만 확보,개별 파일 조건 미확인
물품,2020,모란병풍,모란병풍,모란병풍.glb,https://dh.aks.ac.kr/~hanyang/glb2/기물/모란병풍.glb,"https://dh.aks.ac.kr/hanyang2/wiki/index.php/2020_3D%EB%AA%A8%EB%8D%B8%EB%A7%81-%EC%A1%B0%ED%98%95,%EC%A0%9C%EA%B8%B0_%EB%93%B1",미검토,미검토,목록만 확보,개별 파일 조건 미확인
물품,2020,배안상,배안상,배안상.glb,https://dh.aks.ac.kr/~hanyang/glb2/기물/배안상.glb,"https://dh.aks.ac.kr/hanyang2/wiki/index.php/2020_3D%EB%AA%A8%EB%8D%B8%EB%A7%81-%EC%A1%B0%ED%98%95,%EC%A0%9C%EA%B8%B0_%EB%93%B1",미검토,미검토,목록만 확보,개별 파일 조건 미확인
물품,2020,옥동자,옥동자,옥동자.glb,https://dh.aks.ac.kr/~hanyang/glb2/기물/옥동자.glb,"https://dh.aks.ac.kr/hanyang2/wiki/index.php/2020_3D%EB%AA%A8%EB%8D%B8%EB%A7%81-%EC%A1%B0%ED%98%95,%EC%A0%9C%EA%B8%B0_%EB%93%B1",미검토,미검토,목록만 확보,개별 파일 조건 미확인
물품,2020,왜주홍칠대사방반,왜주홍칠대사방반,왜주홍칠대사방반.glb,https://dh.aks.ac.kr/~hanyang/glb2/기물/왜주홍칠대사방반.glb,"https://dh.aks.ac.kr/hanyang2/wiki/index.php/2020_3D%EB%AA%A8%EB%8D%B8%EB%A7%81-%EC%A1%B0%ED%98%95,%EC%A0%9C%EA%B8%B0_%EB%93%B1",미검토,미검토,목록만 확보,개별 파일 조건 미확인
물품,2020,왜주홍칠소사방반,왜주홍칠소사방반,왜주홍칠소사방반.glb,https://dh.aks.ac.kr/~hanyang/glb2/기물/왜주홍칠소사방반.glb,"https://dh.aks.ac.kr/hanyang2/wiki/index.php/2020_3D%EB%AA%A8%EB%8D%B8%EB%A7%81-%EC%A1%B0%ED%98%95,%EC%A0%9C%EA%B8%B0_%EB%93%B1",미검토,미검토,목록만 확보,개별 파일 조건 미확인
물품,2020,왜주홍칠소소사방반,왜주홍칠소소사방반,왜주홍칠소소사방반.glb,https://dh.aks.ac.kr/~hanyang/glb2/기물/왜주홍칠소소사방반.glb,"https://dh.aks.ac.kr/hanyang2/wiki/index.php/2020_3D%EB%AA%A8%EB%8D%B8%EB%A7%81-%EC%A1%B0%ED%98%95,%EC%A0%9C%EA%B8%B0_%EB%93%B1",미검토,미검토,목록만 확보,개별 파일 조건 미확인
물품,2020,흑칠소원반,흑칠소원반,흑칠소원반.glb,https://dh.aks.ac.kr/~hanyang/glb2/기물/흑칠소원반.glb,"https://dh.aks.ac.kr/hanyang2/wiki/index.php/2020_3D%EB%AA%A8%EB%8D%B8%EB%A7%81-%EC%A1%B0%ED%98%95,%EC%A0%9C%EA%B8%B0_%EB%93%B1",미검토,미검토,목록만 확보,개별 파일 조건 미확인
물품,2020,일월오봉도,일월오봉도,일월오봉도.glb,https://dh.aks.ac.kr/~hanyang/glb2/그림/일월오봉도.glb,"https://dh.aks.ac.kr/hanyang2/wiki/index.php/2020_3D%EB%AA%A8%EB%8D%B8%EB%A7%81-%EC%A1%B0%ED%98%95,%EC%A0%9C%EA%B8%B0_%EB%93%B1",미검토,미검토,목록만 확보,개별 파일 조건 미확인
물품,2020,곡병,곡병,곡병.glb,https://dh.aks.ac.kr/~hanyang/glb2/기물/곡병.glb,"https://dh.aks.ac.kr/hanyang2/wiki/index.php/2020_3D%EB%AA%A8%EB%8D%B8%EB%A7%81-%EC%A1%B0%ED%98%95,%EC%A0%9C%EA%B8%B0_%EB%93%B1",미검토,미검토,목록만 확보,개별 파일 조건 미확인
물품,2020,당가,당가,당가.glb,https://dh.aks.ac.kr/~hanyang/glb2/기물/당가.glb,"https://dh.aks.ac.kr/hanyang2/wiki/index.php/2020_3D%EB%AA%A8%EB%8D%B8%EB%A7%81-%EC%A1%B0%ED%98%95,%EC%A0%9C%EA%B8%B0_%EB%93%B1",미검토,미검토,목록만 확보,개별 파일 조건 미확인
물품,2020,어좌,어좌,어좌.glb,https://dh.aks.ac.kr/~hanyang/glb2/기물/어좌.glb,"https://dh.aks.ac.kr/hanyang2/wiki/index.php/2020_3D%EB%AA%A8%EB%8D%B8%EB%A7%81-%EC%A1%B0%ED%98%95,%EC%A0%9C%EA%B8%B0_%EB%93%B1",미검토,미검토,목록만 확보,개별 파일 조건 미확인
물품,2020,어탑,어탑,어탑.glb,https://dh.aks.ac.kr/~hanyang/glb2/기물/어탑.glb,"https://dh.aks.ac.kr/hanyang2/wiki/index.php/2020_3D%EB%AA%A8%EB%8D%B8%EB%A7%81-%EC%A1%B0%ED%98%95,%EC%A0%9C%EA%B8%B0_%EB%93%B1",미검토,미검토,목록만 확보,개별 파일 조건 미확인
물품,2020,경회루_연못_출토_용,경회루 연못 출토 용,경회루_연못_출토_용.glb,https://dh.aks.ac.kr/~hanyang/glb2/물품/경회루_연못_출토_용.glb,"https://dh.aks.ac.kr/hanyang2/wiki/index.php/2020_3D%EB%AA%A8%EB%8D%B8%EB%A7%81-%EC%A1%B0%ED%98%95,%EC%A0%9C%EA%B8%B0_%EB%93%B1",미검토,미검토,목록만 확보,개별 파일 조건 미확인
물품,2020,경회루-돌난간의_불가사리_조각상,경회루 돌난간의 불가사리 조각상,경회루_돌난간의_불가사리_조각상.glb,https://dh.aks.ac.kr/~hanyang/glb2/석조조형/경회루_돌난간의_불가사리_조각상.glb,"https://dh.aks.ac.kr/hanyang2/wiki/index.php/2020_3D%EB%AA%A8%EB%8D%B8%EB%A7%81-%EC%A1%B0%ED%98%95,%EC%A0%9C%EA%B8%B0_%EB%93%B1",미검토,미검토,목록만 확보,개별 파일 조건 미확인
물품,2020,경회루-석연지,경회루 석연지,경회루_석연지.glb,https://dh.aks.ac.kr/~hanyang/glb2/석조조형/경회루_석연지.glb,"https://dh.aks.ac.kr/hanyang2/wiki/index.php/2020_3D%EB%AA%A8%EB%8D%B8%EB%A7%81-%EC%A1%B0%ED%98%95,%EC%A0%9C%EA%B8%B0_%EB%93%B1",미검토,미검토,목록만 확보,개별 파일 조건 미확인
물품,2020,경회루-연화대,경회루 연화대,경회루_연화대.glb,https://dh.aks.ac.kr/~hanyang/glb2/석조조형/경회루_연화대.glb,"https://dh.aks.ac.kr/hanyang2/wiki/index.php/2020_3D%EB%AA%A8%EB%8D%B8%EB%A7%81-%EC%A1%B0%ED%98%95,%EC%A0%9C%EA%B8%B0_%EB%93%B1",미검토,미검토,목록만 확보,개별 파일 조건 미확인
물품,2020,경회루-해태석상,경회루 해태석상,경회루_해태석상.glb,https://dh.aks.ac.kr/~hanyang/glb2/석조조형/경회루_해태석상.glb,"https://dh.aks.ac.kr/hanyang2/wiki/index.php/2020_3D%EB%AA%A8%EB%8D%B8%EB%A7%81-%EC%A1%B0%ED%98%95,%EC%A0%9C%EA%B8%B0_%EB%93%B1",미검토,미검토,목록만 확보,개별 파일 조건 미확인
물품,2020,광화문_해치상,광화문 해치상,광화문_해치상.glb,https://dh.aks.ac.kr/~hanyang/glb2/석조조형/광화문_해치상.glb,"https://dh.aks.ac.kr/hanyang2/wiki/index.php/2020_3D%EB%AA%A8%EB%8D%B8%EB%A7%81-%EC%A1%B0%ED%98%95,%EC%A0%9C%EA%B8%B0_%EB%93%B1",미검토,미검토,목록만 확보,개별 파일 조건 미확인
물품,2020,자경전_해치상,자경전 석수,자경전_석수.glb,https://dh.aks.ac.kr/~hanyang/glb2/석조조형/자경전_석수.glb,"https://dh.aks.ac.kr/hanyang2/wiki/index.php/2020_3D%EB%AA%A8%EB%8D%B8%EB%A7%81-%EC%A1%B0%ED%98%95,%EC%A0%9C%EA%B8%B0_%EB%93%B1",미검토,미검토,목록만 확보,개별 파일 조건 미확인
물품,2020,함원전-물확,함원전 물확,함원전_물확.glb,https://dh.aks.ac.kr/~hanyang/glb2/석조조형/함원전_물확.glb,"https://dh.aks.ac.kr/hanyang2/wiki/index.php/2020_3D%EB%AA%A8%EB%8D%B8%EB%A7%81-%EC%A1%B0%ED%98%95,%EC%A0%9C%EA%B8%B0_%EB%93%B1",미검토,미검토,목록만 확보,개별 파일 조건 미확인
물품,2020,함원전-수조,함원전 수조,함원전_수조.glb,https://dh.aks.ac.kr/~hanyang/glb2/석조조형/함원전_수조.glb,"https://dh.aks.ac.kr/hanyang2/wiki/index.php/2020_3D%EB%AA%A8%EB%8D%B8%EB%A7%81-%EC%A1%B0%ED%98%95,%EC%A0%9C%EA%B8%B0_%EB%93%B1",미검토,미검토,목록만 확보,개별 파일 조건 미확인
물품,2020,12지신-닭_석상,12지신 닭 석상,12지신_닭석상.glb,https://dh.aks.ac.kr/~hanyang/glb2/석조조형/12지신_닭석상.glb,"https://dh.aks.ac.kr/hanyang2/wiki/index.php/2020_3D%EB%AA%A8%EB%8D%B8%EB%A7%81-%EC%A1%B0%ED%98%95,%EC%A0%9C%EA%B8%B0_%EB%93%B1",미검토,미검토,목록만 확보,개별 파일 조건 미확인
물품,2020,12지신-말_석상,12지신 말 석상,12지신_말석상.glb,https://dh.aks.ac.kr/~hanyang/glb2/석조조형/12지신_말석상.glb,"https://dh.aks.ac.kr/hanyang2/wiki/index.php/2020_3D%EB%AA%A8%EB%8D%B8%EB%A7%81-%EC%A1%B0%ED%98%95,%EC%A0%9C%EA%B8%B0_%EB%93%B1",미검토,미검토,목록만 확보,개별 파일 조건 미확인
물품,2020,12지신-뱀_석상,12지신 뱀 석상,12지신_뱀석상.glb,https://dh.aks.ac.kr/~hanyang/glb2/석조조형/12지신_뱀석상.glb,"https://dh.aks.ac.kr/hanyang2/wiki/index.php/2020_3D%EB%AA%A8%EB%8D%B8%EB%A7%81-%EC%A1%B0%ED%98%95,%EC%A0%9C%EA%B8%B0_%EB%93%B1",미검토,미검토,목록만 확보,개별 파일 조건 미확인
물품,2020,12지신-소_석상,12지신 소 석상,12지신_소석상.glb,https://dh.aks.ac.kr/~hanyang/glb2/석조조형/12지신_소석상.glb,"https://dh.aks.ac.kr/hanyang2/wiki/index.php/2020_3D%EB%AA%A8%EB%8D%B8%EB%A7%81-%EC%A1%B0%ED%98%95,%EC%A0%9C%EA%B8%B0_%EB%93%B1",미검토,미검토,목록만 확보,개별 파일 조건 미확인
물품,2020,12지신-양_석상,12지신 양 석상,12지신_양석상.glb,https://dh.aks.ac.kr/~hanyang/glb2/석조조형/12지신_양석상.glb,"https://dh.aks.ac.kr/hanyang2/wiki/index.php/2020_3D%EB%AA%A8%EB%8D%B8%EB%A7%81-%EC%A1%B0%ED%98%95,%EC%A0%9C%EA%B8%B0_%EB%93%B1",미검토,미검토,목록만 확보,개별 파일 조건 미확인
물품,2020,12지신-원숭이_석상,12지신 원숭이 석상,12지신_원숭이석상.glb,https://dh.aks.ac.kr/~hanyang/glb2/석조조형/12지신_원숭이석상.glb,"https://dh.aks.ac.kr/hanyang2/wiki/index.php/2020_3D%EB%AA%A8%EB%8D%B8%EB%A7%81-%EC%A1%B0%ED%98%95,%EC%A0%9C%EA%B8%B0_%EB%93%B1",미검토,미검토,목록만 확보,개별 파일 조건 미확인
물품,2020,12지신-쥐_석상,12지신 쥐 석상,12지신_쥐석상.glb,https://dh.aks.ac.kr/~hanyang/glb2/석조조형/12지신_쥐석상.glb,"https://dh.aks.ac.kr/hanyang2/wiki/index.php/2020_3D%EB%AA%A8%EB%8D%B8%EB%A7%81-%EC%A1%B0%ED%98%95,%EC%A0%9C%EA%B8%B0_%EB%93%B1",미검토,미검토,목록만 확보,개별 파일 조건 미확인
물품,2020,12지신-토끼_석상,12지신 토끼 석상,12지신_토끼석상.glb,https://dh.aks.ac.kr/~hanyang/glb2/석조조형/12지신_토끼석상.glb,"https://dh.aks.ac.kr/hanyang2/wiki/index.php/2020_3D%EB%AA%A8%EB%8D%B8%EB%A7%81-%EC%A1%B0%ED%98%95,%EC%A0%9C%EA%B8%B0_%EB%93%B1",미검토,미검토,목록만 확보,개별 파일 조건 미확인
물품,2020,12지신-호랑이_석상,12지신 호랑이 석상,12지신_호랑이석상.glb,https://dh.aks.ac.kr/~hanyang/glb2/석조조형/12지신_호랑이석상.glb,"https://dh.aks.ac.kr/hanyang2/wiki/index.php/2020_3D%EB%AA%A8%EB%8D%B8%EB%A7%81-%EC%A1%B0%ED%98%95,%EC%A0%9C%EA%B8%B0_%EB%93%B1",미검토,미검토,목록만 확보,개별 파일 조건 미확인
물품,2020,4방신-남_주작_석상,4방신 남 주작 석상,4방신_남주작석상.glb,https://dh.aks.ac.kr/~hanyang/glb2/석조조형/4방신_남주작석상.glb,"https://dh.aks.ac.kr/hanyang2/wiki/index.php/2020_3D%EB%AA%A8%EB%8D%B8%EB%A7%81-%EC%A1%B0%ED%98%95,%EC%A0%9C%EA%B8%B0_%EB%93%B1",미검토,미검토,목록만 확보,개별 파일 조건 미확인
물품,2020,4방신-북_현무_석상,4방신 북 현무 석상,4방신_북현무석상.glb,https://dh.aks.ac.kr/~hanyang/glb2/석조조형/4방신_북현무석상.glb,"https://dh.aks.ac.kr/hanyang2/wiki/index.php/2020_3D%EB%AA%A8%EB%8D%B8%EB%A7%81-%EC%A1%B0%ED%98%95,%EC%A0%9C%EA%B8%B0_%EB%93%B1",미검토,미검토,목록만 확보,개별 파일 조건 미확인
물품,2020,4방신-우_백호_석상,4방신 우 백호 석상,4방신_우백호석상.glb,https://dh.aks.ac.kr/~hanyang/glb2/석조조형/4방신_우백호석상.glb,"https://dh.aks.ac.kr/hanyang2/wiki/index.php/2020_3D%EB%AA%A8%EB%8D%B8%EB%A7%81-%EC%A1%B0%ED%98%95,%EC%A0%9C%EA%B8%B0_%EB%93%B1",미검토,미검토,목록만 확보,개별 파일 조건 미확인
물품,2020,4방신-좌_청룡_석상,4방신 좌 청룡 석상,4방신_좌청룡석상.glb,https://dh.aks.ac.kr/~hanyang/glb2/석조조형/4방신_좌청룡석상.glb,"https://dh.aks.ac.kr/hanyang2/wiki/index.php/2020_3D%EB%AA%A8%EB%8D%B8%EB%A7%81-%EC%A1%B0%ED%98%95,%EC%A0%9C%EA%B8%B0_%EB%93%B1",미검토,미검토,목록만 확보,개별 파일 조건 미확인
물품,2020,광화문-남측_석누조,광화문 남측 석누조,광화문_남측_석누조.glb,https://dh.aks.ac.kr/~hanyang/glb2/석조조형/광화문_남측_석누조.glb,"https://dh.aks.ac.kr/hanyang2/wiki/index.php/2020_3D%EB%AA%A8%EB%8D%B8%EB%A7%81-%EC%A1%B0%ED%98%95,%EC%A0%9C%EA%B8%B0_%EB%93%B1",미검토,미검토,목록만 확보,개별 파일 조건 미확인
물품,2020,근정전_월대_해치상,근정전 월대 해치상(오른쪽),근정전_월대_해치_오른쪽.glb,https://dh.aks.ac.kr/~hanyang/glb2/석조조형/근정전_월대_해치_오른쪽.glb,"https://dh.aks.ac.kr/hanyang2/wiki/index.php/2020_3D%EB%AA%A8%EB%8D%B8%EB%A7%81-%EC%A1%B0%ED%98%95,%EC%A0%9C%EA%B8%B0_%EB%93%B1",미검토,미검토,목록만 확보,개별 파일 조건 미확인
물품,2020,정1품_품계석,정1품 품계석,정1품품계석.glb,https://dh.aks.ac.kr/~hanyang/glb2/석조조형/정1품품계석.glb,"https://dh.aks.ac.kr/hanyang2/wiki/index.php/2020_3D%EB%AA%A8%EB%8D%B8%EB%A7%81-%EC%A1%B0%ED%98%95,%EC%A0%9C%EA%B8%B0_%EB%93%B1",미검토,미검토,목록만 확보,개별 파일 조건 미확인
물품,2020,정3품_품계석,정3품 품계석,정3품품계석.glb,https://dh.aks.ac.kr/~hanyang/glb2/석조조형/정3품품계석.glb,"https://dh.aks.ac.kr/hanyang2/wiki/index.php/2020_3D%EB%AA%A8%EB%8D%B8%EB%A7%81-%EC%A1%B0%ED%98%95,%EC%A0%9C%EA%B8%B0_%EB%93%B1",미검토,미검토,목록만 확보,개별 파일 조건 미확인
물품,2020,정9품_품계석,정9품 품계석,정9품품계석.glb,https://dh.aks.ac.kr/~hanyang/glb2/석조조형/정9품품계석.glb,"https://dh.aks.ac.kr/hanyang2/wiki/index.php/2020_3D%EB%AA%A8%EB%8D%B8%EB%A7%81-%EC%A1%B0%ED%98%95,%EC%A0%9C%EA%B8%B0_%EB%93%B1",미검토,미검토,목록만 확보,개별 파일 조건 미확인
물품,2020,쌍룡각보개,쌍룡각보개,쌍룡각보개.glb,https://dh.aks.ac.kr/~hanyang/glb2/장식물/쌍룡각보개.glb,"https://dh.aks.ac.kr/hanyang2/wiki/index.php/2020_3D%EB%AA%A8%EB%8D%B8%EB%A7%81-%EC%A1%B0%ED%98%95,%EC%A0%9C%EA%B8%B0_%EB%93%B1",미검토,미검토,목록만 확보,개별 파일 조건 미확인
물품,2020,궤-簋,궤(簋),궤.glb,https://dh.aks.ac.kr/~hanyang/glb2/제기/궤.glb,"https://dh.aks.ac.kr/hanyang2/wiki/index.php/2020_3D%EB%AA%A8%EB%8D%B8%EB%A7%81-%EC%A1%B0%ED%98%95,%EC%A0%9C%EA%B8%B0_%EB%93%B1",미검토,미검토,목록만 확보,개별 파일 조건 미확인
물품,2020,난도,난도,난도.glb,https://dh.aks.ac.kr/~hanyang/glb2/제기/난도.glb,"https://dh.aks.ac.kr/hanyang2/wiki/index.php/2020_3D%EB%AA%A8%EB%8D%B8%EB%A7%81-%EC%A1%B0%ED%98%95,%EC%A0%9C%EA%B8%B0_%EB%93%B1",미검토,미검토,목록만 확보,개별 파일 조건 미확인
물품,2020,대준,대준,대준.glb,https://dh.aks.ac.kr/~hanyang/glb2/제기/대준.glb,"https://dh.aks.ac.kr/hanyang2/wiki/index.php/2020_3D%EB%AA%A8%EB%8D%B8%EB%A7%81-%EC%A1%B0%ED%98%95,%EC%A0%9C%EA%B8%B0_%EB%93%B1",미검토,미검토,목록만 확보,개별 파일 조건 미확인
물품,2020,두-豆,두(豆),두.glb,https://dh.aks.ac.kr/~hanyang/glb2/제기/두.glb,"https://dh.aks.ac.kr/hanyang2/wiki/index.php/2020_3D%EB%AA%A8%EB%8D%B8%EB%A7%81-%EC%A1%B0%ED%98%95,%EC%A0%9C%EA%B8%B0_%EB%93%B1",미검토,미검토,목록만 확보,개별 파일 조건 미확인
물품,2020,망료저,망료저,망료저.glb,https://dh.aks.ac.kr/~hanyang/glb2/제기/망료저.glb,"https://dh.aks.ac.kr/hanyang2/wiki/index.php/2020_3D%EB%AA%A8%EB%8D%B8%EB%A7%81-%EC%A1%B0%ED%98%95,%EC%A0%9C%EA%B8%B0_%EB%93%B1",미검토,미검토,목록만 확보,개별 파일 조건 미확인
물품,2020,멱-羃,멱(羃),멱.glb,https://dh.aks.ac.kr/~hanyang/glb2/제기/멱.glb,"https://dh.aks.ac.kr/hanyang2/wiki/index.php/2020_3D%EB%AA%A8%EB%8D%B8%EB%A7%81-%EC%A1%B0%ED%98%95,%EC%A0%9C%EA%B8%B0_%EB%93%B1",미검토,미검토,목록만 확보,개별 파일 조건 미확인
물품,2020,모혈반,모혈반,모혈반.glb,https://dh.aks.ac.kr/~hanyang/glb2/제기/모혈반.glb,"https://dh.aks.ac.kr/hanyang2/wiki/index.php/2020_3D%EB%AA%A8%EB%8D%B8%EB%A7%81-%EC%A1%B0%ED%98%95,%EC%A0%9C%EA%B8%B0_%EB%93%B1",미검토,미검토,목록만 확보,개별 파일 조건 미확인
물품,2020,문진,문진,문진.glb,https://dh.aks.ac.kr/~hanyang/glb2/제기/문진.glb,"https://dh.aks.ac.kr/hanyang2/wiki/index.php/2020_3D%EB%AA%A8%EB%8D%B8%EB%A7%81-%EC%A1%B0%ED%98%95,%EC%A0%9C%EA%B8%B0_%EB%93%B1",미검토,미검토,목록만 확보,개별 파일 조건 미확인
물품,2020,변-籩,변(籩),변.glb,https://dh.aks.ac.kr/~hanyang/glb2/제기/변.glb,"https://dh.aks.ac.kr/hanyang2/wiki/index.php/2020_3D%EB%AA%A8%EB%8D%B8%EB%A7%81-%EC%A1%B0%ED%98%95,%EC%A0%9C%EA%B8%B0_%EB%93%B1",미검토,미검토,목록만 확보,개별 파일 조건 미확인
물품,2020,보-簠,보(簠),보.glb,https://dh.aks.ac.kr/~hanyang/glb2/제기/보.glb,"https://dh.aks.ac.kr/hanyang2/wiki/index.php/2020_3D%EB%AA%A8%EB%8D%B8%EB%A7%81-%EC%A1%B0%ED%98%95,%EC%A0%9C%EA%B8%B0_%EB%93%B1",미검토,미검토,목록만 확보,개별 파일 조건 미확인
물품,2020,비-篚,비(篚),비.glb,https://dh.aks.ac.kr/~hanyang/glb2/제기/비.glb,"https://dh.aks.ac.kr/hanyang2/wiki/index.php/2020_3D%EB%AA%A8%EB%8D%B8%EB%A7%81-%EC%A1%B0%ED%98%95,%EC%A0%9C%EA%B8%B0_%EB%93%B1",미검토,미검토,목록만 확보,개별 파일 조건 미확인
물품,2020,산뢰,산뢰,산뢰.glb,https://dh.aks.ac.kr/~hanyang/glb2/제기/산뢰.glb,"https://dh.aks.ac.kr/hanyang2/wiki/index.php/2020_3D%EB%AA%A8%EB%8D%B8%EB%A7%81-%EC%A1%B0%ED%98%95,%EC%A0%9C%EA%B8%B0_%EB%93%B1",미검토,미검토,목록만 확보,개별 파일 조건 미확인
물품,2020,상준,상준,상준.glb,https://dh.aks.ac.kr/~hanyang/glb2/제기/상준.glb,"https://dh.aks.ac.kr/hanyang2/wiki/index.php/2020_3D%EB%AA%A8%EB%8D%B8%EB%A7%81-%EC%A1%B0%ED%98%95,%EC%A0%9C%EA%B8%B0_%EB%93%B1",미검토,미검토,목록만 확보,개별 파일 조건 미확인
물품,2020,생갑-牲匣,대생갑,대생갑.glb,https://dh.aks.ac.kr/~hanyang/glb2/제기/대생갑.glb,"https://dh.aks.ac.kr/hanyang2/wiki/index.php/2020_3D%EB%AA%A8%EB%8D%B8%EB%A7%81-%EC%A1%B0%ED%98%95,%EC%A0%9C%EA%B8%B0_%EB%93%B1",미검토,미검토,목록만 확보,개별 파일 조건 미확인
물품,2020,세뢰,세뢰,세뢰.glb,https://dh.aks.ac.kr/~hanyang/glb2/제기/세뢰.glb,"https://dh.aks.ac.kr/hanyang2/wiki/index.php/2020_3D%EB%AA%A8%EB%8D%B8%EB%A7%81-%EC%A1%B0%ED%98%95,%EC%A0%9C%EA%B8%B0_%EB%93%B1",미검토,미검토,목록만 확보,개별 파일 조건 미확인
물품,2020,세-洗,세(洗),세.glb,https://dh.aks.ac.kr/~hanyang/glb2/제기/세.glb,"https://dh.aks.ac.kr/hanyang2/wiki/index.php/2020_3D%EB%AA%A8%EB%8D%B8%EB%A7%81-%EC%A1%B0%ED%98%95,%EC%A0%9C%EA%B8%B0_%EB%93%B1",미검토,미검토,목록만 확보,개별 파일 조건 미확인
물품,2020,시정,시정,시정.glb,https://dh.aks.ac.kr/~hanyang/glb2/제기/시정.glb,"https://dh.aks.ac.kr/hanyang2/wiki/index.php/2020_3D%EB%AA%A8%EB%8D%B8%EB%A7%81-%EC%A1%B0%ED%98%95,%EC%A0%9C%EA%B8%B0_%EB%93%B1",미검토,미검토,목록만 확보,개별 파일 조건 미확인
물품,2020,양정,양정,양정.glb,https://dh.aks.ac.kr/~hanyang/glb2/제기/양정.glb,"https://dh.aks.ac.kr/hanyang2/wiki/index.php/2020_3D%EB%AA%A8%EB%8D%B8%EB%A7%81-%EC%A1%B0%ED%98%95,%EC%A0%9C%EA%B8%B0_%EB%93%B1",미검토,미검토,목록만 확보,개별 파일 조건 미확인
물품,2020,와룡촛대,와룡촛대,와룡촛대.glb,https://dh.aks.ac.kr/~hanyang/glb2/제기/와룡촛대.glb,"https://dh.aks.ac.kr/hanyang2/wiki/index.php/2020_3D%EB%AA%A8%EB%8D%B8%EB%A7%81-%EC%A1%B0%ED%98%95,%EC%A0%9C%EA%B8%B0_%EB%93%B1",미검토,미검토,목록만 확보,개별 파일 조건 미확인
물품,2020,용작,용작,용작.glb,https://dh.aks.ac.kr/~hanyang/glb2/제기/용작.glb,"https://dh.aks.ac.kr/hanyang2/wiki/index.php/2020_3D%EB%AA%A8%EB%8D%B8%EB%A7%81-%EC%A1%B0%ED%98%95,%EC%A0%9C%EA%B8%B0_%EB%93%B1",미검토,미검토,목록만 확보,개별 파일 조건 미확인
물품,2020,우정,우정,우정.glb,https://dh.aks.ac.kr/~hanyang/glb2/제기/우정.glb,"https://dh.aks.ac.kr/hanyang2/wiki/index.php/2020_3D%EB%AA%A8%EB%8D%B8%EB%A7%81-%EC%A1%B0%ED%98%95,%EC%A0%9C%EA%B8%B0_%EB%93%B1",미검토,미검토,목록만 확보,개별 파일 조건 미확인
물품,2020,작-爵,작(爵),작.glb,https://dh.aks.ac.kr/~hanyang/glb2/제기/작.glb,"https://dh.aks.ac.kr/hanyang2/wiki/index.php/2020_3D%EB%AA%A8%EB%8D%B8%EB%A7%81-%EC%A1%B0%ED%98%95,%EC%A0%9C%EA%B8%B0_%EB%93%B1",미검토,미검토,목록만 확보,개별 파일 조건 미확인
물품,2020,점-坫,작점,작점.glb,https://dh.aks.ac.kr/~hanyang/glb2/제기/작점.glb,"https://dh.aks.ac.kr/hanyang2/wiki/index.php/2020_3D%EB%AA%A8%EB%8D%B8%EB%A7%81-%EC%A1%B0%ED%98%95,%EC%A0%9C%EA%B8%B0_%EB%93%B1",미검토,미검토,목록만 확보,개별 파일 조건 미확인
물품,2020,조-俎,조(俎),조.glb,https://dh.aks.ac.kr/~hanyang/glb2/제기/조.glb,"https://dh.aks.ac.kr/hanyang2/wiki/index.php/2020_3D%EB%AA%A8%EB%8D%B8%EB%A7%81-%EC%A1%B0%ED%98%95,%EC%A0%9C%EA%B8%B0_%EB%93%B1",미검토,미검토,목록만 확보,개별 파일 조건 미확인
물품,2020,착준,착준,착준.glb,https://dh.aks.ac.kr/~hanyang/glb2/제기/착준.glb,"https://dh.aks.ac.kr/hanyang2/wiki/index.php/2020_3D%EB%AA%A8%EB%8D%B8%EB%A7%81-%EC%A1%B0%ED%98%95,%EC%A0%9C%EA%B8%B0_%EB%93%B1",미검토,미검토,목록만 확보,개별 파일 조건 미확인
물품,2020,축판,축판,축판.glb,https://dh.aks.ac.kr/~hanyang/glb2/제기/축판.glb,"https://dh.aks.ac.kr/hanyang2/wiki/index.php/2020_3D%EB%AA%A8%EB%8D%B8%EB%A7%81-%EC%A1%B0%ED%98%95,%EC%A0%9C%EA%B8%B0_%EB%93%B1",미검토,미검토,목록만 확보,개별 파일 조건 미확인
물품,2020,향로,향로,향로.glb,https://dh.aks.ac.kr/~hanyang/glb2/제기/향로.glb,"https://dh.aks.ac.kr/hanyang2/wiki/index.php/2020_3D%EB%AA%A8%EB%8D%B8%EB%A7%81-%EC%A1%B0%ED%98%95,%EC%A0%9C%EA%B8%B0_%EB%93%B1",미검토,미검토,목록만 확보,개별 파일 조건 미확인
물품,2020,향합,향합,향합.glb,https://dh.aks.ac.kr/~hanyang/glb2/제기/향합.glb,"https://dh.aks.ac.kr/hanyang2/wiki/index.php/2020_3D%EB%AA%A8%EB%8D%B8%EB%A7%81-%EC%A1%B0%ED%98%95,%EC%A0%9C%EA%B8%B0_%EB%93%B1",미검토,미검토,목록만 확보,개별 파일 조건 미확인
물품,2020,형-鉶,형(鉶),형.glb,https://dh.aks.ac.kr/~hanyang/glb2/제기/형.glb,"https://dh.aks.ac.kr/hanyang2/wiki/index.php/2020_3D%EB%AA%A8%EB%8D%B8%EB%A7%81-%EC%A1%B0%ED%98%95,%EC%A0%9C%EA%B8%B0_%EB%93%B1",미검토,미검토,목록만 확보,개별 파일 조건 미확인
물품,2020,바느질함,바느질함,바느질함.glb,https://dh.aks.ac.kr/~hanyang/glb2/물품/바느질함.glb,"https://dh.aks.ac.kr/hanyang2/wiki/index.php/2020_3D%EB%AA%A8%EB%8D%B8%EB%A7%81-%EC%A1%B0%ED%98%95,%EC%A0%9C%EA%B8%B0_%EB%93%B1",미검토,미검토,목록만 확보,개별 파일 조건 미확인
물품,2020,봉황보,봉황보,봉황보.glb,https://dh.aks.ac.kr/~hanyang/glb2/물품/봉황보.glb,"https://dh.aks.ac.kr/hanyang2/wiki/index.php/2020_3D%EB%AA%A8%EB%8D%B8%EB%A7%81-%EC%A1%B0%ED%98%95,%EC%A0%9C%EA%B8%B0_%EB%93%B1",미검토,미검토,목록만 확보,개별 파일 조건 미확인
물품,2020,부험,부험,부험.glb,https://dh.aks.ac.kr/~hanyang/glb2/물품/부험.glb,"https://dh.aks.ac.kr/hanyang2/wiki/index.php/2020_3D%EB%AA%A8%EB%8D%B8%EB%A7%81-%EC%A1%B0%ED%98%95,%EC%A0%9C%EA%B8%B0_%EB%93%B1",미검토,미검토,목록만 확보,개별 파일 조건 미확인
물품,2020,사인참사검,사인참사검,사인참사검.glb,https://dh.aks.ac.kr/~hanyang/glb2/물품/사인참사검.glb,"https://dh.aks.ac.kr/hanyang2/wiki/index.php/2020_3D%EB%AA%A8%EB%8D%B8%EB%A7%81-%EC%A1%B0%ED%98%95,%EC%A0%9C%EA%B8%B0_%EB%93%B1",미검토,미검토,목록만 확보,개별 파일 조건 미확인
물품,2020,삼인검,삼인검,삼인검검집.glb,https://dh.aks.ac.kr/~hanyang/glb2/물품/삼인검검집.glb,"https://dh.aks.ac.kr/hanyang2/wiki/index.php/2020_3D%EB%AA%A8%EB%8D%B8%EB%A7%81-%EC%A1%B0%ED%98%95,%EC%A0%9C%EA%B8%B0_%EB%93%B1",미검토,미검토,목록만 확보,개별 파일 조건 미확인
물품,2020,앙부일구,앙부일구,앙부일구.glb,https://dh.aks.ac.kr/~hanyang/glb2/물품/앙부일구.glb,"https://dh.aks.ac.kr/hanyang2/wiki/index.php/2020_3D%EB%AA%A8%EB%8D%B8%EB%A7%81-%EC%A1%B0%ED%98%95,%EC%A0%9C%EA%B8%B0_%EB%93%B1",미검토,미검토,목록만 확보,개별 파일 조건 미확인
물품,2020,약저울,약저울,약저울.glb,https://dh.aks.ac.kr/~hanyang/glb2/물품/약저울.glb,"https://dh.aks.ac.kr/hanyang2/wiki/index.php/2020_3D%EB%AA%A8%EB%8D%B8%EB%A7%81-%EC%A1%B0%ED%98%95,%EC%A0%9C%EA%B8%B0_%EB%93%B1",미검토,미검토,목록만 확보,개별 파일 조건 미확인
물품,2020,영조척,영조척,영조척.glb,https://dh.aks.ac.kr/~hanyang/glb2/물품/영조척.glb,"https://dh.aks.ac.kr/hanyang2/wiki/index.php/2020_3D%EB%AA%A8%EB%8D%B8%EB%A7%81-%EC%A1%B0%ED%98%95,%EC%A0%9C%EA%B8%B0_%EB%93%B1",미검토,미검토,목록만 확보,개별 파일 조건 미확인
물품,2020,저울추,저울추,저울추.glb,https://dh.aks.ac.kr/~hanyang/glb2/물품/저울추.glb,"https://dh.aks.ac.kr/hanyang2/wiki/index.php/2020_3D%EB%AA%A8%EB%8D%B8%EB%A7%81-%EC%A1%B0%ED%98%95,%EC%A0%9C%EA%B8%B0_%EB%93%B1",미검토,미검토,목록만 확보,개별 파일 조건 미확인
물품,2020,주척,주척,주척.glb,https://dh.aks.ac.kr/~hanyang/glb2/물품/주척.glb,"https://dh.aks.ac.kr/hanyang2/wiki/index.php/2020_3D%EB%AA%A8%EB%8D%B8%EB%A7%81-%EC%A1%B0%ED%98%95,%EC%A0%9C%EA%B8%B0_%EB%93%B1",미검토,미검토,목록만 확보,개별 파일 조건 미확인
물품,2020,측우기,측우기,측우기.glb,https://dh.aks.ac.kr/~hanyang/glb2/물품/측우기.glb,"https://dh.aks.ac.kr/hanyang2/wiki/index.php/2020_3D%EB%AA%A8%EB%8D%B8%EB%A7%81-%EC%A1%B0%ED%98%95,%EC%A0%9C%EA%B8%B0_%EB%93%B1",미검토,미검토,목록만 확보,개별 파일 조건 미확인
물품,2020,답장,답장,답장.glb,https://dh.aks.ac.kr/~hanyang/glb2/기명/답장.glb,"https://dh.aks.ac.kr/hanyang2/wiki/index.php/2020_3D%EB%AA%A8%EB%8D%B8%EB%A7%81-%EC%A1%B0%ED%98%95,%EC%A0%9C%EA%B8%B0_%EB%93%B1",미검토,미검토,목록만 확보,개별 파일 조건 미확인
물품,2020,몽금척족자,몽금척족자,몽금척족자.glb,https://dh.aks.ac.kr/~hanyang/glb2/기명/몽금척족자.glb,"https://dh.aks.ac.kr/hanyang2/wiki/index.php/2020_3D%EB%AA%A8%EB%8D%B8%EB%A7%81-%EC%A1%B0%ED%98%95,%EC%A0%9C%EA%B8%B0_%EB%93%B1",미검토,미검토,목록만 확보,개별 파일 조건 미확인
물품,2020,보안,보안,보안.glb,https://dh.aks.ac.kr/~hanyang/glb2/기명/보안.glb,"https://dh.aks.ac.kr/hanyang2/wiki/index.php/2020_3D%EB%AA%A8%EB%8D%B8%EB%A7%81-%EC%A1%B0%ED%98%95,%EC%A0%9C%EA%B8%B0_%EB%93%B1",미검토,미검토,목록만 확보,개별 파일 조건 미확인
물품,2020,서배,서배,서배.glb,https://dh.aks.ac.kr/~hanyang/glb2/기명/서배.glb,"https://dh.aks.ac.kr/hanyang2/wiki/index.php/2020_3D%EB%AA%A8%EB%8D%B8%EB%A7%81-%EC%A1%B0%ED%98%95,%EC%A0%9C%EA%B8%B0_%EB%93%B1",미검토,미검토,목록만 확보,개별 파일 조건 미확인
물품,2020,수문호배,수만호배,수문호배.glb,https://dh.aks.ac.kr/~hanyang/glb2/기명/수문호배.glb,"https://dh.aks.ac.kr/hanyang2/wiki/index.php/2020_3D%EB%AA%A8%EB%8D%B8%EB%A7%81-%EC%A1%B0%ED%98%95,%EC%A0%9C%EA%B8%B0_%EB%93%B1",미검토,미검토,목록만 확보,개별 파일 조건 미확인
물품,2020,시접반,시접반,시접반.glb,https://dh.aks.ac.kr/~hanyang/glb2/기명/시접반.glb,"https://dh.aks.ac.kr/hanyang2/wiki/index.php/2020_3D%EB%AA%A8%EB%8D%B8%EB%A7%81-%EC%A1%B0%ED%98%95,%EC%A0%9C%EA%B8%B0_%EB%93%B1",미검토,미검토,목록만 확보,개별 파일 조건 미확인
물품,2020,십장생병풍,십장생병풍,십장생병풍.glb,https://dh.aks.ac.kr/~hanyang/glb2/기명/십장생병풍.glb,"https://dh.aks.ac.kr/hanyang2/wiki/index.php/2020_3D%EB%AA%A8%EB%8D%B8%EB%A7%81-%EC%A1%B0%ED%98%95,%EC%A0%9C%EA%B8%B0_%EB%93%B1",미검토,미검토,목록만 확보,개별 파일 조건 미확인
물품,2020,옥대-玉臺,옥대,옥대(기명).glb,https://dh.aks.ac.kr/~hanyang/glb2/기명/옥대(기명).glb,"https://dh.aks.ac.kr/hanyang2/wiki/index.php/2020_3D%EB%AA%A8%EB%8D%B8%EB%A7%81-%EC%A1%B0%ED%98%95,%EC%A0%9C%EA%B8%B0_%EB%93%B1",미검토,미검토,목록만 확보,개별 파일 조건 미확인
물품,2020,옥배1,옥배-1,옥배-1.glb,https://dh.aks.ac.kr/~hanyang/glb2/기명/옥배-1.glb,"https://dh.aks.ac.kr/hanyang2/wiki/index.php/2020_3D%EB%AA%A8%EB%8D%B8%EB%A7%81-%EC%A1%B0%ED%98%95,%EC%A0%9C%EA%B8%B0_%EB%93%B1",미검토,미검토,목록만 확보,개별 파일 조건 미확인
물품,2020,옥배2,옥배-2,옥배-2.glb,https://dh.aks.ac.kr/~hanyang/glb2/기명/옥배-2.glb,"https://dh.aks.ac.kr/hanyang2/wiki/index.php/2020_3D%EB%AA%A8%EB%8D%B8%EB%A7%81-%EC%A1%B0%ED%98%95,%EC%A0%9C%EA%B8%B0_%EB%93%B1",미검토,미검토,목록만 확보,개별 파일 조건 미확인
물품,2020,옥배3,옥배-3,옥배-3.glb,https://dh.aks.ac.kr/~hanyang/glb2/기명/옥배-3.glb,"https://dh.aks.ac.kr/hanyang2/wiki/index.php/2020_3D%EB%AA%A8%EB%8D%B8%EB%A7%81-%EC%A1%B0%ED%98%95,%EC%A0%9C%EA%B8%B0_%EB%93%B1",미검토,미검토,목록만 확보,개별 파일 조건 미확인
물품,2020,옥배4,옥배-4,옥배-4.glb,https://dh.aks.ac.kr/~hanyang/glb2/기명/옥배-4.glb,"https://dh.aks.ac.kr/hanyang2/wiki/index.php/2020_3D%EB%AA%A8%EB%8D%B8%EB%A7%81-%EC%A1%B0%ED%98%95,%EC%A0%9C%EA%B8%B0_%EB%93%B1",미검토,미검토,목록만 확보,개별 파일 조건 미확인
물품,2020,왜반,왜반,왜반.glb,https://dh.aks.ac.kr/~hanyang/glb2/기명/왜반.glb,"https://dh.aks.ac.kr/hanyang2/wiki/index.php/2020_3D%EB%AA%A8%EB%8D%B8%EB%A7%81-%EC%A1%B0%ED%98%95,%EC%A0%9C%EA%B8%B0_%EB%93%B1",미검토,미검토,목록만 확보,개별 파일 조건 미확인
물품,2020,용준,용준,용준.glb,https://dh.aks.ac.kr/~hanyang/glb2/기명/용준.glb,"https://dh.aks.ac.kr/hanyang2/wiki/index.php/2020_3D%EB%AA%A8%EB%8D%B8%EB%A7%81-%EC%A1%B0%ED%98%95,%EC%A0%9C%EA%B8%B0_%EB%93%B1",미검토,미검토,목록만 확보,개별 파일 조건 미확인
물품,2020,용촉,용촉,용촉.glb,https://dh.aks.ac.kr/~hanyang/glb2/기명/용촉.glb,"https://dh.aks.ac.kr/hanyang2/wiki/index.php/2020_3D%EB%AA%A8%EB%8D%B8%EB%A7%81-%EC%A1%B0%ED%98%95,%EC%A0%9C%EA%B8%B0_%EB%93%B1",미검토,미검토,목록만 확보,개별 파일 조건 미확인
물품,2020,유대,유대,유대.glb,https://dh.aks.ac.kr/~hanyang/glb2/기명/유대.glb,"https://dh.aks.ac.kr/hanyang2/wiki/index.php/2020_3D%EB%AA%A8%EB%8D%B8%EB%A7%81-%EC%A1%B0%ED%98%95,%EC%A0%9C%EA%B8%B0_%EB%93%B1",미검토,미검토,목록만 확보,개별 파일 조건 미확인
물품,2020,유병,유병,유병.glb,https://dh.aks.ac.kr/~hanyang/glb2/기명/유병.glb,"https://dh.aks.ac.kr/hanyang2/wiki/index.php/2020_3D%EB%AA%A8%EB%8D%B8%EB%A7%81-%EC%A1%B0%ED%98%95,%EC%A0%9C%EA%B8%B0_%EB%93%B1",미검토,미검토,목록만 확보,개별 파일 조건 미확인
물품,2020,유오정배,유오정배,유오정배.glb,https://dh.aks.ac.kr/~hanyang/glb2/기명/유오정배.glb,"https://dh.aks.ac.kr/hanyang2/wiki/index.php/2020_3D%EB%AA%A8%EB%8D%B8%EB%A7%81-%EC%A1%B0%ED%98%95,%EC%A0%9C%EA%B8%B0_%EB%93%B1",미검토,미검토,목록만 확보,개별 파일 조건 미확인
물품,2020,유작,유작,유작.glb,https://dh.aks.ac.kr/~hanyang/glb2/기명/유작.glb,"https://dh.aks.ac.kr/hanyang2/wiki/index.php/2020_3D%EB%AA%A8%EB%8D%B8%EB%A7%81-%EC%A1%B0%ED%98%95,%EC%A0%9C%EA%B8%B0_%EB%93%B1",미검토,미검토,목록만 확보,개별 파일 조건 미확인
물품,2020,은교의,은교의,은교의.glb,https://dh.aks.ac.kr/~hanyang/glb2/기명/은교의.glb,"https://dh.aks.ac.kr/hanyang2/wiki/index.php/2020_3D%EB%AA%A8%EB%8D%B8%EB%A7%81-%EC%A1%B0%ED%98%95,%EC%A0%9C%EA%B8%B0_%EB%93%B1",미검토,미검토,목록만 확보,개별 파일 조건 미확인
물품,2020,은다관,은다관,은다관.glb,https://dh.aks.ac.kr/~hanyang/glb2/기명/은다관.glb,"https://dh.aks.ac.kr/hanyang2/wiki/index.php/2020_3D%EB%AA%A8%EB%8D%B8%EB%A7%81-%EC%A1%B0%ED%98%95,%EC%A0%9C%EA%B8%B0_%EB%93%B1",미검토,미검토,목록만 확보,개별 파일 조건 미확인
물품,2020,은대,은대,은대.glb,https://dh.aks.ac.kr/~hanyang/glb2/기명/은대.glb,"https://dh.aks.ac.kr/hanyang2/wiki/index.php/2020_3D%EB%AA%A8%EB%8D%B8%EB%A7%81-%EC%A1%B0%ED%98%95,%EC%A0%9C%EA%B8%B0_%EB%93%B1",미검토,미검토,목록만 확보,개별 파일 조건 미확인
물품,2020,은도금대,은도금대-3,은도금대.glb,https://dh.aks.ac.kr/~hanyang/glb2/기명/은도금대.glb,"https://dh.aks.ac.kr/hanyang2/wiki/index.php/2020_3D%EB%AA%A8%EB%8D%B8%EB%A7%81-%EC%A1%B0%ED%98%95,%EC%A0%9C%EA%B8%B0_%EB%93%B1",미검토,미검토,목록만 확보,개별 파일 조건 미확인
물품,2020,은도금만수배,은도금만수배,은도금만수배.glb,https://dh.aks.ac.kr/~hanyang/glb2/기명/은도금만수배.glb,"https://dh.aks.ac.kr/hanyang2/wiki/index.php/2020_3D%EB%AA%A8%EB%8D%B8%EB%A7%81-%EC%A1%B0%ED%98%95,%EC%A0%9C%EA%B8%B0_%EB%93%B1",미검토,미검토,목록만 확보,개별 파일 조건 미확인
물품,2020,은도금배1,은도금배-1,은도금배-1.glb,https://dh.aks.ac.kr/~hanyang/glb2/기명/은도금배-1.glb,"https://dh.aks.ac.kr/hanyang2/wiki/index.php/2020_3D%EB%AA%A8%EB%8D%B8%EB%A7%81-%EC%A1%B0%ED%98%95,%EC%A0%9C%EA%B8%B0_%EB%93%B1",미검토,미검토,목록만 확보,개별 파일 조건 미확인
물품,2020,은도금배2,은도금배-2,은도금배-2.glb,https://dh.aks.ac.kr/~hanyang/glb2/기명/은도금배-2.glb,"https://dh.aks.ac.kr/hanyang2/wiki/index.php/2020_3D%EB%AA%A8%EB%8D%B8%EB%A7%81-%EC%A1%B0%ED%98%95,%EC%A0%9C%EA%B8%B0_%EB%93%B1",미검토,미검토,목록만 확보,개별 파일 조건 미확인
물품,2020,은도금일월병,은도금일월병,은도금일월병.glb,https://dh.aks.ac.kr/~hanyang/glb2/기명/은도금일월병.glb,"https://dh.aks.ac.kr/hanyang2/wiki/index.php/2020_3D%EB%AA%A8%EB%8D%B8%EB%A7%81-%EC%A1%B0%ED%98%95,%EC%A0%9C%EA%B8%B0_%EB%93%B1",미검토,미검토,목록만 확보,개별 파일 조건 미확인
물품,2020,은도금포도엽대,은도금포도엽대,은도금포도엽대.glb,https://dh.aks.ac.kr/~hanyang/glb2/기명/은도금포도엽대.glb,"https://dh.aks.ac.kr/hanyang2/wiki/index.php/2020_3D%EB%AA%A8%EB%8D%B8%EB%A7%81-%EC%A1%B0%ED%98%95,%EC%A0%9C%EA%B8%B0_%EB%93%B1",미검토,미검토,목록만 확보,개별 파일 조건 미확인
물품,2020,은병,은병,은병.glb,https://dh.aks.ac.kr/~hanyang/glb2/기명/은병.glb,"https://dh.aks.ac.kr/hanyang2/wiki/index.php/2020_3D%EB%AA%A8%EB%8D%B8%EB%A7%81-%EC%A1%B0%ED%98%95,%EC%A0%9C%EA%B8%B0_%EB%93%B1",미검토,미검토,목록만 확보,개별 파일 조건 미확인
물품,2020,은시접,은시접,은시접.glb,https://dh.aks.ac.kr/~hanyang/glb2/기명/은시접.glb,"https://dh.aks.ac.kr/hanyang2/wiki/index.php/2020_3D%EB%AA%A8%EB%8D%B8%EB%A7%81-%EC%A1%B0%ED%98%95,%EC%A0%9C%EA%B8%B0_%EB%93%B1",미검토,미검토,목록만 확보,개별 파일 조건 미확인
물품,2020,은오정배,은오정배,은오정배.glb,https://dh.aks.ac.kr/~hanyang/glb2/기명/은오정배.glb,"https://dh.aks.ac.kr/hanyang2/wiki/index.php/2020_3D%EB%AA%A8%EB%8D%B8%EB%A7%81-%EC%A1%B0%ED%98%95,%EC%A0%9C%EA%B8%B0_%EB%93%B1",미검토,미검토,목록만 확보,개별 파일 조건 미확인
물품,2020,은작,은작,은작.glb,https://dh.aks.ac.kr/~hanyang/glb2/기명/은작.glb,"https://dh.aks.ac.kr/hanyang2/wiki/index.php/2020_3D%EB%AA%A8%EB%8D%B8%EB%A7%81-%EC%A1%B0%ED%98%95,%EC%A0%9C%EA%B8%B0_%EB%93%B1",미검토,미검토,목록만 확보,개별 파일 조건 미확인
물품,2020,은저,은저,은저.glb,https://dh.aks.ac.kr/~hanyang/glb2/기명/은저.glb,"https://dh.aks.ac.kr/hanyang2/wiki/index.php/2020_3D%EB%AA%A8%EB%8D%B8%EB%A7%81-%EC%A1%B0%ED%98%95,%EC%A0%9C%EA%B8%B0_%EB%93%B1",미검토,미검토,목록만 확보,개별 파일 조건 미확인
물품,2020,조각대원반,조각대원반,조각대원반.glb,https://dh.aks.ac.kr/~hanyang/glb2/기명/조각대원반.glb,"https://dh.aks.ac.kr/hanyang2/wiki/index.php/2020_3D%EB%AA%A8%EB%8D%B8%EB%A7%81-%EC%A1%B0%ED%98%95,%EC%A0%9C%EA%B8%B0_%EB%93%B1",미검토,미검토,목록만 확보,개별 파일 조건 미확인
물품,2020,주정,주정,주정.glb,https://dh.aks.ac.kr/~hanyang/glb2/기명/주정.glb,"https://dh.aks.ac.kr/hanyang2/wiki/index.php/2020_3D%EB%AA%A8%EB%8D%B8%EB%A7%81-%EC%A1%B0%ED%98%95,%EC%A0%9C%EA%B8%B0_%EB%93%B1",미검토,미검토,목록만 확보,개별 파일 조건 미확인
물품,2020,준화기,준화기,준화기.glb,https://dh.aks.ac.kr/~hanyang/glb2/기명/준화기.glb,"https://dh.aks.ac.kr/hanyang2/wiki/index.php/2020_3D%EB%AA%A8%EB%8D%B8%EB%A7%81-%EC%A1%B0%ED%98%95,%EC%A0%9C%EA%B8%B0_%EB%93%B1",미검토,미검토,목록만 확보,개별 파일 조건 미확인
물품,2020,지당판,지당판,지당판.glb,https://dh.aks.ac.kr/~hanyang/glb2/기명/지당판.glb,"https://dh.aks.ac.kr/hanyang2/wiki/index.php/2020_3D%EB%AA%A8%EB%8D%B8%EB%A7%81-%EC%A1%B0%ED%98%95,%EC%A0%9C%EA%B8%B0_%EB%93%B1",미검토,미검토,목록만 확보,개별 파일 조건 미확인
물품,2020,촉대,촉대,촉대.glb,https://dh.aks.ac.kr/~hanyang/glb2/기명/촉대.glb,"https://dh.aks.ac.kr/hanyang2/wiki/index.php/2020_3D%EB%AA%A8%EB%8D%B8%EB%A7%81-%EC%A1%B0%ED%98%95,%EC%A0%9C%EA%B8%B0_%EB%93%B1",미검토,미검토,목록만 확보,개별 파일 조건 미확인
물품,2020,촉대부,촉대부,촉대부.glb,https://dh.aks.ac.kr/~hanyang/glb2/기명/촉대부.glb,"https://dh.aks.ac.kr/hanyang2/wiki/index.php/2020_3D%EB%AA%A8%EB%8D%B8%EB%A7%81-%EC%A1%B0%ED%98%95,%EC%A0%9C%EA%B8%B0_%EB%93%B1",미검토,미검토,목록만 확보,개별 파일 조건 미확인
물품,2020,표피방석,표피방석,표피방석.glb,https://dh.aks.ac.kr/~hanyang/glb2/기명/표피방석.glb,"https://dh.aks.ac.kr/hanyang2/wiki/index.php/2020_3D%EB%AA%A8%EB%8D%B8%EB%A7%81-%EC%A1%B0%ED%98%95,%EC%A0%9C%EA%B8%B0_%EB%93%B1",미검토,미검토,목록만 확보,개별 파일 조건 미확인
물품,2020,향꽂이,향곶이,향꽂이.glb,https://dh.aks.ac.kr/~hanyang/glb2/기명/향꽂이.glb,"https://dh.aks.ac.kr/hanyang2/wiki/index.php/2020_3D%EB%AA%A8%EB%8D%B8%EB%A7%81-%EC%A1%B0%ED%98%95,%EC%A0%9C%EA%B8%B0_%EB%93%B1",미검토,미검토,목록만 확보,개별 파일 조건 미확인
물품,2020,향좌아,향좌아,향좌아.glb,https://dh.aks.ac.kr/~hanyang/glb2/기명/향좌아.glb,"https://dh.aks.ac.kr/hanyang2/wiki/index.php/2020_3D%EB%AA%A8%EB%8D%B8%EB%A7%81-%EC%A1%B0%ED%98%95,%EC%A0%9C%EA%B8%B0_%EB%93%B1",미검토,미검토,목록만 확보,개별 파일 조건 미확인
물품,2020,은시접보,은시접보,은시접보.glb,https://dh.aks.ac.kr/~hanyang/glb2/기물/은시접보.glb,"https://dh.aks.ac.kr/hanyang2/wiki/index.php/2020_3D%EB%AA%A8%EB%8D%B8%EB%A7%81-%EC%A1%B0%ED%98%95,%EC%A0%9C%EA%B8%B0_%EB%93%B1",미검토,미검토,목록만 확보,개별 파일 조건 미확인
물품,2020,주렴,주렴,주렴.glb,https://dh.aks.ac.kr/~hanyang/glb2/물품/주렴.glb,"https://dh.aks.ac.kr/hanyang2/wiki/index.php/2020_3D%EB%AA%A8%EB%8D%B8%EB%A7%81-%EC%A1%B0%ED%98%95,%EC%A0%9C%EA%B8%B0_%EB%93%B1",미검토,미검토,목록만 확보,개별 파일 조건 미확인
물품,2020,화준,화준,화준.glb,https://dh.aks.ac.kr/~hanyang/glb2/물품/화준.glb,"https://dh.aks.ac.kr/hanyang2/wiki/index.php/2020_3D%EB%AA%A8%EB%8D%B8%EB%A7%81-%EC%A1%B0%ED%98%95,%EC%A0%9C%EA%B8%B0_%EB%93%B1",미검토,미검토,목록만 확보,개별 파일 조건 미확인
물품,2020,인인장,인인장,인인장.glb,https://dh.aks.ac.kr/~hanyang/glb2/의장/인인장.glb,"https://dh.aks.ac.kr/hanyang2/wiki/index.php/2020_3D%EB%AA%A8%EB%8D%B8%EB%A7%81-%EC%A1%B0%ED%98%95,%EC%A0%9C%EA%B8%B0_%EB%93%B1",미검토,미검토,목록만 확보,개별 파일 조건 미확인
물품,2020,정절,정절,정절.glb,https://dh.aks.ac.kr/~hanyang/glb2/의장/정절.glb,"https://dh.aks.ac.kr/hanyang2/wiki/index.php/2020_3D%EB%AA%A8%EB%8D%B8%EB%A7%81-%EC%A1%B0%ED%98%95,%EC%A0%9C%EA%B8%B0_%EB%93%B1",미검토,미검토,목록만 확보,개별 파일 조건 미확인
물품,2020,조촉,조촉,조촉.glb,https://dh.aks.ac.kr/~hanyang/glb2/의장/조촉.glb,"https://dh.aks.ac.kr/hanyang2/wiki/index.php/2020_3D%EB%AA%A8%EB%8D%B8%EB%A7%81-%EC%A1%B0%ED%98%95,%EC%A0%9C%EA%B8%B0_%EB%93%B1",미검토,미검토,목록만 확보,개별 파일 조건 미확인
물품,2020,죽간자,죽간자,죽간자.glb,https://dh.aks.ac.kr/~hanyang/glb2/의장/죽간자.glb,"https://dh.aks.ac.kr/hanyang2/wiki/index.php/2020_3D%EB%AA%A8%EB%8D%B8%EB%A7%81-%EC%A1%B0%ED%98%95,%EC%A0%9C%EA%B8%B0_%EB%93%B1",미검토,미검토,목록만 확보,개별 파일 조건 미확인
물품,2020,황개,황개,황개.glb,https://dh.aks.ac.kr/~hanyang/glb2/의장/황개.glb,"https://dh.aks.ac.kr/hanyang2/wiki/index.php/2020_3D%EB%AA%A8%EB%8D%B8%EB%A7%81-%EC%A1%B0%ED%98%95,%EC%A0%9C%EA%B8%B0_%EB%93%B1",미검토,미검토,목록만 확보,개별 파일 조건 미확인
